[2026-03-06 13:51:39] production.ERROR: SQLSTATE[42S22]: Column not found: 1054 Unknown column 'active' in 'where clause' (Connection: mysql, SQL: select * from `posts` where `active` = 1 and date(`published_at`) < 2026-03-06 order by `published_at` desc limit 1) {"exception":"[object] (Illuminate\\Database\\QueryException(code: 42S22): SQLSTATE[42S22]: Column not found: 1054 Unknown column 'active' in 'where clause' (Connection: mysql, SQL: select * from `posts` where `active` = 1 and date(`published_at`) < 2026-03-06 order by `published_at` desc limit 1) at /opt/lampp/htdocs/wireless/vendor/laravel/framework/src/Illuminate/Database/Connection.php:822)
[stacktrace]
#0 /opt/lampp/htdocs/wireless/vendor/laravel/framework/src/Illuminate/Database/Connection.php(776): Illuminate\\Database\\Connection->runQueryCallback()
#1 /opt/lampp/htdocs/wireless/vendor/laravel/framework/src/Illuminate/Database/Connection.php(407): Illuminate\\Database\\Connection->run()
#2 /opt/lampp/htdocs/wireless/vendor/laravel/framework/src/Illuminate/Database/Query/Builder.php(2751): Illuminate\\Database\\Connection->select()
#3 /opt/lampp/htdocs/wireless/vendor/laravel/framework/src/Illuminate/Database/Query/Builder.php(2740): Illuminate\\Database\\Query\\Builder->runSelect()
#4 /opt/lampp/htdocs/wireless/vendor/laravel/framework/src/Illuminate/Database/Query/Builder.php(3294): Illuminate\\Database\\Query\\Builder->Illuminate\\Database\\Query\\{closure}()
#5 /opt/lampp/htdocs/wireless/vendor/laravel/framework/src/Illuminate/Database/Query/Builder.php(2739): Illuminate\\Database\\Query\\Builder->onceWithColumns()
#6 /opt/lampp/htdocs/wireless/vendor/laravel/framework/src/Illuminate/Database/Eloquent/Builder.php(737): Illuminate\\Database\\Query\\Builder->get()
#7 /opt/lampp/htdocs/wireless/vendor/laravel/framework/src/Illuminate/Database/Eloquent/Builder.php(721): Illuminate\\Database\\Eloquent\\Builder->getModels()
#8 /opt/lampp/htdocs/wireless/vendor/laravel/framework/src/Illuminate/Database/Concerns/BuildsQueries.php(333): Illuminate\\Database\\Eloquent\\Builder->get()
#9 /opt/lampp/htdocs/wireless/app/Http/Controllers/PostController.php(28): Illuminate\\Database\\Eloquent\\Builder->first()
#10 /opt/lampp/htdocs/wireless/vendor/laravel/framework/src/Illuminate/Routing/Controller.php(54): App\\Http\\Controllers\\PostController->home()
#11 /opt/lampp/htdocs/wireless/vendor/laravel/framework/src/Illuminate/Routing/ControllerDispatcher.php(43): Illuminate\\Routing\\Controller->callAction()
#12 /opt/lampp/htdocs/wireless/vendor/laravel/framework/src/Illuminate/Routing/Route.php(259): Illuminate\\Routing\\ControllerDispatcher->dispatch()
#13 /opt/lampp/htdocs/wireless/vendor/laravel/framework/src/Illuminate/Routing/Route.php(205): Illuminate\\Routing\\Route->runController()
#14 /opt/lampp/htdocs/wireless/vendor/laravel/framework/src/Illuminate/Routing/Router.php(806): Illuminate\\Routing\\Route->run()
#15 /opt/lampp/htdocs/wireless/vendor/laravel/framework/src/Illuminate/Pipeline/Pipeline.php(144): Illuminate\\Routing\\Router->Illuminate\\Routing\\{closure}()
#16 /opt/lampp/htdocs/wireless/vendor/laravel/framework/src/Illuminate/Routing/Middleware/SubstituteBindings.php(50): Illuminate\\Pipeline\\Pipeline->Illuminate\\Pipeline\\{closure}()
#17 /opt/lampp/htdocs/wireless/vendor/laravel/framework/src/Illuminate/Pipeline/Pipeline.php(183): Illuminate\\Routing\\Middleware\\SubstituteBindings->handle()
#18 /opt/lampp/htdocs/wireless/vendor/laravel/framework/src/Illuminate/Foundation/Http/Middleware/VerifyCsrfToken.php(78): Illuminate\\Pipeline\\Pipeline->Illuminate\\Pipeline\\{closure}()
#19 /opt/lampp/htdocs/wireless/vendor/laravel/framework/src/Illuminate/Pipeline/Pipeline.php(183): Illuminate\\Foundation\\Http\\Middleware\\VerifyCsrfToken->handle()
#20 /opt/lampp/htdocs/wireless/vendor/laravel/framework/src/Illuminate/View/Middleware/ShareErrorsFromSession.php(49): Illuminate\\Pipeline\\Pipeline->Illuminate\\Pipeline\\{closure}()
#21 /opt/lampp/htdocs/wireless/vendor/laravel/framework/src/Illuminate/Pipeline/Pipeline.php(183): Illuminate\\View\\Middleware\\ShareErrorsFromSession->handle()
#22 /opt/lampp/htdocs/wireless/vendor/laravel/framework/src/Illuminate/Session/Middleware/StartSession.php(121): Illuminate\\Pipeline\\Pipeline->Illuminate\\Pipeline\\{closure}()
#23 /opt/lampp/htdocs/wireless/vendor/laravel/framework/src/Illuminate/Session/Middleware/StartSession.php(64): Illuminate\\Session\\Middleware\\StartSession->handleStatefulRequest()
#24 /opt/lampp/htdocs/wireless/vendor/laravel/framework/src/Illuminate/Pipeline/Pipeline.php(183): Illuminate\\Session\\Middleware\\StartSession->handle()
#25 /opt/lampp/htdocs/wireless/vendor/laravel/framework/src/Illuminate/Cookie/Middleware/AddQueuedCookiesToResponse.php(37): Illuminate\\Pipeline\\Pipeline->Illuminate\\Pipeline\\{closure}()
#26 /opt/lampp/htdocs/wireless/vendor/laravel/framework/src/Illuminate/Pipeline/Pipeline.php(183): Illuminate\\Cookie\\Middleware\\AddQueuedCookiesToResponse->handle()
#27 /opt/lampp/htdocs/wireless/vendor/laravel/framework/src/Illuminate/Cookie/Middleware/EncryptCookies.php(67): Illuminate\\Pipeline\\Pipeline->Illuminate\\Pipeline\\{closure}()
#28 /opt/lampp/htdocs/wireless/vendor/laravel/framework/src/Illuminate/Pipeline/Pipeline.php(183): Illuminate\\Cookie\\Middleware\\EncryptCookies->handle()
#29 /opt/lampp/htdocs/wireless/vendor/laravel/framework/src/Illuminate/Pipeline/Pipeline.php(119): Illuminate\\Pipeline\\Pipeline->Illuminate\\Pipeline\\{closure}()
#30 /opt/lampp/htdocs/wireless/vendor/laravel/framework/src/Illuminate/Routing/Router.php(805): Illuminate\\Pipeline\\Pipeline->then()
#31 /opt/lampp/htdocs/wireless/vendor/laravel/framework/src/Illuminate/Routing/Router.php(784): Illuminate\\Routing\\Router->runRouteWithinStack()
#32 /opt/lampp/htdocs/wireless/vendor/laravel/framework/src/Illuminate/Routing/Router.php(748): Illuminate\\Routing\\Router->runRoute()
#33 /opt/lampp/htdocs/wireless/vendor/laravel/framework/src/Illuminate/Routing/Router.php(737): Illuminate\\Routing\\Router->dispatchToRoute()
#34 /opt/lampp/htdocs/wireless/vendor/laravel/framework/src/Illuminate/Foundation/Http/Kernel.php(200): Illuminate\\Routing\\Router->dispatch()
#35 /opt/lampp/htdocs/wireless/vendor/laravel/framework/src/Illuminate/Pipeline/Pipeline.php(144): Illuminate\\Foundation\\Http\\Kernel->Illuminate\\Foundation\\Http\\{closure}()
#36 /opt/lampp/htdocs/wireless/vendor/livewire/livewire/src/Features/SupportDisablingBackButtonCache/DisableBackButtonCacheMiddleware.php(19): Illuminate\\Pipeline\\Pipeline->Illuminate\\Pipeline\\{closure}()
#37 /opt/lampp/htdocs/wireless/vendor/laravel/framework/src/Illuminate/Pipeline/Pipeline.php(183): Livewire\\Features\\SupportDisablingBackButtonCache\\DisableBackButtonCacheMiddleware->handle()
#38 /opt/lampp/htdocs/wireless/vendor/laravel/framework/src/Illuminate/Foundation/Http/Middleware/TransformsRequest.php(21): Illuminate\\Pipeline\\Pipeline->Illuminate\\Pipeline\\{closure}()
#39 /opt/lampp/htdocs/wireless/vendor/laravel/framework/src/Illuminate/Foundation/Http/Middleware/ConvertEmptyStringsToNull.php(31): Illuminate\\Foundation\\Http\\Middleware\\TransformsRequest->handle()
#40 /opt/lampp/htdocs/wireless/vendor/laravel/framework/src/Illuminate/Pipeline/Pipeline.php(183): Illuminate\\Foundation\\Http\\Middleware\\ConvertEmptyStringsToNull->handle()
#41 /opt/lampp/htdocs/wireless/vendor/laravel/framework/src/Illuminate/Foundation/Http/Middleware/TransformsRequest.php(21): Illuminate\\Pipeline\\Pipeline->Illuminate\\Pipeline\\{closure}()
#42 /opt/lampp/htdocs/wireless/vendor/laravel/framework/src/Illuminate/Foundation/Http/Middleware/TrimStrings.php(40): Illuminate\\Foundation\\Http\\Middleware\\TransformsRequest->handle()
#43 /opt/lampp/htdocs/wireless/vendor/laravel/framework/src/Illuminate/Pipeline/Pipeline.php(183): Illuminate\\Foundation\\Http\\Middleware\\TrimStrings->handle()
#44 /opt/lampp/htdocs/wireless/vendor/laravel/framework/src/Illuminate/Foundation/Http/Middleware/ValidatePostSize.php(27): Illuminate\\Pipeline\\Pipeline->Illuminate\\Pipeline\\{closure}()
#45 /opt/lampp/htdocs/wireless/vendor/laravel/framework/src/Illuminate/Pipeline/Pipeline.php(183): Illuminate\\Foundation\\Http\\Middleware\\ValidatePostSize->handle()
#46 /opt/lampp/htdocs/wireless/vendor/laravel/framework/src/Illuminate/Foundation/Http/Middleware/PreventRequestsDuringMaintenance.php(99): Illuminate\\Pipeline\\Pipeline->Illuminate\\Pipeline\\{closure}()
#47 /opt/lampp/htdocs/wireless/vendor/laravel/framework/src/Illuminate/Pipeline/Pipeline.php(183): Illuminate\\Foundation\\Http\\Middleware\\PreventRequestsDuringMaintenance->handle()
#48 /opt/lampp/htdocs/wireless/vendor/laravel/framework/src/Illuminate/Http/Middleware/HandleCors.php(49): Illuminate\\Pipeline\\Pipeline->Illuminate\\Pipeline\\{closure}()
#49 /opt/lampp/htdocs/wireless/vendor/laravel/framework/src/Illuminate/Pipeline/Pipeline.php(183): Illuminate\\Http\\Middleware\\HandleCors->handle()
#50 /opt/lampp/htdocs/wireless/vendor/laravel/framework/src/Illuminate/Http/Middleware/TrustProxies.php(39): Illuminate\\Pipeline\\Pipeline->Illuminate\\Pipeline\\{closure}()
#51 /opt/lampp/htdocs/wireless/vendor/laravel/framework/src/Illuminate/Pipeline/Pipeline.php(183): Illuminate\\Http\\Middleware\\TrustProxies->handle()
#52 /opt/lampp/htdocs/wireless/vendor/laravel/framework/src/Illuminate/Pipeline/Pipeline.php(119): Illuminate\\Pipeline\\Pipeline->Illuminate\\Pipeline\\{closure}()
#53 /opt/lampp/htdocs/wireless/vendor/laravel/framework/src/Illuminate/Foundation/Http/Kernel.php(175): Illuminate\\Pipeline\\Pipeline->then()
#54 /opt/lampp/htdocs/wireless/vendor/laravel/framework/src/Illuminate/Foundation/Http/Kernel.php(144): Illuminate\\Foundation\\Http\\Kernel->sendRequestThroughRouter()
#55 /opt/lampp/htdocs/wireless/public/index.php(51): Illuminate\\Foundation\\Http\\Kernel->handle()
#56 /opt/lampp/htdocs/wireless/vendor/laravel/framework/src/Illuminate/Foundation/resources/server.php(16): require_once('...')
#57 {main}

[previous exception] [object] (PDOException(code: 42S22): SQLSTATE[42S22]: Column not found: 1054 Unknown column 'active' in 'where clause' at /opt/lampp/htdocs/wireless/vendor/laravel/framework/src/Illuminate/Database/Connection.php:416)
[stacktrace]
#0 /opt/lampp/htdocs/wireless/vendor/laravel/framework/src/Illuminate/Database/Connection.php(416): PDO->prepare()
#1 /opt/lampp/htdocs/wireless/vendor/laravel/framework/src/Illuminate/Database/Connection.php(809): Illuminate\\Database\\Connection->Illuminate\\Database\\{closure}()
#2 /opt/lampp/htdocs/wireless/vendor/laravel/framework/src/Illuminate/Database/Connection.php(776): Illuminate\\Database\\Connection->runQueryCallback()
#3 /opt/lampp/htdocs/wireless/vendor/laravel/framework/src/Illuminate/Database/Connection.php(407): Illuminate\\Database\\Connection->run()
#4 /opt/lampp/htdocs/wireless/vendor/laravel/framework/src/Illuminate/Database/Query/Builder.php(2751): Illuminate\\Database\\Connection->select()
#5 /opt/lampp/htdocs/wireless/vendor/laravel/framework/src/Illuminate/Database/Query/Builder.php(2740): Illuminate\\Database\\Query\\Builder->runSelect()
#6 /opt/lampp/htdocs/wireless/vendor/laravel/framework/src/Illuminate/Database/Query/Builder.php(3294): Illuminate\\Database\\Query\\Builder->Illuminate\\Database\\Query\\{closure}()
#7 /opt/lampp/htdocs/wireless/vendor/laravel/framework/src/Illuminate/Database/Query/Builder.php(2739): Illuminate\\Database\\Query\\Builder->onceWithColumns()
#8 /opt/lampp/htdocs/wireless/vendor/laravel/framework/src/Illuminate/Database/Eloquent/Builder.php(737): Illuminate\\Database\\Query\\Builder->get()
#9 /opt/lampp/htdocs/wireless/vendor/laravel/framework/src/Illuminate/Database/Eloquent/Builder.php(721): Illuminate\\Database\\Eloquent\\Builder->getModels()
#10 /opt/lampp/htdocs/wireless/vendor/laravel/framework/src/Illuminate/Database/Concerns/BuildsQueries.php(333): Illuminate\\Database\\Eloquent\\Builder->get()
#11 /opt/lampp/htdocs/wireless/app/Http/Controllers/PostController.php(28): Illuminate\\Database\\Eloquent\\Builder->first()
#12 /opt/lampp/htdocs/wireless/vendor/laravel/framework/src/Illuminate/Routing/Controller.php(54): App\\Http\\Controllers\\PostController->home()
#13 /opt/lampp/htdocs/wireless/vendor/laravel/framework/src/Illuminate/Routing/ControllerDispatcher.php(43): Illuminate\\Routing\\Controller->callAction()
#14 /opt/lampp/htdocs/wireless/vendor/laravel/framework/src/Illuminate/Routing/Route.php(259): Illuminate\\Routing\\ControllerDispatcher->dispatch()
#15 /opt/lampp/htdocs/wireless/vendor/laravel/framework/src/Illuminate/Routing/Route.php(205): Illuminate\\Routing\\Route->runController()
#16 /opt/lampp/htdocs/wireless/vendor/laravel/framework/src/Illuminate/Routing/Router.php(806): Illuminate\\Routing\\Route->run()
#17 /opt/lampp/htdocs/wireless/vendor/laravel/framework/src/Illuminate/Pipeline/Pipeline.php(144): Illuminate\\Routing\\Router->Illuminate\\Routing\\{closure}()
#18 /opt/lampp/htdocs/wireless/vendor/laravel/framework/src/Illuminate/Routing/Middleware/SubstituteBindings.php(50): Illuminate\\Pipeline\\Pipeline->Illuminate\\Pipeline\\{closure}()
#19 /opt/lampp/htdocs/wireless/vendor/laravel/framework/src/Illuminate/Pipeline/Pipeline.php(183): Illuminate\\Routing\\Middleware\\SubstituteBindings->handle()
#20 /opt/lampp/htdocs/wireless/vendor/laravel/framework/src/Illuminate/Foundation/Http/Middleware/VerifyCsrfToken.php(78): Illuminate\\Pipeline\\Pipeline->Illuminate\\Pipeline\\{closure}()
#21 /opt/lampp/htdocs/wireless/vendor/laravel/framework/src/Illuminate/Pipeline/Pipeline.php(183): Illuminate\\Foundation\\Http\\Middleware\\VerifyCsrfToken->handle()
#22 /opt/lampp/htdocs/wireless/vendor/laravel/framework/src/Illuminate/View/Middleware/ShareErrorsFromSession.php(49): Illuminate\\Pipeline\\Pipeline->Illuminate\\Pipeline\\{closure}()
#23 /opt/lampp/htdocs/wireless/vendor/laravel/framework/src/Illuminate/Pipeline/Pipeline.php(183): Illuminate\\View\\Middleware\\ShareErrorsFromSession->handle()
#24 /opt/lampp/htdocs/wireless/vendor/laravel/framework/src/Illuminate/Session/Middleware/StartSession.php(121): Illuminate\\Pipeline\\Pipeline->Illuminate\\Pipeline\\{closure}()
#25 /opt/lampp/htdocs/wireless/vendor/laravel/framework/src/Illuminate/Session/Middleware/StartSession.php(64): Illuminate\\Session\\Middleware\\StartSession->handleStatefulRequest()
#26 /opt/lampp/htdocs/wireless/vendor/laravel/framework/src/Illuminate/Pipeline/Pipeline.php(183): Illuminate\\Session\\Middleware\\StartSession->handle()
#27 /opt/lampp/htdocs/wireless/vendor/laravel/framework/src/Illuminate/Cookie/Middleware/AddQueuedCookiesToResponse.php(37): Illuminate\\Pipeline\\Pipeline->Illuminate\\Pipeline\\{closure}()
#28 /opt/lampp/htdocs/wireless/vendor/laravel/framework/src/Illuminate/Pipeline/Pipeline.php(183): Illuminate\\Cookie\\Middleware\\AddQueuedCookiesToResponse->handle()
#29 /opt/lampp/htdocs/wireless/vendor/laravel/framework/src/Illuminate/Cookie/Middleware/EncryptCookies.php(67): Illuminate\\Pipeline\\Pipeline->Illuminate\\Pipeline\\{closure}()
#30 /opt/lampp/htdocs/wireless/vendor/laravel/framework/src/Illuminate/Pipeline/Pipeline.php(183): Illuminate\\Cookie\\Middleware\\EncryptCookies->handle()
#31 /opt/lampp/htdocs/wireless/vendor/laravel/framework/src/Illuminate/Pipeline/Pipeline.php(119): Illuminate\\Pipeline\\Pipeline->Illuminate\\Pipeline\\{closure}()
#32 /opt/lampp/htdocs/wireless/vendor/laravel/framework/src/Illuminate/Routing/Router.php(805): Illuminate\\Pipeline\\Pipeline->then()
#33 /opt/lampp/htdocs/wireless/vendor/laravel/framework/src/Illuminate/Routing/Router.php(784): Illuminate\\Routing\\Router->runRouteWithinStack()
#34 /opt/lampp/htdocs/wireless/vendor/laravel/framework/src/Illuminate/Routing/Router.php(748): Illuminate\\Routing\\Router->runRoute()
#35 /opt/lampp/htdocs/wireless/vendor/laravel/framework/src/Illuminate/Routing/Router.php(737): Illuminate\\Routing\\Router->dispatchToRoute()
#36 /opt/lampp/htdocs/wireless/vendor/laravel/framework/src/Illuminate/Foundation/Http/Kernel.php(200): Illuminate\\Routing\\Router->dispatch()
#37 /opt/lampp/htdocs/wireless/vendor/laravel/framework/src/Illuminate/Pipeline/Pipeline.php(144): Illuminate\\Foundation\\Http\\Kernel->Illuminate\\Foundation\\Http\\{closure}()
#38 /opt/lampp/htdocs/wireless/vendor/livewire/livewire/src/Features/SupportDisablingBackButtonCache/DisableBackButtonCacheMiddleware.php(19): Illuminate\\Pipeline\\Pipeline->Illuminate\\Pipeline\\{closure}()
#39 /opt/lampp/htdocs/wireless/vendor/laravel/framework/src/Illuminate/Pipeline/Pipeline.php(183): Livewire\\Features\\SupportDisablingBackButtonCache\\DisableBackButtonCacheMiddleware->handle()
#40 /opt/lampp/htdocs/wireless/vendor/laravel/framework/src/Illuminate/Foundation/Http/Middleware/TransformsRequest.php(21): Illuminate\\Pipeline\\Pipeline->Illuminate\\Pipeline\\{closure}()
#41 /opt/lampp/htdocs/wireless/vendor/laravel/framework/src/Illuminate/Foundation/Http/Middleware/ConvertEmptyStringsToNull.php(31): Illuminate\\Foundation\\Http\\Middleware\\TransformsRequest->handle()
#42 /opt/lampp/htdocs/wireless/vendor/laravel/framework/src/Illuminate/Pipeline/Pipeline.php(183): Illuminate\\Foundation\\Http\\Middleware\\ConvertEmptyStringsToNull->handle()
#43 /opt/lampp/htdocs/wireless/vendor/laravel/framework/src/Illuminate/Foundation/Http/Middleware/TransformsRequest.php(21): Illuminate\\Pipeline\\Pipeline->Illuminate\\Pipeline\\{closure}()
#44 /opt/lampp/htdocs/wireless/vendor/laravel/framework/src/Illuminate/Foundation/Http/Middleware/TrimStrings.php(40): Illuminate\\Foundation\\Http\\Middleware\\TransformsRequest->handle()
#45 /opt/lampp/htdocs/wireless/vendor/laravel/framework/src/Illuminate/Pipeline/Pipeline.php(183): Illuminate\\Foundation\\Http\\Middleware\\TrimStrings->handle()
#46 /opt/lampp/htdocs/wireless/vendor/laravel/framework/src/Illuminate/Foundation/Http/Middleware/ValidatePostSize.php(27): Illuminate\\Pipeline\\Pipeline->Illuminate\\Pipeline\\{closure}()
#47 /opt/lampp/htdocs/wireless/vendor/laravel/framework/src/Illuminate/Pipeline/Pipeline.php(183): Illuminate\\Foundation\\Http\\Middleware\\ValidatePostSize->handle()
#48 /opt/lampp/htdocs/wireless/vendor/laravel/framework/src/Illuminate/Foundation/Http/Middleware/PreventRequestsDuringMaintenance.php(99): Illuminate\\Pipeline\\Pipeline->Illuminate\\Pipeline\\{closure}()
#49 /opt/lampp/htdocs/wireless/vendor/laravel/framework/src/Illuminate/Pipeline/Pipeline.php(183): Illuminate\\Foundation\\Http\\Middleware\\PreventRequestsDuringMaintenance->handle()
#50 /opt/lampp/htdocs/wireless/vendor/laravel/framework/src/Illuminate/Http/Middleware/HandleCors.php(49): Illuminate\\Pipeline\\Pipeline->Illuminate\\Pipeline\\{closure}()
#51 /opt/lampp/htdocs/wireless/vendor/laravel/framework/src/Illuminate/Pipeline/Pipeline.php(183): Illuminate\\Http\\Middleware\\HandleCors->handle()
#52 /opt/lampp/htdocs/wireless/vendor/laravel/framework/src/Illuminate/Http/Middleware/TrustProxies.php(39): Illuminate\\Pipeline\\Pipeline->Illuminate\\Pipeline\\{closure}()
#53 /opt/lampp/htdocs/wireless/vendor/laravel/framework/src/Illuminate/Pipeline/Pipeline.php(183): Illuminate\\Http\\Middleware\\TrustProxies->handle()
#54 /opt/lampp/htdocs/wireless/vendor/laravel/framework/src/Illuminate/Pipeline/Pipeline.php(119): Illuminate\\Pipeline\\Pipeline->Illuminate\\Pipeline\\{closure}()
#55 /opt/lampp/htdocs/wireless/vendor/laravel/framework/src/Illuminate/Foundation/Http/Kernel.php(175): Illuminate\\Pipeline\\Pipeline->then()
#56 /opt/lampp/htdocs/wireless/vendor/laravel/framework/src/Illuminate/Foundation/Http/Kernel.php(144): Illuminate\\Foundation\\Http\\Kernel->sendRequestThroughRouter()
#57 /opt/lampp/htdocs/wireless/public/index.php(51): Illuminate\\Foundation\\Http\\Kernel->handle()
#58 /opt/lampp/htdocs/wireless/vendor/laravel/framework/src/Illuminate/Foundation/resources/server.php(16): require_once('...')
#59 {main}
"} 
[2026-03-06 13:51:40] production.ERROR: SQLSTATE[42S02]: Base table or view not found: 1146 Table 'wireless.text_widgets' doesn't exist (Connection: mysql, SQL: select * from `text_widgets` where `key` = about-us-sidebar limit 1) {"view":{"view":"/opt/lampp/htdocs/wireless/resources/views/layouts/app.blade.php","data":[]},"exception":"[object] (Spatie\\LaravelIgnition\\Exceptions\\ViewException(code: 0): SQLSTATE[42S02]: Base table or view not found: 1146 Table 'wireless.text_widgets' doesn't exist (Connection: mysql, SQL: select * from `text_widgets` where `key` = about-us-sidebar limit 1) at /opt/lampp/htdocs/wireless/vendor/laravel/framework/src/Illuminate/Database/Connection.php:822)
[stacktrace]
#0 /opt/lampp/htdocs/wireless/vendor/laravel/framework/src/Illuminate/Database/Connection.php(776): Illuminate\\Database\\Connection->runQueryCallback()
#1 /opt/lampp/htdocs/wireless/vendor/laravel/framework/src/Illuminate/Database/Connection.php(407): Illuminate\\Database\\Connection->run()
#2 /opt/lampp/htdocs/wireless/vendor/laravel/framework/src/Illuminate/Database/Query/Builder.php(2751): Illuminate\\Database\\Connection->select()
#3 /opt/lampp/htdocs/wireless/vendor/laravel/framework/src/Illuminate/Database/Query/Builder.php(2740): Illuminate\\Database\\Query\\Builder->runSelect()
#4 /opt/lampp/htdocs/wireless/vendor/laravel/framework/src/Illuminate/Database/Query/Builder.php(3294): Illuminate\\Database\\Query\\Builder->Illuminate\\Database\\Query\\{closure}()
#5 /opt/lampp/htdocs/wireless/vendor/laravel/framework/src/Illuminate/Database/Query/Builder.php(2739): Illuminate\\Database\\Query\\Builder->onceWithColumns()
#6 /opt/lampp/htdocs/wireless/vendor/laravel/framework/src/Illuminate/Database/Eloquent/Builder.php(737): Illuminate\\Database\\Query\\Builder->get()
#7 /opt/lampp/htdocs/wireless/vendor/laravel/framework/src/Illuminate/Database/Eloquent/Builder.php(721): Illuminate\\Database\\Eloquent\\Builder->getModels()
#8 /opt/lampp/htdocs/wireless/vendor/laravel/framework/src/Illuminate/Database/Concerns/BuildsQueries.php(333): Illuminate\\Database\\Eloquent\\Builder->get()
#9 /opt/lampp/htdocs/wireless/app/Models/TextWidget.php(35): Illuminate\\Database\\Eloquent\\Builder->first()
#10 /opt/lampp/htdocs/wireless/vendor/laravel/framework/src/Illuminate/Collections/helpers.php(224): App\\Models\\TextWidget::App\\Models\\{closure}()
#11 /opt/lampp/htdocs/wireless/vendor/laravel/framework/src/Illuminate/Cache/Repository.php(107): value()
#12 /opt/lampp/htdocs/wireless/vendor/laravel/framework/src/Illuminate/Cache/CacheManager.php(429): Illuminate\\Cache\\Repository->get()
#13 /opt/lampp/htdocs/wireless/vendor/laravel/framework/src/Illuminate/Support/Facades/Facade.php(355): Illuminate\\Cache\\CacheManager->__call()
#14 /opt/lampp/htdocs/wireless/app/Models/TextWidget.php(34): Illuminate\\Support\\Facades\\Facade::__callStatic()
#15 /opt/lampp/htdocs/wireless/resources/views/layouts/app.blade.php(291): App\\Models\\TextWidget::getContent()
#16 /opt/lampp/htdocs/wireless/vendor/laravel/framework/src/Illuminate/Filesystem/Filesystem.php(124): require('...')
#17 /opt/lampp/htdocs/wireless/vendor/laravel/framework/src/Illuminate/Filesystem/Filesystem.php(125): Illuminate\\Filesystem\\Filesystem::Illuminate\\Filesystem\\{closure}()
#18 /opt/lampp/htdocs/wireless/vendor/laravel/framework/src/Illuminate/View/Engines/PhpEngine.php(58): Illuminate\\Filesystem\\Filesystem->getRequire()
#19 /opt/lampp/htdocs/wireless/vendor/livewire/livewire/src/Mechanisms/ExtendBlade/ExtendedCompilerEngine.php(22): Illuminate\\View\\Engines\\PhpEngine->evaluatePath()
#20 /opt/lampp/htdocs/wireless/vendor/laravel/framework/src/Illuminate/View/Engines/CompilerEngine.php(72): Livewire\\Mechanisms\\ExtendBlade\\ExtendedCompilerEngine->evaluatePath()
#21 /opt/lampp/htdocs/wireless/vendor/livewire/livewire/src/Mechanisms/ExtendBlade/ExtendedCompilerEngine.php(10): Illuminate\\View\\Engines\\CompilerEngine->get()
#22 /opt/lampp/htdocs/wireless/vendor/laravel/framework/src/Illuminate/View/View.php(207): Livewire\\Mechanisms\\ExtendBlade\\ExtendedCompilerEngine->get()
#23 /opt/lampp/htdocs/wireless/vendor/laravel/framework/src/Illuminate/View/View.php(190): Illuminate\\View\\View->getContents()
#24 /opt/lampp/htdocs/wireless/vendor/laravel/framework/src/Illuminate/View/View.php(159): Illuminate\\View\\View->renderContents()
#25 /opt/lampp/htdocs/wireless/vendor/laravel/framework/src/Illuminate/View/Concerns/ManagesComponents.php(99): Illuminate\\View\\View->render()
#26 /opt/lampp/htdocs/wireless/resources/views/errors/404.blade.php(45): Illuminate\\View\\Factory->renderComponent()
#27 /opt/lampp/htdocs/wireless/vendor/laravel/framework/src/Illuminate/Filesystem/Filesystem.php(124): require('...')
#28 /opt/lampp/htdocs/wireless/vendor/laravel/framework/src/Illuminate/Filesystem/Filesystem.php(125): Illuminate\\Filesystem\\Filesystem::Illuminate\\Filesystem\\{closure}()
#29 /opt/lampp/htdocs/wireless/vendor/laravel/framework/src/Illuminate/View/Engines/PhpEngine.php(58): Illuminate\\Filesystem\\Filesystem->getRequire()
#30 /opt/lampp/htdocs/wireless/vendor/livewire/livewire/src/Mechanisms/ExtendBlade/ExtendedCompilerEngine.php(22): Illuminate\\View\\Engines\\PhpEngine->evaluatePath()
#31 /opt/lampp/htdocs/wireless/vendor/laravel/framework/src/Illuminate/View/Engines/CompilerEngine.php(72): Livewire\\Mechanisms\\ExtendBlade\\ExtendedCompilerEngine->evaluatePath()
#32 /opt/lampp/htdocs/wireless/vendor/livewire/livewire/src/Mechanisms/ExtendBlade/ExtendedCompilerEngine.php(10): Illuminate\\View\\Engines\\CompilerEngine->get()
#33 /opt/lampp/htdocs/wireless/vendor/laravel/framework/src/Illuminate/View/View.php(207): Livewire\\Mechanisms\\ExtendBlade\\ExtendedCompilerEngine->get()
#34 /opt/lampp/htdocs/wireless/vendor/laravel/framework/src/Illuminate/View/View.php(190): Illuminate\\View\\View->getContents()
#35 /opt/lampp/htdocs/wireless/vendor/laravel/framework/src/Illuminate/View/View.php(159): Illuminate\\View\\View->renderContents()
#36 /opt/lampp/htdocs/wireless/vendor/laravel/framework/src/Illuminate/Http/Response.php(69): Illuminate\\View\\View->render()
#37 /opt/lampp/htdocs/wireless/vendor/laravel/framework/src/Illuminate/Http/Response.php(35): Illuminate\\Http\\Response->setContent()
#38 /opt/lampp/htdocs/wireless/vendor/laravel/framework/src/Illuminate/Routing/ResponseFactory.php(57): Illuminate\\Http\\Response->__construct()
#39 /opt/lampp/htdocs/wireless/vendor/laravel/framework/src/Illuminate/Routing/ResponseFactory.php(87): Illuminate\\Routing\\ResponseFactory->make()
#40 /opt/lampp/htdocs/wireless/vendor/laravel/framework/src/Illuminate/Foundation/Exceptions/Handler.php(723): Illuminate\\Routing\\ResponseFactory->view()
#41 /opt/lampp/htdocs/wireless/vendor/laravel/framework/src/Illuminate/Foundation/Exceptions/Handler.php(650): Illuminate\\Foundation\\Exceptions\\Handler->renderHttpException()
#42 /opt/lampp/htdocs/wireless/vendor/laravel/framework/src/Illuminate/Foundation/Exceptions/Handler.php(556): Illuminate\\Foundation\\Exceptions\\Handler->prepareResponse()
#43 /opt/lampp/htdocs/wireless/vendor/laravel/framework/src/Illuminate/Foundation/Exceptions/Handler.php(473): Illuminate\\Foundation\\Exceptions\\Handler->renderExceptionResponse()
#44 /opt/lampp/htdocs/wireless/vendor/laravel/framework/src/Illuminate/Routing/Pipeline.php(51): Illuminate\\Foundation\\Exceptions\\Handler->render()
#45 /opt/lampp/htdocs/wireless/vendor/laravel/framework/src/Illuminate/Pipeline/Pipeline.php(188): Illuminate\\Routing\\Pipeline->handleException()
#46 /opt/lampp/htdocs/wireless/vendor/laravel/framework/src/Illuminate/Pipeline/Pipeline.php(119): Illuminate\\Pipeline\\Pipeline->Illuminate\\Pipeline\\{closure}()
#47 /opt/lampp/htdocs/wireless/vendor/laravel/framework/src/Illuminate/Routing/Router.php(805): Illuminate\\Pipeline\\Pipeline->then()
#48 /opt/lampp/htdocs/wireless/vendor/laravel/framework/src/Illuminate/Routing/Router.php(784): Illuminate\\Routing\\Router->runRouteWithinStack()
#49 /opt/lampp/htdocs/wireless/vendor/laravel/framework/src/Illuminate/Routing/Router.php(748): Illuminate\\Routing\\Router->runRoute()
#50 /opt/lampp/htdocs/wireless/vendor/laravel/framework/src/Illuminate/Routing/Router.php(737): Illuminate\\Routing\\Router->dispatchToRoute()
#51 /opt/lampp/htdocs/wireless/vendor/laravel/framework/src/Illuminate/Foundation/Http/Kernel.php(200): Illuminate\\Routing\\Router->dispatch()
#52 /opt/lampp/htdocs/wireless/vendor/laravel/framework/src/Illuminate/Pipeline/Pipeline.php(144): Illuminate\\Foundation\\Http\\Kernel->Illuminate\\Foundation\\Http\\{closure}()
#53 /opt/lampp/htdocs/wireless/vendor/livewire/livewire/src/Features/SupportDisablingBackButtonCache/DisableBackButtonCacheMiddleware.php(19): Illuminate\\Pipeline\\Pipeline->Illuminate\\Pipeline\\{closure}()
#54 /opt/lampp/htdocs/wireless/vendor/laravel/framework/src/Illuminate/Pipeline/Pipeline.php(183): Livewire\\Features\\SupportDisablingBackButtonCache\\DisableBackButtonCacheMiddleware->handle()
#55 /opt/lampp/htdocs/wireless/vendor/laravel/framework/src/Illuminate/Foundation/Http/Middleware/TransformsRequest.php(21): Illuminate\\Pipeline\\Pipeline->Illuminate\\Pipeline\\{closure}()
#56 /opt/lampp/htdocs/wireless/vendor/laravel/framework/src/Illuminate/Foundation/Http/Middleware/ConvertEmptyStringsToNull.php(31): Illuminate\\Foundation\\Http\\Middleware\\TransformsRequest->handle()
#57 /opt/lampp/htdocs/wireless/vendor/laravel/framework/src/Illuminate/Pipeline/Pipeline.php(183): Illuminate\\Foundation\\Http\\Middleware\\ConvertEmptyStringsToNull->handle()
#58 /opt/lampp/htdocs/wireless/vendor/laravel/framework/src/Illuminate/Foundation/Http/Middleware/TransformsRequest.php(21): Illuminate\\Pipeline\\Pipeline->Illuminate\\Pipeline\\{closure}()
#59 /opt/lampp/htdocs/wireless/vendor/laravel/framework/src/Illuminate/Foundation/Http/Middleware/TrimStrings.php(40): Illuminate\\Foundation\\Http\\Middleware\\TransformsRequest->handle()
#60 /opt/lampp/htdocs/wireless/vendor/laravel/framework/src/Illuminate/Pipeline/Pipeline.php(183): Illuminate\\Foundation\\Http\\Middleware\\TrimStrings->handle()
#61 /opt/lampp/htdocs/wireless/vendor/laravel/framework/src/Illuminate/Foundation/Http/Middleware/ValidatePostSize.php(27): Illuminate\\Pipeline\\Pipeline->Illuminate\\Pipeline\\{closure}()
#62 /opt/lampp/htdocs/wireless/vendor/laravel/framework/src/Illuminate/Pipeline/Pipeline.php(183): Illuminate\\Foundation\\Http\\Middleware\\ValidatePostSize->handle()
#63 /opt/lampp/htdocs/wireless/vendor/laravel/framework/src/Illuminate/Foundation/Http/Middleware/PreventRequestsDuringMaintenance.php(99): Illuminate\\Pipeline\\Pipeline->Illuminate\\Pipeline\\{closure}()
#64 /opt/lampp/htdocs/wireless/vendor/laravel/framework/src/Illuminate/Pipeline/Pipeline.php(183): Illuminate\\Foundation\\Http\\Middleware\\PreventRequestsDuringMaintenance->handle()
#65 /opt/lampp/htdocs/wireless/vendor/laravel/framework/src/Illuminate/Http/Middleware/HandleCors.php(49): Illuminate\\Pipeline\\Pipeline->Illuminate\\Pipeline\\{closure}()
#66 /opt/lampp/htdocs/wireless/vendor/laravel/framework/src/Illuminate/Pipeline/Pipeline.php(183): Illuminate\\Http\\Middleware\\HandleCors->handle()
#67 /opt/lampp/htdocs/wireless/vendor/laravel/framework/src/Illuminate/Http/Middleware/TrustProxies.php(39): Illuminate\\Pipeline\\Pipeline->Illuminate\\Pipeline\\{closure}()
#68 /opt/lampp/htdocs/wireless/vendor/laravel/framework/src/Illuminate/Pipeline/Pipeline.php(183): Illuminate\\Http\\Middleware\\TrustProxies->handle()
#69 /opt/lampp/htdocs/wireless/vendor/laravel/framework/src/Illuminate/Pipeline/Pipeline.php(119): Illuminate\\Pipeline\\Pipeline->Illuminate\\Pipeline\\{closure}()
#70 /opt/lampp/htdocs/wireless/vendor/laravel/framework/src/Illuminate/Foundation/Http/Kernel.php(175): Illuminate\\Pipeline\\Pipeline->then()
#71 /opt/lampp/htdocs/wireless/vendor/laravel/framework/src/Illuminate/Foundation/Http/Kernel.php(144): Illuminate\\Foundation\\Http\\Kernel->sendRequestThroughRouter()
#72 /opt/lampp/htdocs/wireless/public/index.php(51): Illuminate\\Foundation\\Http\\Kernel->handle()
#73 /opt/lampp/htdocs/wireless/vendor/laravel/framework/src/Illuminate/Foundation/resources/server.php(16): require_once('...')
#74 {main}

[previous exception] [object] (Illuminate\\Database\\QueryException(code: 42S02): SQLSTATE[42S02]: Base table or view not found: 1146 Table 'wireless.text_widgets' doesn't exist (Connection: mysql, SQL: select * from `text_widgets` where `key` = about-us-sidebar limit 1) at /opt/lampp/htdocs/wireless/vendor/laravel/framework/src/Illuminate/Database/Connection.php:822)
[stacktrace]
#0 /opt/lampp/htdocs/wireless/vendor/laravel/framework/src/Illuminate/Database/Connection.php(776): Illuminate\\Database\\Connection->runQueryCallback()
#1 /opt/lampp/htdocs/wireless/vendor/laravel/framework/src/Illuminate/Database/Connection.php(407): Illuminate\\Database\\Connection->run()
#2 /opt/lampp/htdocs/wireless/vendor/laravel/framework/src/Illuminate/Database/Query/Builder.php(2751): Illuminate\\Database\\Connection->select()
#3 /opt/lampp/htdocs/wireless/vendor/laravel/framework/src/Illuminate/Database/Query/Builder.php(2740): Illuminate\\Database\\Query\\Builder->runSelect()
#4 /opt/lampp/htdocs/wireless/vendor/laravel/framework/src/Illuminate/Database/Query/Builder.php(3294): Illuminate\\Database\\Query\\Builder->Illuminate\\Database\\Query\\{closure}()
#5 /opt/lampp/htdocs/wireless/vendor/laravel/framework/src/Illuminate/Database/Query/Builder.php(2739): Illuminate\\Database\\Query\\Builder->onceWithColumns()
#6 /opt/lampp/htdocs/wireless/vendor/laravel/framework/src/Illuminate/Database/Eloquent/Builder.php(737): Illuminate\\Database\\Query\\Builder->get()
#7 /opt/lampp/htdocs/wireless/vendor/laravel/framework/src/Illuminate/Database/Eloquent/Builder.php(721): Illuminate\\Database\\Eloquent\\Builder->getModels()
#8 /opt/lampp/htdocs/wireless/vendor/laravel/framework/src/Illuminate/Database/Concerns/BuildsQueries.php(333): Illuminate\\Database\\Eloquent\\Builder->get()
#9 /opt/lampp/htdocs/wireless/app/Models/TextWidget.php(35): Illuminate\\Database\\Eloquent\\Builder->first()
#10 /opt/lampp/htdocs/wireless/vendor/laravel/framework/src/Illuminate/Collections/helpers.php(224): App\\Models\\TextWidget::App\\Models\\{closure}()
#11 /opt/lampp/htdocs/wireless/vendor/laravel/framework/src/Illuminate/Cache/Repository.php(107): value()
#12 /opt/lampp/htdocs/wireless/vendor/laravel/framework/src/Illuminate/Cache/CacheManager.php(429): Illuminate\\Cache\\Repository->get()
#13 /opt/lampp/htdocs/wireless/vendor/laravel/framework/src/Illuminate/Support/Facades/Facade.php(355): Illuminate\\Cache\\CacheManager->__call()
#14 /opt/lampp/htdocs/wireless/app/Models/TextWidget.php(34): Illuminate\\Support\\Facades\\Facade::__callStatic()
#15 /opt/lampp/htdocs/wireless/storage/framework/views/4918ade9d894dbbdc113be650a0f2910.php(405): App\\Models\\TextWidget::getContent()
#16 /opt/lampp/htdocs/wireless/vendor/laravel/framework/src/Illuminate/Filesystem/Filesystem.php(124): require('...')
#17 /opt/lampp/htdocs/wireless/vendor/laravel/framework/src/Illuminate/Filesystem/Filesystem.php(125): Illuminate\\Filesystem\\Filesystem::Illuminate\\Filesystem\\{closure}()
#18 /opt/lampp/htdocs/wireless/vendor/laravel/framework/src/Illuminate/View/Engines/PhpEngine.php(58): Illuminate\\Filesystem\\Filesystem->getRequire()
#19 /opt/lampp/htdocs/wireless/vendor/livewire/livewire/src/Mechanisms/ExtendBlade/ExtendedCompilerEngine.php(22): Illuminate\\View\\Engines\\PhpEngine->evaluatePath()
#20 /opt/lampp/htdocs/wireless/vendor/laravel/framework/src/Illuminate/View/Engines/CompilerEngine.php(72): Livewire\\Mechanisms\\ExtendBlade\\ExtendedCompilerEngine->evaluatePath()
#21 /opt/lampp/htdocs/wireless/vendor/livewire/livewire/src/Mechanisms/ExtendBlade/ExtendedCompilerEngine.php(10): Illuminate\\View\\Engines\\CompilerEngine->get()
#22 /opt/lampp/htdocs/wireless/vendor/laravel/framework/src/Illuminate/View/View.php(207): Livewire\\Mechanisms\\ExtendBlade\\ExtendedCompilerEngine->get()
#23 /opt/lampp/htdocs/wireless/vendor/laravel/framework/src/Illuminate/View/View.php(190): Illuminate\\View\\View->getContents()
#24 /opt/lampp/htdocs/wireless/vendor/laravel/framework/src/Illuminate/View/View.php(159): Illuminate\\View\\View->renderContents()
#25 /opt/lampp/htdocs/wireless/vendor/laravel/framework/src/Illuminate/View/Concerns/ManagesComponents.php(99): Illuminate\\View\\View->render()
#26 /opt/lampp/htdocs/wireless/storage/framework/views/6c98e84b92353b4122cb1cc648a9d157.php(45): Illuminate\\View\\Factory->renderComponent()
#27 /opt/lampp/htdocs/wireless/vendor/laravel/framework/src/Illuminate/Filesystem/Filesystem.php(124): require('...')
#28 /opt/lampp/htdocs/wireless/vendor/laravel/framework/src/Illuminate/Filesystem/Filesystem.php(125): Illuminate\\Filesystem\\Filesystem::Illuminate\\Filesystem\\{closure}()
#29 /opt/lampp/htdocs/wireless/vendor/laravel/framework/src/Illuminate/View/Engines/PhpEngine.php(58): Illuminate\\Filesystem\\Filesystem->getRequire()
#30 /opt/lampp/htdocs/wireless/vendor/livewire/livewire/src/Mechanisms/ExtendBlade/ExtendedCompilerEngine.php(22): Illuminate\\View\\Engines\\PhpEngine->evaluatePath()
#31 /opt/lampp/htdocs/wireless/vendor/laravel/framework/src/Illuminate/View/Engines/CompilerEngine.php(72): Livewire\\Mechanisms\\ExtendBlade\\ExtendedCompilerEngine->evaluatePath()
#32 /opt/lampp/htdocs/wireless/vendor/livewire/livewire/src/Mechanisms/ExtendBlade/ExtendedCompilerEngine.php(10): Illuminate\\View\\Engines\\CompilerEngine->get()
#33 /opt/lampp/htdocs/wireless/vendor/laravel/framework/src/Illuminate/View/View.php(207): Livewire\\Mechanisms\\ExtendBlade\\ExtendedCompilerEngine->get()
#34 /opt/lampp/htdocs/wireless/vendor/laravel/framework/src/Illuminate/View/View.php(190): Illuminate\\View\\View->getContents()
#35 /opt/lampp/htdocs/wireless/vendor/laravel/framework/src/Illuminate/View/View.php(159): Illuminate\\View\\View->renderContents()
#36 /opt/lampp/htdocs/wireless/vendor/laravel/framework/src/Illuminate/Http/Response.php(69): Illuminate\\View\\View->render()
#37 /opt/lampp/htdocs/wireless/vendor/laravel/framework/src/Illuminate/Http/Response.php(35): Illuminate\\Http\\Response->setContent()
#38 /opt/lampp/htdocs/wireless/vendor/laravel/framework/src/Illuminate/Routing/ResponseFactory.php(57): Illuminate\\Http\\Response->__construct()
#39 /opt/lampp/htdocs/wireless/vendor/laravel/framework/src/Illuminate/Routing/ResponseFactory.php(87): Illuminate\\Routing\\ResponseFactory->make()
#40 /opt/lampp/htdocs/wireless/vendor/laravel/framework/src/Illuminate/Foundation/Exceptions/Handler.php(723): Illuminate\\Routing\\ResponseFactory->view()
#41 /opt/lampp/htdocs/wireless/vendor/laravel/framework/src/Illuminate/Foundation/Exceptions/Handler.php(650): Illuminate\\Foundation\\Exceptions\\Handler->renderHttpException()
#42 /opt/lampp/htdocs/wireless/vendor/laravel/framework/src/Illuminate/Foundation/Exceptions/Handler.php(556): Illuminate\\Foundation\\Exceptions\\Handler->prepareResponse()
#43 /opt/lampp/htdocs/wireless/vendor/laravel/framework/src/Illuminate/Foundation/Exceptions/Handler.php(473): Illuminate\\Foundation\\Exceptions\\Handler->renderExceptionResponse()
#44 /opt/lampp/htdocs/wireless/vendor/laravel/framework/src/Illuminate/Routing/Pipeline.php(51): Illuminate\\Foundation\\Exceptions\\Handler->render()
#45 /opt/lampp/htdocs/wireless/vendor/laravel/framework/src/Illuminate/Pipeline/Pipeline.php(188): Illuminate\\Routing\\Pipeline->handleException()
#46 /opt/lampp/htdocs/wireless/vendor/laravel/framework/src/Illuminate/Pipeline/Pipeline.php(119): Illuminate\\Pipeline\\Pipeline->Illuminate\\Pipeline\\{closure}()
#47 /opt/lampp/htdocs/wireless/vendor/laravel/framework/src/Illuminate/Routing/Router.php(805): Illuminate\\Pipeline\\Pipeline->then()
#48 /opt/lampp/htdocs/wireless/vendor/laravel/framework/src/Illuminate/Routing/Router.php(784): Illuminate\\Routing\\Router->runRouteWithinStack()
#49 /opt/lampp/htdocs/wireless/vendor/laravel/framework/src/Illuminate/Routing/Router.php(748): Illuminate\\Routing\\Router->runRoute()
#50 /opt/lampp/htdocs/wireless/vendor/laravel/framework/src/Illuminate/Routing/Router.php(737): Illuminate\\Routing\\Router->dispatchToRoute()
#51 /opt/lampp/htdocs/wireless/vendor/laravel/framework/src/Illuminate/Foundation/Http/Kernel.php(200): Illuminate\\Routing\\Router->dispatch()
#52 /opt/lampp/htdocs/wireless/vendor/laravel/framework/src/Illuminate/Pipeline/Pipeline.php(144): Illuminate\\Foundation\\Http\\Kernel->Illuminate\\Foundation\\Http\\{closure}()
#53 /opt/lampp/htdocs/wireless/vendor/livewire/livewire/src/Features/SupportDisablingBackButtonCache/DisableBackButtonCacheMiddleware.php(19): Illuminate\\Pipeline\\Pipeline->Illuminate\\Pipeline\\{closure}()
#54 /opt/lampp/htdocs/wireless/vendor/laravel/framework/src/Illuminate/Pipeline/Pipeline.php(183): Livewire\\Features\\SupportDisablingBackButtonCache\\DisableBackButtonCacheMiddleware->handle()
#55 /opt/lampp/htdocs/wireless/vendor/laravel/framework/src/Illuminate/Foundation/Http/Middleware/TransformsRequest.php(21): Illuminate\\Pipeline\\Pipeline->Illuminate\\Pipeline\\{closure}()
#56 /opt/lampp/htdocs/wireless/vendor/laravel/framework/src/Illuminate/Foundation/Http/Middleware/ConvertEmptyStringsToNull.php(31): Illuminate\\Foundation\\Http\\Middleware\\TransformsRequest->handle()
#57 /opt/lampp/htdocs/wireless/vendor/laravel/framework/src/Illuminate/Pipeline/Pipeline.php(183): Illuminate\\Foundation\\Http\\Middleware\\ConvertEmptyStringsToNull->handle()
#58 /opt/lampp/htdocs/wireless/vendor/laravel/framework/src/Illuminate/Foundation/Http/Middleware/TransformsRequest.php(21): Illuminate\\Pipeline\\Pipeline->Illuminate\\Pipeline\\{closure}()
#59 /opt/lampp/htdocs/wireless/vendor/laravel/framework/src/Illuminate/Foundation/Http/Middleware/TrimStrings.php(40): Illuminate\\Foundation\\Http\\Middleware\\TransformsRequest->handle()
#60 /opt/lampp/htdocs/wireless/vendor/laravel/framework/src/Illuminate/Pipeline/Pipeline.php(183): Illuminate\\Foundation\\Http\\Middleware\\TrimStrings->handle()
#61 /opt/lampp/htdocs/wireless/vendor/laravel/framework/src/Illuminate/Foundation/Http/Middleware/ValidatePostSize.php(27): Illuminate\\Pipeline\\Pipeline->Illuminate\\Pipeline\\{closure}()
#62 /opt/lampp/htdocs/wireless/vendor/laravel/framework/src/Illuminate/Pipeline/Pipeline.php(183): Illuminate\\Foundation\\Http\\Middleware\\ValidatePostSize->handle()
#63 /opt/lampp/htdocs/wireless/vendor/laravel/framework/src/Illuminate/Foundation/Http/Middleware/PreventRequestsDuringMaintenance.php(99): Illuminate\\Pipeline\\Pipeline->Illuminate\\Pipeline\\{closure}()
#64 /opt/lampp/htdocs/wireless/vendor/laravel/framework/src/Illuminate/Pipeline/Pipeline.php(183): Illuminate\\Foundation\\Http\\Middleware\\PreventRequestsDuringMaintenance->handle()
#65 /opt/lampp/htdocs/wireless/vendor/laravel/framework/src/Illuminate/Http/Middleware/HandleCors.php(49): Illuminate\\Pipeline\\Pipeline->Illuminate\\Pipeline\\{closure}()
#66 /opt/lampp/htdocs/wireless/vendor/laravel/framework/src/Illuminate/Pipeline/Pipeline.php(183): Illuminate\\Http\\Middleware\\HandleCors->handle()
#67 /opt/lampp/htdocs/wireless/vendor/laravel/framework/src/Illuminate/Http/Middleware/TrustProxies.php(39): Illuminate\\Pipeline\\Pipeline->Illuminate\\Pipeline\\{closure}()
#68 /opt/lampp/htdocs/wireless/vendor/laravel/framework/src/Illuminate/Pipeline/Pipeline.php(183): Illuminate\\Http\\Middleware\\TrustProxies->handle()
#69 /opt/lampp/htdocs/wireless/vendor/laravel/framework/src/Illuminate/Pipeline/Pipeline.php(119): Illuminate\\Pipeline\\Pipeline->Illuminate\\Pipeline\\{closure}()
#70 /opt/lampp/htdocs/wireless/vendor/laravel/framework/src/Illuminate/Foundation/Http/Kernel.php(175): Illuminate\\Pipeline\\Pipeline->then()
#71 /opt/lampp/htdocs/wireless/vendor/laravel/framework/src/Illuminate/Foundation/Http/Kernel.php(144): Illuminate\\Foundation\\Http\\Kernel->sendRequestThroughRouter()
#72 /opt/lampp/htdocs/wireless/public/index.php(51): Illuminate\\Foundation\\Http\\Kernel->handle()
#73 /opt/lampp/htdocs/wireless/vendor/laravel/framework/src/Illuminate/Foundation/resources/server.php(16): require_once('...')
#74 {main}

[previous exception] [object] (PDOException(code: 42S02): SQLSTATE[42S02]: Base table or view not found: 1146 Table 'wireless.text_widgets' doesn't exist at /opt/lampp/htdocs/wireless/vendor/laravel/framework/src/Illuminate/Database/Connection.php:416)
[stacktrace]
#0 /opt/lampp/htdocs/wireless/vendor/laravel/framework/src/Illuminate/Database/Connection.php(416): PDO->prepare()
#1 /opt/lampp/htdocs/wireless/vendor/laravel/framework/src/Illuminate/Database/Connection.php(809): Illuminate\\Database\\Connection->Illuminate\\Database\\{closure}()
#2 /opt/lampp/htdocs/wireless/vendor/laravel/framework/src/Illuminate/Database/Connection.php(776): Illuminate\\Database\\Connection->runQueryCallback()
#3 /opt/lampp/htdocs/wireless/vendor/laravel/framework/src/Illuminate/Database/Connection.php(407): Illuminate\\Database\\Connection->run()
#4 /opt/lampp/htdocs/wireless/vendor/laravel/framework/src/Illuminate/Database/Query/Builder.php(2751): Illuminate\\Database\\Connection->select()
#5 /opt/lampp/htdocs/wireless/vendor/laravel/framework/src/Illuminate/Database/Query/Builder.php(2740): Illuminate\\Database\\Query\\Builder->runSelect()
#6 /opt/lampp/htdocs/wireless/vendor/laravel/framework/src/Illuminate/Database/Query/Builder.php(3294): Illuminate\\Database\\Query\\Builder->Illuminate\\Database\\Query\\{closure}()
#7 /opt/lampp/htdocs/wireless/vendor/laravel/framework/src/Illuminate/Database/Query/Builder.php(2739): Illuminate\\Database\\Query\\Builder->onceWithColumns()
#8 /opt/lampp/htdocs/wireless/vendor/laravel/framework/src/Illuminate/Database/Eloquent/Builder.php(737): Illuminate\\Database\\Query\\Builder->get()
#9 /opt/lampp/htdocs/wireless/vendor/laravel/framework/src/Illuminate/Database/Eloquent/Builder.php(721): Illuminate\\Database\\Eloquent\\Builder->getModels()
#10 /opt/lampp/htdocs/wireless/vendor/laravel/framework/src/Illuminate/Database/Concerns/BuildsQueries.php(333): Illuminate\\Database\\Eloquent\\Builder->get()
#11 /opt/lampp/htdocs/wireless/app/Models/TextWidget.php(35): Illuminate\\Database\\Eloquent\\Builder->first()
#12 /opt/lampp/htdocs/wireless/vendor/laravel/framework/src/Illuminate/Collections/helpers.php(224): App\\Models\\TextWidget::App\\Models\\{closure}()
#13 /opt/lampp/htdocs/wireless/vendor/laravel/framework/src/Illuminate/Cache/Repository.php(107): value()
#14 /opt/lampp/htdocs/wireless/vendor/laravel/framework/src/Illuminate/Cache/CacheManager.php(429): Illuminate\\Cache\\Repository->get()
#15 /opt/lampp/htdocs/wireless/vendor/laravel/framework/src/Illuminate/Support/Facades/Facade.php(355): Illuminate\\Cache\\CacheManager->__call()
#16 /opt/lampp/htdocs/wireless/app/Models/TextWidget.php(34): Illuminate\\Support\\Facades\\Facade::__callStatic()
#17 /opt/lampp/htdocs/wireless/storage/framework/views/4918ade9d894dbbdc113be650a0f2910.php(405): App\\Models\\TextWidget::getContent()
#18 /opt/lampp/htdocs/wireless/vendor/laravel/framework/src/Illuminate/Filesystem/Filesystem.php(124): require('...')
#19 /opt/lampp/htdocs/wireless/vendor/laravel/framework/src/Illuminate/Filesystem/Filesystem.php(125): Illuminate\\Filesystem\\Filesystem::Illuminate\\Filesystem\\{closure}()
#20 /opt/lampp/htdocs/wireless/vendor/laravel/framework/src/Illuminate/View/Engines/PhpEngine.php(58): Illuminate\\Filesystem\\Filesystem->getRequire()
#21 /opt/lampp/htdocs/wireless/vendor/livewire/livewire/src/Mechanisms/ExtendBlade/ExtendedCompilerEngine.php(22): Illuminate\\View\\Engines\\PhpEngine->evaluatePath()
#22 /opt/lampp/htdocs/wireless/vendor/laravel/framework/src/Illuminate/View/Engines/CompilerEngine.php(72): Livewire\\Mechanisms\\ExtendBlade\\ExtendedCompilerEngine->evaluatePath()
#23 /opt/lampp/htdocs/wireless/vendor/livewire/livewire/src/Mechanisms/ExtendBlade/ExtendedCompilerEngine.php(10): Illuminate\\View\\Engines\\CompilerEngine->get()
#24 /opt/lampp/htdocs/wireless/vendor/laravel/framework/src/Illuminate/View/View.php(207): Livewire\\Mechanisms\\ExtendBlade\\ExtendedCompilerEngine->get()
#25 /opt/lampp/htdocs/wireless/vendor/laravel/framework/src/Illuminate/View/View.php(190): Illuminate\\View\\View->getContents()
#26 /opt/lampp/htdocs/wireless/vendor/laravel/framework/src/Illuminate/View/View.php(159): Illuminate\\View\\View->renderContents()
#27 /opt/lampp/htdocs/wireless/vendor/laravel/framework/src/Illuminate/View/Concerns/ManagesComponents.php(99): Illuminate\\View\\View->render()
#28 /opt/lampp/htdocs/wireless/storage/framework/views/6c98e84b92353b4122cb1cc648a9d157.php(45): Illuminate\\View\\Factory->renderComponent()
#29 /opt/lampp/htdocs/wireless/vendor/laravel/framework/src/Illuminate/Filesystem/Filesystem.php(124): require('...')
#30 /opt/lampp/htdocs/wireless/vendor/laravel/framework/src/Illuminate/Filesystem/Filesystem.php(125): Illuminate\\Filesystem\\Filesystem::Illuminate\\Filesystem\\{closure}()
#31 /opt/lampp/htdocs/wireless/vendor/laravel/framework/src/Illuminate/View/Engines/PhpEngine.php(58): Illuminate\\Filesystem\\Filesystem->getRequire()
#32 /opt/lampp/htdocs/wireless/vendor/livewire/livewire/src/Mechanisms/ExtendBlade/ExtendedCompilerEngine.php(22): Illuminate\\View\\Engines\\PhpEngine->evaluatePath()
#33 /opt/lampp/htdocs/wireless/vendor/laravel/framework/src/Illuminate/View/Engines/CompilerEngine.php(72): Livewire\\Mechanisms\\ExtendBlade\\ExtendedCompilerEngine->evaluatePath()
#34 /opt/lampp/htdocs/wireless/vendor/livewire/livewire/src/Mechanisms/ExtendBlade/ExtendedCompilerEngine.php(10): Illuminate\\View\\Engines\\CompilerEngine->get()
#35 /opt/lampp/htdocs/wireless/vendor/laravel/framework/src/Illuminate/View/View.php(207): Livewire\\Mechanisms\\ExtendBlade\\ExtendedCompilerEngine->get()
#36 /opt/lampp/htdocs/wireless/vendor/laravel/framework/src/Illuminate/View/View.php(190): Illuminate\\View\\View->getContents()
#37 /opt/lampp/htdocs/wireless/vendor/laravel/framework/src/Illuminate/View/View.php(159): Illuminate\\View\\View->renderContents()
#38 /opt/lampp/htdocs/wireless/vendor/laravel/framework/src/Illuminate/Http/Response.php(69): Illuminate\\View\\View->render()
#39 /opt/lampp/htdocs/wireless/vendor/laravel/framework/src/Illuminate/Http/Response.php(35): Illuminate\\Http\\Response->setContent()
#40 /opt/lampp/htdocs/wireless/vendor/laravel/framework/src/Illuminate/Routing/ResponseFactory.php(57): Illuminate\\Http\\Response->__construct()
#41 /opt/lampp/htdocs/wireless/vendor/laravel/framework/src/Illuminate/Routing/ResponseFactory.php(87): Illuminate\\Routing\\ResponseFactory->make()
#42 /opt/lampp/htdocs/wireless/vendor/laravel/framework/src/Illuminate/Foundation/Exceptions/Handler.php(723): Illuminate\\Routing\\ResponseFactory->view()
#43 /opt/lampp/htdocs/wireless/vendor/laravel/framework/src/Illuminate/Foundation/Exceptions/Handler.php(650): Illuminate\\Foundation\\Exceptions\\Handler->renderHttpException()
#44 /opt/lampp/htdocs/wireless/vendor/laravel/framework/src/Illuminate/Foundation/Exceptions/Handler.php(556): Illuminate\\Foundation\\Exceptions\\Handler->prepareResponse()
#45 /opt/lampp/htdocs/wireless/vendor/laravel/framework/src/Illuminate/Foundation/Exceptions/Handler.php(473): Illuminate\\Foundation\\Exceptions\\Handler->renderExceptionResponse()
#46 /opt/lampp/htdocs/wireless/vendor/laravel/framework/src/Illuminate/Routing/Pipeline.php(51): Illuminate\\Foundation\\Exceptions\\Handler->render()
#47 /opt/lampp/htdocs/wireless/vendor/laravel/framework/src/Illuminate/Pipeline/Pipeline.php(188): Illuminate\\Routing\\Pipeline->handleException()
#48 /opt/lampp/htdocs/wireless/vendor/laravel/framework/src/Illuminate/Pipeline/Pipeline.php(119): Illuminate\\Pipeline\\Pipeline->Illuminate\\Pipeline\\{closure}()
#49 /opt/lampp/htdocs/wireless/vendor/laravel/framework/src/Illuminate/Routing/Router.php(805): Illuminate\\Pipeline\\Pipeline->then()
#50 /opt/lampp/htdocs/wireless/vendor/laravel/framework/src/Illuminate/Routing/Router.php(784): Illuminate\\Routing\\Router->runRouteWithinStack()
#51 /opt/lampp/htdocs/wireless/vendor/laravel/framework/src/Illuminate/Routing/Router.php(748): Illuminate\\Routing\\Router->runRoute()
#52 /opt/lampp/htdocs/wireless/vendor/laravel/framework/src/Illuminate/Routing/Router.php(737): Illuminate\\Routing\\Router->dispatchToRoute()
#53 /opt/lampp/htdocs/wireless/vendor/laravel/framework/src/Illuminate/Foundation/Http/Kernel.php(200): Illuminate\\Routing\\Router->dispatch()
#54 /opt/lampp/htdocs/wireless/vendor/laravel/framework/src/Illuminate/Pipeline/Pipeline.php(144): Illuminate\\Foundation\\Http\\Kernel->Illuminate\\Foundation\\Http\\{closure}()
#55 /opt/lampp/htdocs/wireless/vendor/livewire/livewire/src/Features/SupportDisablingBackButtonCache/DisableBackButtonCacheMiddleware.php(19): Illuminate\\Pipeline\\Pipeline->Illuminate\\Pipeline\\{closure}()
#56 /opt/lampp/htdocs/wireless/vendor/laravel/framework/src/Illuminate/Pipeline/Pipeline.php(183): Livewire\\Features\\SupportDisablingBackButtonCache\\DisableBackButtonCacheMiddleware->handle()
#57 /opt/lampp/htdocs/wireless/vendor/laravel/framework/src/Illuminate/Foundation/Http/Middleware/TransformsRequest.php(21): Illuminate\\Pipeline\\Pipeline->Illuminate\\Pipeline\\{closure}()
#58 /opt/lampp/htdocs/wireless/vendor/laravel/framework/src/Illuminate/Foundation/Http/Middleware/ConvertEmptyStringsToNull.php(31): Illuminate\\Foundation\\Http\\Middleware\\TransformsRequest->handle()
#59 /opt/lampp/htdocs/wireless/vendor/laravel/framework/src/Illuminate/Pipeline/Pipeline.php(183): Illuminate\\Foundation\\Http\\Middleware\\ConvertEmptyStringsToNull->handle()
#60 /opt/lampp/htdocs/wireless/vendor/laravel/framework/src/Illuminate/Foundation/Http/Middleware/TransformsRequest.php(21): Illuminate\\Pipeline\\Pipeline->Illuminate\\Pipeline\\{closure}()
#61 /opt/lampp/htdocs/wireless/vendor/laravel/framework/src/Illuminate/Foundation/Http/Middleware/TrimStrings.php(40): Illuminate\\Foundation\\Http\\Middleware\\TransformsRequest->handle()
#62 /opt/lampp/htdocs/wireless/vendor/laravel/framework/src/Illuminate/Pipeline/Pipeline.php(183): Illuminate\\Foundation\\Http\\Middleware\\TrimStrings->handle()
#63 /opt/lampp/htdocs/wireless/vendor/laravel/framework/src/Illuminate/Foundation/Http/Middleware/ValidatePostSize.php(27): Illuminate\\Pipeline\\Pipeline->Illuminate\\Pipeline\\{closure}()
#64 /opt/lampp/htdocs/wireless/vendor/laravel/framework/src/Illuminate/Pipeline/Pipeline.php(183): Illuminate\\Foundation\\Http\\Middleware\\ValidatePostSize->handle()
#65 /opt/lampp/htdocs/wireless/vendor/laravel/framework/src/Illuminate/Foundation/Http/Middleware/PreventRequestsDuringMaintenance.php(99): Illuminate\\Pipeline\\Pipeline->Illuminate\\Pipeline\\{closure}()
#66 /opt/lampp/htdocs/wireless/vendor/laravel/framework/src/Illuminate/Pipeline/Pipeline.php(183): Illuminate\\Foundation\\Http\\Middleware\\PreventRequestsDuringMaintenance->handle()
#67 /opt/lampp/htdocs/wireless/vendor/laravel/framework/src/Illuminate/Http/Middleware/HandleCors.php(49): Illuminate\\Pipeline\\Pipeline->Illuminate\\Pipeline\\{closure}()
#68 /opt/lampp/htdocs/wireless/vendor/laravel/framework/src/Illuminate/Pipeline/Pipeline.php(183): Illuminate\\Http\\Middleware\\HandleCors->handle()
#69 /opt/lampp/htdocs/wireless/vendor/laravel/framework/src/Illuminate/Http/Middleware/TrustProxies.php(39): Illuminate\\Pipeline\\Pipeline->Illuminate\\Pipeline\\{closure}()
#70 /opt/lampp/htdocs/wireless/vendor/laravel/framework/src/Illuminate/Pipeline/Pipeline.php(183): Illuminate\\Http\\Middleware\\TrustProxies->handle()
#71 /opt/lampp/htdocs/wireless/vendor/laravel/framework/src/Illuminate/Pipeline/Pipeline.php(119): Illuminate\\Pipeline\\Pipeline->Illuminate\\Pipeline\\{closure}()
#72 /opt/lampp/htdocs/wireless/vendor/laravel/framework/src/Illuminate/Foundation/Http/Kernel.php(175): Illuminate\\Pipeline\\Pipeline->then()
#73 /opt/lampp/htdocs/wireless/vendor/laravel/framework/src/Illuminate/Foundation/Http/Kernel.php(144): Illuminate\\Foundation\\Http\\Kernel->sendRequestThroughRouter()
#74 /opt/lampp/htdocs/wireless/public/index.php(51): Illuminate\\Foundation\\Http\\Kernel->handle()
#75 /opt/lampp/htdocs/wireless/vendor/laravel/framework/src/Illuminate/Foundation/resources/server.php(16): require_once('...')
#76 {main}
"} 
[2026-03-06 13:52:44] production.ERROR: SQLSTATE[42S22]: Column not found: 1054 Unknown column 'active' in 'where clause' (Connection: mysql, SQL: select * from `posts` where `active` = 1 and date(`published_at`) < 2026-03-06 order by `published_at` desc limit 1) {"exception":"[object] (Illuminate\\Database\\QueryException(code: 42S22): SQLSTATE[42S22]: Column not found: 1054 Unknown column 'active' in 'where clause' (Connection: mysql, SQL: select * from `posts` where `active` = 1 and date(`published_at`) < 2026-03-06 order by `published_at` desc limit 1) at /opt/lampp/htdocs/wireless/vendor/laravel/framework/src/Illuminate/Database/Connection.php:822)
[stacktrace]
#0 /opt/lampp/htdocs/wireless/vendor/laravel/framework/src/Illuminate/Database/Connection.php(776): Illuminate\\Database\\Connection->runQueryCallback()
#1 /opt/lampp/htdocs/wireless/vendor/laravel/framework/src/Illuminate/Database/Connection.php(407): Illuminate\\Database\\Connection->run()
#2 /opt/lampp/htdocs/wireless/vendor/laravel/framework/src/Illuminate/Database/Query/Builder.php(2751): Illuminate\\Database\\Connection->select()
#3 /opt/lampp/htdocs/wireless/vendor/laravel/framework/src/Illuminate/Database/Query/Builder.php(2740): Illuminate\\Database\\Query\\Builder->runSelect()
#4 /opt/lampp/htdocs/wireless/vendor/laravel/framework/src/Illuminate/Database/Query/Builder.php(3294): Illuminate\\Database\\Query\\Builder->Illuminate\\Database\\Query\\{closure}()
#5 /opt/lampp/htdocs/wireless/vendor/laravel/framework/src/Illuminate/Database/Query/Builder.php(2739): Illuminate\\Database\\Query\\Builder->onceWithColumns()
#6 /opt/lampp/htdocs/wireless/vendor/laravel/framework/src/Illuminate/Database/Eloquent/Builder.php(737): Illuminate\\Database\\Query\\Builder->get()
#7 /opt/lampp/htdocs/wireless/vendor/laravel/framework/src/Illuminate/Database/Eloquent/Builder.php(721): Illuminate\\Database\\Eloquent\\Builder->getModels()
#8 /opt/lampp/htdocs/wireless/vendor/laravel/framework/src/Illuminate/Database/Concerns/BuildsQueries.php(333): Illuminate\\Database\\Eloquent\\Builder->get()
#9 /opt/lampp/htdocs/wireless/app/Http/Controllers/PostController.php(28): Illuminate\\Database\\Eloquent\\Builder->first()
#10 /opt/lampp/htdocs/wireless/vendor/laravel/framework/src/Illuminate/Routing/Controller.php(54): App\\Http\\Controllers\\PostController->home()
#11 /opt/lampp/htdocs/wireless/vendor/laravel/framework/src/Illuminate/Routing/ControllerDispatcher.php(43): Illuminate\\Routing\\Controller->callAction()
#12 /opt/lampp/htdocs/wireless/vendor/laravel/framework/src/Illuminate/Routing/Route.php(259): Illuminate\\Routing\\ControllerDispatcher->dispatch()
#13 /opt/lampp/htdocs/wireless/vendor/laravel/framework/src/Illuminate/Routing/Route.php(205): Illuminate\\Routing\\Route->runController()
#14 /opt/lampp/htdocs/wireless/vendor/laravel/framework/src/Illuminate/Routing/Router.php(806): Illuminate\\Routing\\Route->run()
#15 /opt/lampp/htdocs/wireless/vendor/laravel/framework/src/Illuminate/Pipeline/Pipeline.php(144): Illuminate\\Routing\\Router->Illuminate\\Routing\\{closure}()
#16 /opt/lampp/htdocs/wireless/vendor/laravel/framework/src/Illuminate/Routing/Middleware/SubstituteBindings.php(50): Illuminate\\Pipeline\\Pipeline->Illuminate\\Pipeline\\{closure}()
#17 /opt/lampp/htdocs/wireless/vendor/laravel/framework/src/Illuminate/Pipeline/Pipeline.php(183): Illuminate\\Routing\\Middleware\\SubstituteBindings->handle()
#18 /opt/lampp/htdocs/wireless/vendor/laravel/framework/src/Illuminate/Foundation/Http/Middleware/VerifyCsrfToken.php(78): Illuminate\\Pipeline\\Pipeline->Illuminate\\Pipeline\\{closure}()
#19 /opt/lampp/htdocs/wireless/vendor/laravel/framework/src/Illuminate/Pipeline/Pipeline.php(183): Illuminate\\Foundation\\Http\\Middleware\\VerifyCsrfToken->handle()
#20 /opt/lampp/htdocs/wireless/vendor/laravel/framework/src/Illuminate/View/Middleware/ShareErrorsFromSession.php(49): Illuminate\\Pipeline\\Pipeline->Illuminate\\Pipeline\\{closure}()
#21 /opt/lampp/htdocs/wireless/vendor/laravel/framework/src/Illuminate/Pipeline/Pipeline.php(183): Illuminate\\View\\Middleware\\ShareErrorsFromSession->handle()
#22 /opt/lampp/htdocs/wireless/vendor/laravel/framework/src/Illuminate/Session/Middleware/StartSession.php(121): Illuminate\\Pipeline\\Pipeline->Illuminate\\Pipeline\\{closure}()
#23 /opt/lampp/htdocs/wireless/vendor/laravel/framework/src/Illuminate/Session/Middleware/StartSession.php(64): Illuminate\\Session\\Middleware\\StartSession->handleStatefulRequest()
#24 /opt/lampp/htdocs/wireless/vendor/laravel/framework/src/Illuminate/Pipeline/Pipeline.php(183): Illuminate\\Session\\Middleware\\StartSession->handle()
#25 /opt/lampp/htdocs/wireless/vendor/laravel/framework/src/Illuminate/Cookie/Middleware/AddQueuedCookiesToResponse.php(37): Illuminate\\Pipeline\\Pipeline->Illuminate\\Pipeline\\{closure}()
#26 /opt/lampp/htdocs/wireless/vendor/laravel/framework/src/Illuminate/Pipeline/Pipeline.php(183): Illuminate\\Cookie\\Middleware\\AddQueuedCookiesToResponse->handle()
#27 /opt/lampp/htdocs/wireless/vendor/laravel/framework/src/Illuminate/Cookie/Middleware/EncryptCookies.php(67): Illuminate\\Pipeline\\Pipeline->Illuminate\\Pipeline\\{closure}()
#28 /opt/lampp/htdocs/wireless/vendor/laravel/framework/src/Illuminate/Pipeline/Pipeline.php(183): Illuminate\\Cookie\\Middleware\\EncryptCookies->handle()
#29 /opt/lampp/htdocs/wireless/vendor/laravel/framework/src/Illuminate/Pipeline/Pipeline.php(119): Illuminate\\Pipeline\\Pipeline->Illuminate\\Pipeline\\{closure}()
#30 /opt/lampp/htdocs/wireless/vendor/laravel/framework/src/Illuminate/Routing/Router.php(805): Illuminate\\Pipeline\\Pipeline->then()
#31 /opt/lampp/htdocs/wireless/vendor/laravel/framework/src/Illuminate/Routing/Router.php(784): Illuminate\\Routing\\Router->runRouteWithinStack()
#32 /opt/lampp/htdocs/wireless/vendor/laravel/framework/src/Illuminate/Routing/Router.php(748): Illuminate\\Routing\\Router->runRoute()
#33 /opt/lampp/htdocs/wireless/vendor/laravel/framework/src/Illuminate/Routing/Router.php(737): Illuminate\\Routing\\Router->dispatchToRoute()
#34 /opt/lampp/htdocs/wireless/vendor/laravel/framework/src/Illuminate/Foundation/Http/Kernel.php(200): Illuminate\\Routing\\Router->dispatch()
#35 /opt/lampp/htdocs/wireless/vendor/laravel/framework/src/Illuminate/Pipeline/Pipeline.php(144): Illuminate\\Foundation\\Http\\Kernel->Illuminate\\Foundation\\Http\\{closure}()
#36 /opt/lampp/htdocs/wireless/vendor/livewire/livewire/src/Features/SupportDisablingBackButtonCache/DisableBackButtonCacheMiddleware.php(19): Illuminate\\Pipeline\\Pipeline->Illuminate\\Pipeline\\{closure}()
#37 /opt/lampp/htdocs/wireless/vendor/laravel/framework/src/Illuminate/Pipeline/Pipeline.php(183): Livewire\\Features\\SupportDisablingBackButtonCache\\DisableBackButtonCacheMiddleware->handle()
#38 /opt/lampp/htdocs/wireless/vendor/laravel/framework/src/Illuminate/Foundation/Http/Middleware/TransformsRequest.php(21): Illuminate\\Pipeline\\Pipeline->Illuminate\\Pipeline\\{closure}()
#39 /opt/lampp/htdocs/wireless/vendor/laravel/framework/src/Illuminate/Foundation/Http/Middleware/ConvertEmptyStringsToNull.php(31): Illuminate\\Foundation\\Http\\Middleware\\TransformsRequest->handle()
#40 /opt/lampp/htdocs/wireless/vendor/laravel/framework/src/Illuminate/Pipeline/Pipeline.php(183): Illuminate\\Foundation\\Http\\Middleware\\ConvertEmptyStringsToNull->handle()
#41 /opt/lampp/htdocs/wireless/vendor/laravel/framework/src/Illuminate/Foundation/Http/Middleware/TransformsRequest.php(21): Illuminate\\Pipeline\\Pipeline->Illuminate\\Pipeline\\{closure}()
#42 /opt/lampp/htdocs/wireless/vendor/laravel/framework/src/Illuminate/Foundation/Http/Middleware/TrimStrings.php(40): Illuminate\\Foundation\\Http\\Middleware\\TransformsRequest->handle()
#43 /opt/lampp/htdocs/wireless/vendor/laravel/framework/src/Illuminate/Pipeline/Pipeline.php(183): Illuminate\\Foundation\\Http\\Middleware\\TrimStrings->handle()
#44 /opt/lampp/htdocs/wireless/vendor/laravel/framework/src/Illuminate/Foundation/Http/Middleware/ValidatePostSize.php(27): Illuminate\\Pipeline\\Pipeline->Illuminate\\Pipeline\\{closure}()
#45 /opt/lampp/htdocs/wireless/vendor/laravel/framework/src/Illuminate/Pipeline/Pipeline.php(183): Illuminate\\Foundation\\Http\\Middleware\\ValidatePostSize->handle()
#46 /opt/lampp/htdocs/wireless/vendor/laravel/framework/src/Illuminate/Foundation/Http/Middleware/PreventRequestsDuringMaintenance.php(99): Illuminate\\Pipeline\\Pipeline->Illuminate\\Pipeline\\{closure}()
#47 /opt/lampp/htdocs/wireless/vendor/laravel/framework/src/Illuminate/Pipeline/Pipeline.php(183): Illuminate\\Foundation\\Http\\Middleware\\PreventRequestsDuringMaintenance->handle()
#48 /opt/lampp/htdocs/wireless/vendor/laravel/framework/src/Illuminate/Http/Middleware/HandleCors.php(49): Illuminate\\Pipeline\\Pipeline->Illuminate\\Pipeline\\{closure}()
#49 /opt/lampp/htdocs/wireless/vendor/laravel/framework/src/Illuminate/Pipeline/Pipeline.php(183): Illuminate\\Http\\Middleware\\HandleCors->handle()
#50 /opt/lampp/htdocs/wireless/vendor/laravel/framework/src/Illuminate/Http/Middleware/TrustProxies.php(39): Illuminate\\Pipeline\\Pipeline->Illuminate\\Pipeline\\{closure}()
#51 /opt/lampp/htdocs/wireless/vendor/laravel/framework/src/Illuminate/Pipeline/Pipeline.php(183): Illuminate\\Http\\Middleware\\TrustProxies->handle()
#52 /opt/lampp/htdocs/wireless/vendor/laravel/framework/src/Illuminate/Pipeline/Pipeline.php(119): Illuminate\\Pipeline\\Pipeline->Illuminate\\Pipeline\\{closure}()
#53 /opt/lampp/htdocs/wireless/vendor/laravel/framework/src/Illuminate/Foundation/Http/Kernel.php(175): Illuminate\\Pipeline\\Pipeline->then()
#54 /opt/lampp/htdocs/wireless/vendor/laravel/framework/src/Illuminate/Foundation/Http/Kernel.php(144): Illuminate\\Foundation\\Http\\Kernel->sendRequestThroughRouter()
#55 /opt/lampp/htdocs/wireless/public/index.php(51): Illuminate\\Foundation\\Http\\Kernel->handle()
#56 /opt/lampp/htdocs/wireless/vendor/laravel/framework/src/Illuminate/Foundation/resources/server.php(16): require_once('...')
#57 {main}

[previous exception] [object] (PDOException(code: 42S22): SQLSTATE[42S22]: Column not found: 1054 Unknown column 'active' in 'where clause' at /opt/lampp/htdocs/wireless/vendor/laravel/framework/src/Illuminate/Database/Connection.php:416)
[stacktrace]
#0 /opt/lampp/htdocs/wireless/vendor/laravel/framework/src/Illuminate/Database/Connection.php(416): PDO->prepare()
#1 /opt/lampp/htdocs/wireless/vendor/laravel/framework/src/Illuminate/Database/Connection.php(809): Illuminate\\Database\\Connection->Illuminate\\Database\\{closure}()
#2 /opt/lampp/htdocs/wireless/vendor/laravel/framework/src/Illuminate/Database/Connection.php(776): Illuminate\\Database\\Connection->runQueryCallback()
#3 /opt/lampp/htdocs/wireless/vendor/laravel/framework/src/Illuminate/Database/Connection.php(407): Illuminate\\Database\\Connection->run()
#4 /opt/lampp/htdocs/wireless/vendor/laravel/framework/src/Illuminate/Database/Query/Builder.php(2751): Illuminate\\Database\\Connection->select()
#5 /opt/lampp/htdocs/wireless/vendor/laravel/framework/src/Illuminate/Database/Query/Builder.php(2740): Illuminate\\Database\\Query\\Builder->runSelect()
#6 /opt/lampp/htdocs/wireless/vendor/laravel/framework/src/Illuminate/Database/Query/Builder.php(3294): Illuminate\\Database\\Query\\Builder->Illuminate\\Database\\Query\\{closure}()
#7 /opt/lampp/htdocs/wireless/vendor/laravel/framework/src/Illuminate/Database/Query/Builder.php(2739): Illuminate\\Database\\Query\\Builder->onceWithColumns()
#8 /opt/lampp/htdocs/wireless/vendor/laravel/framework/src/Illuminate/Database/Eloquent/Builder.php(737): Illuminate\\Database\\Query\\Builder->get()
#9 /opt/lampp/htdocs/wireless/vendor/laravel/framework/src/Illuminate/Database/Eloquent/Builder.php(721): Illuminate\\Database\\Eloquent\\Builder->getModels()
#10 /opt/lampp/htdocs/wireless/vendor/laravel/framework/src/Illuminate/Database/Concerns/BuildsQueries.php(333): Illuminate\\Database\\Eloquent\\Builder->get()
#11 /opt/lampp/htdocs/wireless/app/Http/Controllers/PostController.php(28): Illuminate\\Database\\Eloquent\\Builder->first()
#12 /opt/lampp/htdocs/wireless/vendor/laravel/framework/src/Illuminate/Routing/Controller.php(54): App\\Http\\Controllers\\PostController->home()
#13 /opt/lampp/htdocs/wireless/vendor/laravel/framework/src/Illuminate/Routing/ControllerDispatcher.php(43): Illuminate\\Routing\\Controller->callAction()
#14 /opt/lampp/htdocs/wireless/vendor/laravel/framework/src/Illuminate/Routing/Route.php(259): Illuminate\\Routing\\ControllerDispatcher->dispatch()
#15 /opt/lampp/htdocs/wireless/vendor/laravel/framework/src/Illuminate/Routing/Route.php(205): Illuminate\\Routing\\Route->runController()
#16 /opt/lampp/htdocs/wireless/vendor/laravel/framework/src/Illuminate/Routing/Router.php(806): Illuminate\\Routing\\Route->run()
#17 /opt/lampp/htdocs/wireless/vendor/laravel/framework/src/Illuminate/Pipeline/Pipeline.php(144): Illuminate\\Routing\\Router->Illuminate\\Routing\\{closure}()
#18 /opt/lampp/htdocs/wireless/vendor/laravel/framework/src/Illuminate/Routing/Middleware/SubstituteBindings.php(50): Illuminate\\Pipeline\\Pipeline->Illuminate\\Pipeline\\{closure}()
#19 /opt/lampp/htdocs/wireless/vendor/laravel/framework/src/Illuminate/Pipeline/Pipeline.php(183): Illuminate\\Routing\\Middleware\\SubstituteBindings->handle()
#20 /opt/lampp/htdocs/wireless/vendor/laravel/framework/src/Illuminate/Foundation/Http/Middleware/VerifyCsrfToken.php(78): Illuminate\\Pipeline\\Pipeline->Illuminate\\Pipeline\\{closure}()
#21 /opt/lampp/htdocs/wireless/vendor/laravel/framework/src/Illuminate/Pipeline/Pipeline.php(183): Illuminate\\Foundation\\Http\\Middleware\\VerifyCsrfToken->handle()
#22 /opt/lampp/htdocs/wireless/vendor/laravel/framework/src/Illuminate/View/Middleware/ShareErrorsFromSession.php(49): Illuminate\\Pipeline\\Pipeline->Illuminate\\Pipeline\\{closure}()
#23 /opt/lampp/htdocs/wireless/vendor/laravel/framework/src/Illuminate/Pipeline/Pipeline.php(183): Illuminate\\View\\Middleware\\ShareErrorsFromSession->handle()
#24 /opt/lampp/htdocs/wireless/vendor/laravel/framework/src/Illuminate/Session/Middleware/StartSession.php(121): Illuminate\\Pipeline\\Pipeline->Illuminate\\Pipeline\\{closure}()
#25 /opt/lampp/htdocs/wireless/vendor/laravel/framework/src/Illuminate/Session/Middleware/StartSession.php(64): Illuminate\\Session\\Middleware\\StartSession->handleStatefulRequest()
#26 /opt/lampp/htdocs/wireless/vendor/laravel/framework/src/Illuminate/Pipeline/Pipeline.php(183): Illuminate\\Session\\Middleware\\StartSession->handle()
#27 /opt/lampp/htdocs/wireless/vendor/laravel/framework/src/Illuminate/Cookie/Middleware/AddQueuedCookiesToResponse.php(37): Illuminate\\Pipeline\\Pipeline->Illuminate\\Pipeline\\{closure}()
#28 /opt/lampp/htdocs/wireless/vendor/laravel/framework/src/Illuminate/Pipeline/Pipeline.php(183): Illuminate\\Cookie\\Middleware\\AddQueuedCookiesToResponse->handle()
#29 /opt/lampp/htdocs/wireless/vendor/laravel/framework/src/Illuminate/Cookie/Middleware/EncryptCookies.php(67): Illuminate\\Pipeline\\Pipeline->Illuminate\\Pipeline\\{closure}()
#30 /opt/lampp/htdocs/wireless/vendor/laravel/framework/src/Illuminate/Pipeline/Pipeline.php(183): Illuminate\\Cookie\\Middleware\\EncryptCookies->handle()
#31 /opt/lampp/htdocs/wireless/vendor/laravel/framework/src/Illuminate/Pipeline/Pipeline.php(119): Illuminate\\Pipeline\\Pipeline->Illuminate\\Pipeline\\{closure}()
#32 /opt/lampp/htdocs/wireless/vendor/laravel/framework/src/Illuminate/Routing/Router.php(805): Illuminate\\Pipeline\\Pipeline->then()
#33 /opt/lampp/htdocs/wireless/vendor/laravel/framework/src/Illuminate/Routing/Router.php(784): Illuminate\\Routing\\Router->runRouteWithinStack()
#34 /opt/lampp/htdocs/wireless/vendor/laravel/framework/src/Illuminate/Routing/Router.php(748): Illuminate\\Routing\\Router->runRoute()
#35 /opt/lampp/htdocs/wireless/vendor/laravel/framework/src/Illuminate/Routing/Router.php(737): Illuminate\\Routing\\Router->dispatchToRoute()
#36 /opt/lampp/htdocs/wireless/vendor/laravel/framework/src/Illuminate/Foundation/Http/Kernel.php(200): Illuminate\\Routing\\Router->dispatch()
#37 /opt/lampp/htdocs/wireless/vendor/laravel/framework/src/Illuminate/Pipeline/Pipeline.php(144): Illuminate\\Foundation\\Http\\Kernel->Illuminate\\Foundation\\Http\\{closure}()
#38 /opt/lampp/htdocs/wireless/vendor/livewire/livewire/src/Features/SupportDisablingBackButtonCache/DisableBackButtonCacheMiddleware.php(19): Illuminate\\Pipeline\\Pipeline->Illuminate\\Pipeline\\{closure}()
#39 /opt/lampp/htdocs/wireless/vendor/laravel/framework/src/Illuminate/Pipeline/Pipeline.php(183): Livewire\\Features\\SupportDisablingBackButtonCache\\DisableBackButtonCacheMiddleware->handle()
#40 /opt/lampp/htdocs/wireless/vendor/laravel/framework/src/Illuminate/Foundation/Http/Middleware/TransformsRequest.php(21): Illuminate\\Pipeline\\Pipeline->Illuminate\\Pipeline\\{closure}()
#41 /opt/lampp/htdocs/wireless/vendor/laravel/framework/src/Illuminate/Foundation/Http/Middleware/ConvertEmptyStringsToNull.php(31): Illuminate\\Foundation\\Http\\Middleware\\TransformsRequest->handle()
#42 /opt/lampp/htdocs/wireless/vendor/laravel/framework/src/Illuminate/Pipeline/Pipeline.php(183): Illuminate\\Foundation\\Http\\Middleware\\ConvertEmptyStringsToNull->handle()
#43 /opt/lampp/htdocs/wireless/vendor/laravel/framework/src/Illuminate/Foundation/Http/Middleware/TransformsRequest.php(21): Illuminate\\Pipeline\\Pipeline->Illuminate\\Pipeline\\{closure}()
#44 /opt/lampp/htdocs/wireless/vendor/laravel/framework/src/Illuminate/Foundation/Http/Middleware/TrimStrings.php(40): Illuminate\\Foundation\\Http\\Middleware\\TransformsRequest->handle()
#45 /opt/lampp/htdocs/wireless/vendor/laravel/framework/src/Illuminate/Pipeline/Pipeline.php(183): Illuminate\\Foundation\\Http\\Middleware\\TrimStrings->handle()
#46 /opt/lampp/htdocs/wireless/vendor/laravel/framework/src/Illuminate/Foundation/Http/Middleware/ValidatePostSize.php(27): Illuminate\\Pipeline\\Pipeline->Illuminate\\Pipeline\\{closure}()
#47 /opt/lampp/htdocs/wireless/vendor/laravel/framework/src/Illuminate/Pipeline/Pipeline.php(183): Illuminate\\Foundation\\Http\\Middleware\\ValidatePostSize->handle()
#48 /opt/lampp/htdocs/wireless/vendor/laravel/framework/src/Illuminate/Foundation/Http/Middleware/PreventRequestsDuringMaintenance.php(99): Illuminate\\Pipeline\\Pipeline->Illuminate\\Pipeline\\{closure}()
#49 /opt/lampp/htdocs/wireless/vendor/laravel/framework/src/Illuminate/Pipeline/Pipeline.php(183): Illuminate\\Foundation\\Http\\Middleware\\PreventRequestsDuringMaintenance->handle()
#50 /opt/lampp/htdocs/wireless/vendor/laravel/framework/src/Illuminate/Http/Middleware/HandleCors.php(49): Illuminate\\Pipeline\\Pipeline->Illuminate\\Pipeline\\{closure}()
#51 /opt/lampp/htdocs/wireless/vendor/laravel/framework/src/Illuminate/Pipeline/Pipeline.php(183): Illuminate\\Http\\Middleware\\HandleCors->handle()
#52 /opt/lampp/htdocs/wireless/vendor/laravel/framework/src/Illuminate/Http/Middleware/TrustProxies.php(39): Illuminate\\Pipeline\\Pipeline->Illuminate\\Pipeline\\{closure}()
#53 /opt/lampp/htdocs/wireless/vendor/laravel/framework/src/Illuminate/Pipeline/Pipeline.php(183): Illuminate\\Http\\Middleware\\TrustProxies->handle()
#54 /opt/lampp/htdocs/wireless/vendor/laravel/framework/src/Illuminate/Pipeline/Pipeline.php(119): Illuminate\\Pipeline\\Pipeline->Illuminate\\Pipeline\\{closure}()
#55 /opt/lampp/htdocs/wireless/vendor/laravel/framework/src/Illuminate/Foundation/Http/Kernel.php(175): Illuminate\\Pipeline\\Pipeline->then()
#56 /opt/lampp/htdocs/wireless/vendor/laravel/framework/src/Illuminate/Foundation/Http/Kernel.php(144): Illuminate\\Foundation\\Http\\Kernel->sendRequestThroughRouter()
#57 /opt/lampp/htdocs/wireless/public/index.php(51): Illuminate\\Foundation\\Http\\Kernel->handle()
#58 /opt/lampp/htdocs/wireless/vendor/laravel/framework/src/Illuminate/Foundation/resources/server.php(16): require_once('...')
#59 {main}
"} 
[2026-03-06 13:52:44] production.ERROR: SQLSTATE[42S02]: Base table or view not found: 1146 Table 'wireless.text_widgets' doesn't exist (Connection: mysql, SQL: select * from `text_widgets` where `key` = about-us-sidebar limit 1) {"view":{"view":"/opt/lampp/htdocs/wireless/resources/views/layouts/app.blade.php","data":[]},"exception":"[object] (Spatie\\LaravelIgnition\\Exceptions\\ViewException(code: 0): SQLSTATE[42S02]: Base table or view not found: 1146 Table 'wireless.text_widgets' doesn't exist (Connection: mysql, SQL: select * from `text_widgets` where `key` = about-us-sidebar limit 1) at /opt/lampp/htdocs/wireless/vendor/laravel/framework/src/Illuminate/Database/Connection.php:822)
[stacktrace]
#0 /opt/lampp/htdocs/wireless/vendor/laravel/framework/src/Illuminate/Database/Connection.php(776): Illuminate\\Database\\Connection->runQueryCallback()
#1 /opt/lampp/htdocs/wireless/vendor/laravel/framework/src/Illuminate/Database/Connection.php(407): Illuminate\\Database\\Connection->run()
#2 /opt/lampp/htdocs/wireless/vendor/laravel/framework/src/Illuminate/Database/Query/Builder.php(2751): Illuminate\\Database\\Connection->select()
#3 /opt/lampp/htdocs/wireless/vendor/laravel/framework/src/Illuminate/Database/Query/Builder.php(2740): Illuminate\\Database\\Query\\Builder->runSelect()
#4 /opt/lampp/htdocs/wireless/vendor/laravel/framework/src/Illuminate/Database/Query/Builder.php(3294): Illuminate\\Database\\Query\\Builder->Illuminate\\Database\\Query\\{closure}()
#5 /opt/lampp/htdocs/wireless/vendor/laravel/framework/src/Illuminate/Database/Query/Builder.php(2739): Illuminate\\Database\\Query\\Builder->onceWithColumns()
#6 /opt/lampp/htdocs/wireless/vendor/laravel/framework/src/Illuminate/Database/Eloquent/Builder.php(737): Illuminate\\Database\\Query\\Builder->get()
#7 /opt/lampp/htdocs/wireless/vendor/laravel/framework/src/Illuminate/Database/Eloquent/Builder.php(721): Illuminate\\Database\\Eloquent\\Builder->getModels()
#8 /opt/lampp/htdocs/wireless/vendor/laravel/framework/src/Illuminate/Database/Concerns/BuildsQueries.php(333): Illuminate\\Database\\Eloquent\\Builder->get()
#9 /opt/lampp/htdocs/wireless/app/Models/TextWidget.php(35): Illuminate\\Database\\Eloquent\\Builder->first()
#10 /opt/lampp/htdocs/wireless/vendor/laravel/framework/src/Illuminate/Collections/helpers.php(224): App\\Models\\TextWidget::App\\Models\\{closure}()
#11 /opt/lampp/htdocs/wireless/vendor/laravel/framework/src/Illuminate/Cache/Repository.php(107): value()
#12 /opt/lampp/htdocs/wireless/vendor/laravel/framework/src/Illuminate/Cache/CacheManager.php(429): Illuminate\\Cache\\Repository->get()
#13 /opt/lampp/htdocs/wireless/vendor/laravel/framework/src/Illuminate/Support/Facades/Facade.php(355): Illuminate\\Cache\\CacheManager->__call()
#14 /opt/lampp/htdocs/wireless/app/Models/TextWidget.php(34): Illuminate\\Support\\Facades\\Facade::__callStatic()
#15 /opt/lampp/htdocs/wireless/resources/views/layouts/app.blade.php(291): App\\Models\\TextWidget::getContent()
#16 /opt/lampp/htdocs/wireless/vendor/laravel/framework/src/Illuminate/Filesystem/Filesystem.php(124): require('...')
#17 /opt/lampp/htdocs/wireless/vendor/laravel/framework/src/Illuminate/Filesystem/Filesystem.php(125): Illuminate\\Filesystem\\Filesystem::Illuminate\\Filesystem\\{closure}()
#18 /opt/lampp/htdocs/wireless/vendor/laravel/framework/src/Illuminate/View/Engines/PhpEngine.php(58): Illuminate\\Filesystem\\Filesystem->getRequire()
#19 /opt/lampp/htdocs/wireless/vendor/livewire/livewire/src/Mechanisms/ExtendBlade/ExtendedCompilerEngine.php(22): Illuminate\\View\\Engines\\PhpEngine->evaluatePath()
#20 /opt/lampp/htdocs/wireless/vendor/laravel/framework/src/Illuminate/View/Engines/CompilerEngine.php(72): Livewire\\Mechanisms\\ExtendBlade\\ExtendedCompilerEngine->evaluatePath()
#21 /opt/lampp/htdocs/wireless/vendor/livewire/livewire/src/Mechanisms/ExtendBlade/ExtendedCompilerEngine.php(10): Illuminate\\View\\Engines\\CompilerEngine->get()
#22 /opt/lampp/htdocs/wireless/vendor/laravel/framework/src/Illuminate/View/View.php(207): Livewire\\Mechanisms\\ExtendBlade\\ExtendedCompilerEngine->get()
#23 /opt/lampp/htdocs/wireless/vendor/laravel/framework/src/Illuminate/View/View.php(190): Illuminate\\View\\View->getContents()
#24 /opt/lampp/htdocs/wireless/vendor/laravel/framework/src/Illuminate/View/View.php(159): Illuminate\\View\\View->renderContents()
#25 /opt/lampp/htdocs/wireless/vendor/laravel/framework/src/Illuminate/View/Concerns/ManagesComponents.php(99): Illuminate\\View\\View->render()
#26 /opt/lampp/htdocs/wireless/resources/views/errors/404.blade.php(45): Illuminate\\View\\Factory->renderComponent()
#27 /opt/lampp/htdocs/wireless/vendor/laravel/framework/src/Illuminate/Filesystem/Filesystem.php(124): require('...')
#28 /opt/lampp/htdocs/wireless/vendor/laravel/framework/src/Illuminate/Filesystem/Filesystem.php(125): Illuminate\\Filesystem\\Filesystem::Illuminate\\Filesystem\\{closure}()
#29 /opt/lampp/htdocs/wireless/vendor/laravel/framework/src/Illuminate/View/Engines/PhpEngine.php(58): Illuminate\\Filesystem\\Filesystem->getRequire()
#30 /opt/lampp/htdocs/wireless/vendor/livewire/livewire/src/Mechanisms/ExtendBlade/ExtendedCompilerEngine.php(22): Illuminate\\View\\Engines\\PhpEngine->evaluatePath()
#31 /opt/lampp/htdocs/wireless/vendor/laravel/framework/src/Illuminate/View/Engines/CompilerEngine.php(72): Livewire\\Mechanisms\\ExtendBlade\\ExtendedCompilerEngine->evaluatePath()
#32 /opt/lampp/htdocs/wireless/vendor/livewire/livewire/src/Mechanisms/ExtendBlade/ExtendedCompilerEngine.php(10): Illuminate\\View\\Engines\\CompilerEngine->get()
#33 /opt/lampp/htdocs/wireless/vendor/laravel/framework/src/Illuminate/View/View.php(207): Livewire\\Mechanisms\\ExtendBlade\\ExtendedCompilerEngine->get()
#34 /opt/lampp/htdocs/wireless/vendor/laravel/framework/src/Illuminate/View/View.php(190): Illuminate\\View\\View->getContents()
#35 /opt/lampp/htdocs/wireless/vendor/laravel/framework/src/Illuminate/View/View.php(159): Illuminate\\View\\View->renderContents()
#36 /opt/lampp/htdocs/wireless/vendor/laravel/framework/src/Illuminate/Http/Response.php(69): Illuminate\\View\\View->render()
#37 /opt/lampp/htdocs/wireless/vendor/laravel/framework/src/Illuminate/Http/Response.php(35): Illuminate\\Http\\Response->setContent()
#38 /opt/lampp/htdocs/wireless/vendor/laravel/framework/src/Illuminate/Routing/ResponseFactory.php(57): Illuminate\\Http\\Response->__construct()
#39 /opt/lampp/htdocs/wireless/vendor/laravel/framework/src/Illuminate/Routing/ResponseFactory.php(87): Illuminate\\Routing\\ResponseFactory->make()
#40 /opt/lampp/htdocs/wireless/vendor/laravel/framework/src/Illuminate/Foundation/Exceptions/Handler.php(723): Illuminate\\Routing\\ResponseFactory->view()
#41 /opt/lampp/htdocs/wireless/vendor/laravel/framework/src/Illuminate/Foundation/Exceptions/Handler.php(650): Illuminate\\Foundation\\Exceptions\\Handler->renderHttpException()
#42 /opt/lampp/htdocs/wireless/vendor/laravel/framework/src/Illuminate/Foundation/Exceptions/Handler.php(556): Illuminate\\Foundation\\Exceptions\\Handler->prepareResponse()
#43 /opt/lampp/htdocs/wireless/vendor/laravel/framework/src/Illuminate/Foundation/Exceptions/Handler.php(473): Illuminate\\Foundation\\Exceptions\\Handler->renderExceptionResponse()
#44 /opt/lampp/htdocs/wireless/vendor/laravel/framework/src/Illuminate/Routing/Pipeline.php(51): Illuminate\\Foundation\\Exceptions\\Handler->render()
#45 /opt/lampp/htdocs/wireless/vendor/laravel/framework/src/Illuminate/Pipeline/Pipeline.php(188): Illuminate\\Routing\\Pipeline->handleException()
#46 /opt/lampp/htdocs/wireless/vendor/laravel/framework/src/Illuminate/Pipeline/Pipeline.php(119): Illuminate\\Pipeline\\Pipeline->Illuminate\\Pipeline\\{closure}()
#47 /opt/lampp/htdocs/wireless/vendor/laravel/framework/src/Illuminate/Routing/Router.php(805): Illuminate\\Pipeline\\Pipeline->then()
#48 /opt/lampp/htdocs/wireless/vendor/laravel/framework/src/Illuminate/Routing/Router.php(784): Illuminate\\Routing\\Router->runRouteWithinStack()
#49 /opt/lampp/htdocs/wireless/vendor/laravel/framework/src/Illuminate/Routing/Router.php(748): Illuminate\\Routing\\Router->runRoute()
#50 /opt/lampp/htdocs/wireless/vendor/laravel/framework/src/Illuminate/Routing/Router.php(737): Illuminate\\Routing\\Router->dispatchToRoute()
#51 /opt/lampp/htdocs/wireless/vendor/laravel/framework/src/Illuminate/Foundation/Http/Kernel.php(200): Illuminate\\Routing\\Router->dispatch()
#52 /opt/lampp/htdocs/wireless/vendor/laravel/framework/src/Illuminate/Pipeline/Pipeline.php(144): Illuminate\\Foundation\\Http\\Kernel->Illuminate\\Foundation\\Http\\{closure}()
#53 /opt/lampp/htdocs/wireless/vendor/livewire/livewire/src/Features/SupportDisablingBackButtonCache/DisableBackButtonCacheMiddleware.php(19): Illuminate\\Pipeline\\Pipeline->Illuminate\\Pipeline\\{closure}()
#54 /opt/lampp/htdocs/wireless/vendor/laravel/framework/src/Illuminate/Pipeline/Pipeline.php(183): Livewire\\Features\\SupportDisablingBackButtonCache\\DisableBackButtonCacheMiddleware->handle()
#55 /opt/lampp/htdocs/wireless/vendor/laravel/framework/src/Illuminate/Foundation/Http/Middleware/TransformsRequest.php(21): Illuminate\\Pipeline\\Pipeline->Illuminate\\Pipeline\\{closure}()
#56 /opt/lampp/htdocs/wireless/vendor/laravel/framework/src/Illuminate/Foundation/Http/Middleware/ConvertEmptyStringsToNull.php(31): Illuminate\\Foundation\\Http\\Middleware\\TransformsRequest->handle()
#57 /opt/lampp/htdocs/wireless/vendor/laravel/framework/src/Illuminate/Pipeline/Pipeline.php(183): Illuminate\\Foundation\\Http\\Middleware\\ConvertEmptyStringsToNull->handle()
#58 /opt/lampp/htdocs/wireless/vendor/laravel/framework/src/Illuminate/Foundation/Http/Middleware/TransformsRequest.php(21): Illuminate\\Pipeline\\Pipeline->Illuminate\\Pipeline\\{closure}()
#59 /opt/lampp/htdocs/wireless/vendor/laravel/framework/src/Illuminate/Foundation/Http/Middleware/TrimStrings.php(40): Illuminate\\Foundation\\Http\\Middleware\\TransformsRequest->handle()
#60 /opt/lampp/htdocs/wireless/vendor/laravel/framework/src/Illuminate/Pipeline/Pipeline.php(183): Illuminate\\Foundation\\Http\\Middleware\\TrimStrings->handle()
#61 /opt/lampp/htdocs/wireless/vendor/laravel/framework/src/Illuminate/Foundation/Http/Middleware/ValidatePostSize.php(27): Illuminate\\Pipeline\\Pipeline->Illuminate\\Pipeline\\{closure}()
#62 /opt/lampp/htdocs/wireless/vendor/laravel/framework/src/Illuminate/Pipeline/Pipeline.php(183): Illuminate\\Foundation\\Http\\Middleware\\ValidatePostSize->handle()
#63 /opt/lampp/htdocs/wireless/vendor/laravel/framework/src/Illuminate/Foundation/Http/Middleware/PreventRequestsDuringMaintenance.php(99): Illuminate\\Pipeline\\Pipeline->Illuminate\\Pipeline\\{closure}()
#64 /opt/lampp/htdocs/wireless/vendor/laravel/framework/src/Illuminate/Pipeline/Pipeline.php(183): Illuminate\\Foundation\\Http\\Middleware\\PreventRequestsDuringMaintenance->handle()
#65 /opt/lampp/htdocs/wireless/vendor/laravel/framework/src/Illuminate/Http/Middleware/HandleCors.php(49): Illuminate\\Pipeline\\Pipeline->Illuminate\\Pipeline\\{closure}()
#66 /opt/lampp/htdocs/wireless/vendor/laravel/framework/src/Illuminate/Pipeline/Pipeline.php(183): Illuminate\\Http\\Middleware\\HandleCors->handle()
#67 /opt/lampp/htdocs/wireless/vendor/laravel/framework/src/Illuminate/Http/Middleware/TrustProxies.php(39): Illuminate\\Pipeline\\Pipeline->Illuminate\\Pipeline\\{closure}()
#68 /opt/lampp/htdocs/wireless/vendor/laravel/framework/src/Illuminate/Pipeline/Pipeline.php(183): Illuminate\\Http\\Middleware\\TrustProxies->handle()
#69 /opt/lampp/htdocs/wireless/vendor/laravel/framework/src/Illuminate/Pipeline/Pipeline.php(119): Illuminate\\Pipeline\\Pipeline->Illuminate\\Pipeline\\{closure}()
#70 /opt/lampp/htdocs/wireless/vendor/laravel/framework/src/Illuminate/Foundation/Http/Kernel.php(175): Illuminate\\Pipeline\\Pipeline->then()
#71 /opt/lampp/htdocs/wireless/vendor/laravel/framework/src/Illuminate/Foundation/Http/Kernel.php(144): Illuminate\\Foundation\\Http\\Kernel->sendRequestThroughRouter()
#72 /opt/lampp/htdocs/wireless/public/index.php(51): Illuminate\\Foundation\\Http\\Kernel->handle()
#73 /opt/lampp/htdocs/wireless/vendor/laravel/framework/src/Illuminate/Foundation/resources/server.php(16): require_once('...')
#74 {main}

[previous exception] [object] (Illuminate\\Database\\QueryException(code: 42S02): SQLSTATE[42S02]: Base table or view not found: 1146 Table 'wireless.text_widgets' doesn't exist (Connection: mysql, SQL: select * from `text_widgets` where `key` = about-us-sidebar limit 1) at /opt/lampp/htdocs/wireless/vendor/laravel/framework/src/Illuminate/Database/Connection.php:822)
[stacktrace]
#0 /opt/lampp/htdocs/wireless/vendor/laravel/framework/src/Illuminate/Database/Connection.php(776): Illuminate\\Database\\Connection->runQueryCallback()
#1 /opt/lampp/htdocs/wireless/vendor/laravel/framework/src/Illuminate/Database/Connection.php(407): Illuminate\\Database\\Connection->run()
#2 /opt/lampp/htdocs/wireless/vendor/laravel/framework/src/Illuminate/Database/Query/Builder.php(2751): Illuminate\\Database\\Connection->select()
#3 /opt/lampp/htdocs/wireless/vendor/laravel/framework/src/Illuminate/Database/Query/Builder.php(2740): Illuminate\\Database\\Query\\Builder->runSelect()
#4 /opt/lampp/htdocs/wireless/vendor/laravel/framework/src/Illuminate/Database/Query/Builder.php(3294): Illuminate\\Database\\Query\\Builder->Illuminate\\Database\\Query\\{closure}()
#5 /opt/lampp/htdocs/wireless/vendor/laravel/framework/src/Illuminate/Database/Query/Builder.php(2739): Illuminate\\Database\\Query\\Builder->onceWithColumns()
#6 /opt/lampp/htdocs/wireless/vendor/laravel/framework/src/Illuminate/Database/Eloquent/Builder.php(737): Illuminate\\Database\\Query\\Builder->get()
#7 /opt/lampp/htdocs/wireless/vendor/laravel/framework/src/Illuminate/Database/Eloquent/Builder.php(721): Illuminate\\Database\\Eloquent\\Builder->getModels()
#8 /opt/lampp/htdocs/wireless/vendor/laravel/framework/src/Illuminate/Database/Concerns/BuildsQueries.php(333): Illuminate\\Database\\Eloquent\\Builder->get()
#9 /opt/lampp/htdocs/wireless/app/Models/TextWidget.php(35): Illuminate\\Database\\Eloquent\\Builder->first()
#10 /opt/lampp/htdocs/wireless/vendor/laravel/framework/src/Illuminate/Collections/helpers.php(224): App\\Models\\TextWidget::App\\Models\\{closure}()
#11 /opt/lampp/htdocs/wireless/vendor/laravel/framework/src/Illuminate/Cache/Repository.php(107): value()
#12 /opt/lampp/htdocs/wireless/vendor/laravel/framework/src/Illuminate/Cache/CacheManager.php(429): Illuminate\\Cache\\Repository->get()
#13 /opt/lampp/htdocs/wireless/vendor/laravel/framework/src/Illuminate/Support/Facades/Facade.php(355): Illuminate\\Cache\\CacheManager->__call()
#14 /opt/lampp/htdocs/wireless/app/Models/TextWidget.php(34): Illuminate\\Support\\Facades\\Facade::__callStatic()
#15 /opt/lampp/htdocs/wireless/storage/framework/views/4918ade9d894dbbdc113be650a0f2910.php(405): App\\Models\\TextWidget::getContent()
#16 /opt/lampp/htdocs/wireless/vendor/laravel/framework/src/Illuminate/Filesystem/Filesystem.php(124): require('...')
#17 /opt/lampp/htdocs/wireless/vendor/laravel/framework/src/Illuminate/Filesystem/Filesystem.php(125): Illuminate\\Filesystem\\Filesystem::Illuminate\\Filesystem\\{closure}()
#18 /opt/lampp/htdocs/wireless/vendor/laravel/framework/src/Illuminate/View/Engines/PhpEngine.php(58): Illuminate\\Filesystem\\Filesystem->getRequire()
#19 /opt/lampp/htdocs/wireless/vendor/livewire/livewire/src/Mechanisms/ExtendBlade/ExtendedCompilerEngine.php(22): Illuminate\\View\\Engines\\PhpEngine->evaluatePath()
#20 /opt/lampp/htdocs/wireless/vendor/laravel/framework/src/Illuminate/View/Engines/CompilerEngine.php(72): Livewire\\Mechanisms\\ExtendBlade\\ExtendedCompilerEngine->evaluatePath()
#21 /opt/lampp/htdocs/wireless/vendor/livewire/livewire/src/Mechanisms/ExtendBlade/ExtendedCompilerEngine.php(10): Illuminate\\View\\Engines\\CompilerEngine->get()
#22 /opt/lampp/htdocs/wireless/vendor/laravel/framework/src/Illuminate/View/View.php(207): Livewire\\Mechanisms\\ExtendBlade\\ExtendedCompilerEngine->get()
#23 /opt/lampp/htdocs/wireless/vendor/laravel/framework/src/Illuminate/View/View.php(190): Illuminate\\View\\View->getContents()
#24 /opt/lampp/htdocs/wireless/vendor/laravel/framework/src/Illuminate/View/View.php(159): Illuminate\\View\\View->renderContents()
#25 /opt/lampp/htdocs/wireless/vendor/laravel/framework/src/Illuminate/View/Concerns/ManagesComponents.php(99): Illuminate\\View\\View->render()
#26 /opt/lampp/htdocs/wireless/storage/framework/views/6c98e84b92353b4122cb1cc648a9d157.php(45): Illuminate\\View\\Factory->renderComponent()
#27 /opt/lampp/htdocs/wireless/vendor/laravel/framework/src/Illuminate/Filesystem/Filesystem.php(124): require('...')
#28 /opt/lampp/htdocs/wireless/vendor/laravel/framework/src/Illuminate/Filesystem/Filesystem.php(125): Illuminate\\Filesystem\\Filesystem::Illuminate\\Filesystem\\{closure}()
#29 /opt/lampp/htdocs/wireless/vendor/laravel/framework/src/Illuminate/View/Engines/PhpEngine.php(58): Illuminate\\Filesystem\\Filesystem->getRequire()
#30 /opt/lampp/htdocs/wireless/vendor/livewire/livewire/src/Mechanisms/ExtendBlade/ExtendedCompilerEngine.php(22): Illuminate\\View\\Engines\\PhpEngine->evaluatePath()
#31 /opt/lampp/htdocs/wireless/vendor/laravel/framework/src/Illuminate/View/Engines/CompilerEngine.php(72): Livewire\\Mechanisms\\ExtendBlade\\ExtendedCompilerEngine->evaluatePath()
#32 /opt/lampp/htdocs/wireless/vendor/livewire/livewire/src/Mechanisms/ExtendBlade/ExtendedCompilerEngine.php(10): Illuminate\\View\\Engines\\CompilerEngine->get()
#33 /opt/lampp/htdocs/wireless/vendor/laravel/framework/src/Illuminate/View/View.php(207): Livewire\\Mechanisms\\ExtendBlade\\ExtendedCompilerEngine->get()
#34 /opt/lampp/htdocs/wireless/vendor/laravel/framework/src/Illuminate/View/View.php(190): Illuminate\\View\\View->getContents()
#35 /opt/lampp/htdocs/wireless/vendor/laravel/framework/src/Illuminate/View/View.php(159): Illuminate\\View\\View->renderContents()
#36 /opt/lampp/htdocs/wireless/vendor/laravel/framework/src/Illuminate/Http/Response.php(69): Illuminate\\View\\View->render()
#37 /opt/lampp/htdocs/wireless/vendor/laravel/framework/src/Illuminate/Http/Response.php(35): Illuminate\\Http\\Response->setContent()
#38 /opt/lampp/htdocs/wireless/vendor/laravel/framework/src/Illuminate/Routing/ResponseFactory.php(57): Illuminate\\Http\\Response->__construct()
#39 /opt/lampp/htdocs/wireless/vendor/laravel/framework/src/Illuminate/Routing/ResponseFactory.php(87): Illuminate\\Routing\\ResponseFactory->make()
#40 /opt/lampp/htdocs/wireless/vendor/laravel/framework/src/Illuminate/Foundation/Exceptions/Handler.php(723): Illuminate\\Routing\\ResponseFactory->view()
#41 /opt/lampp/htdocs/wireless/vendor/laravel/framework/src/Illuminate/Foundation/Exceptions/Handler.php(650): Illuminate\\Foundation\\Exceptions\\Handler->renderHttpException()
#42 /opt/lampp/htdocs/wireless/vendor/laravel/framework/src/Illuminate/Foundation/Exceptions/Handler.php(556): Illuminate\\Foundation\\Exceptions\\Handler->prepareResponse()
#43 /opt/lampp/htdocs/wireless/vendor/laravel/framework/src/Illuminate/Foundation/Exceptions/Handler.php(473): Illuminate\\Foundation\\Exceptions\\Handler->renderExceptionResponse()
#44 /opt/lampp/htdocs/wireless/vendor/laravel/framework/src/Illuminate/Routing/Pipeline.php(51): Illuminate\\Foundation\\Exceptions\\Handler->render()
#45 /opt/lampp/htdocs/wireless/vendor/laravel/framework/src/Illuminate/Pipeline/Pipeline.php(188): Illuminate\\Routing\\Pipeline->handleException()
#46 /opt/lampp/htdocs/wireless/vendor/laravel/framework/src/Illuminate/Pipeline/Pipeline.php(119): Illuminate\\Pipeline\\Pipeline->Illuminate\\Pipeline\\{closure}()
#47 /opt/lampp/htdocs/wireless/vendor/laravel/framework/src/Illuminate/Routing/Router.php(805): Illuminate\\Pipeline\\Pipeline->then()
#48 /opt/lampp/htdocs/wireless/vendor/laravel/framework/src/Illuminate/Routing/Router.php(784): Illuminate\\Routing\\Router->runRouteWithinStack()
#49 /opt/lampp/htdocs/wireless/vendor/laravel/framework/src/Illuminate/Routing/Router.php(748): Illuminate\\Routing\\Router->runRoute()
#50 /opt/lampp/htdocs/wireless/vendor/laravel/framework/src/Illuminate/Routing/Router.php(737): Illuminate\\Routing\\Router->dispatchToRoute()
#51 /opt/lampp/htdocs/wireless/vendor/laravel/framework/src/Illuminate/Foundation/Http/Kernel.php(200): Illuminate\\Routing\\Router->dispatch()
#52 /opt/lampp/htdocs/wireless/vendor/laravel/framework/src/Illuminate/Pipeline/Pipeline.php(144): Illuminate\\Foundation\\Http\\Kernel->Illuminate\\Foundation\\Http\\{closure}()
#53 /opt/lampp/htdocs/wireless/vendor/livewire/livewire/src/Features/SupportDisablingBackButtonCache/DisableBackButtonCacheMiddleware.php(19): Illuminate\\Pipeline\\Pipeline->Illuminate\\Pipeline\\{closure}()
#54 /opt/lampp/htdocs/wireless/vendor/laravel/framework/src/Illuminate/Pipeline/Pipeline.php(183): Livewire\\Features\\SupportDisablingBackButtonCache\\DisableBackButtonCacheMiddleware->handle()
#55 /opt/lampp/htdocs/wireless/vendor/laravel/framework/src/Illuminate/Foundation/Http/Middleware/TransformsRequest.php(21): Illuminate\\Pipeline\\Pipeline->Illuminate\\Pipeline\\{closure}()
#56 /opt/lampp/htdocs/wireless/vendor/laravel/framework/src/Illuminate/Foundation/Http/Middleware/ConvertEmptyStringsToNull.php(31): Illuminate\\Foundation\\Http\\Middleware\\TransformsRequest->handle()
#57 /opt/lampp/htdocs/wireless/vendor/laravel/framework/src/Illuminate/Pipeline/Pipeline.php(183): Illuminate\\Foundation\\Http\\Middleware\\ConvertEmptyStringsToNull->handle()
#58 /opt/lampp/htdocs/wireless/vendor/laravel/framework/src/Illuminate/Foundation/Http/Middleware/TransformsRequest.php(21): Illuminate\\Pipeline\\Pipeline->Illuminate\\Pipeline\\{closure}()
#59 /opt/lampp/htdocs/wireless/vendor/laravel/framework/src/Illuminate/Foundation/Http/Middleware/TrimStrings.php(40): Illuminate\\Foundation\\Http\\Middleware\\TransformsRequest->handle()
#60 /opt/lampp/htdocs/wireless/vendor/laravel/framework/src/Illuminate/Pipeline/Pipeline.php(183): Illuminate\\Foundation\\Http\\Middleware\\TrimStrings->handle()
#61 /opt/lampp/htdocs/wireless/vendor/laravel/framework/src/Illuminate/Foundation/Http/Middleware/ValidatePostSize.php(27): Illuminate\\Pipeline\\Pipeline->Illuminate\\Pipeline\\{closure}()
#62 /opt/lampp/htdocs/wireless/vendor/laravel/framework/src/Illuminate/Pipeline/Pipeline.php(183): Illuminate\\Foundation\\Http\\Middleware\\ValidatePostSize->handle()
#63 /opt/lampp/htdocs/wireless/vendor/laravel/framework/src/Illuminate/Foundation/Http/Middleware/PreventRequestsDuringMaintenance.php(99): Illuminate\\Pipeline\\Pipeline->Illuminate\\Pipeline\\{closure}()
#64 /opt/lampp/htdocs/wireless/vendor/laravel/framework/src/Illuminate/Pipeline/Pipeline.php(183): Illuminate\\Foundation\\Http\\Middleware\\PreventRequestsDuringMaintenance->handle()
#65 /opt/lampp/htdocs/wireless/vendor/laravel/framework/src/Illuminate/Http/Middleware/HandleCors.php(49): Illuminate\\Pipeline\\Pipeline->Illuminate\\Pipeline\\{closure}()
#66 /opt/lampp/htdocs/wireless/vendor/laravel/framework/src/Illuminate/Pipeline/Pipeline.php(183): Illuminate\\Http\\Middleware\\HandleCors->handle()
#67 /opt/lampp/htdocs/wireless/vendor/laravel/framework/src/Illuminate/Http/Middleware/TrustProxies.php(39): Illuminate\\Pipeline\\Pipeline->Illuminate\\Pipeline\\{closure}()
#68 /opt/lampp/htdocs/wireless/vendor/laravel/framework/src/Illuminate/Pipeline/Pipeline.php(183): Illuminate\\Http\\Middleware\\TrustProxies->handle()
#69 /opt/lampp/htdocs/wireless/vendor/laravel/framework/src/Illuminate/Pipeline/Pipeline.php(119): Illuminate\\Pipeline\\Pipeline->Illuminate\\Pipeline\\{closure}()
#70 /opt/lampp/htdocs/wireless/vendor/laravel/framework/src/Illuminate/Foundation/Http/Kernel.php(175): Illuminate\\Pipeline\\Pipeline->then()
#71 /opt/lampp/htdocs/wireless/vendor/laravel/framework/src/Illuminate/Foundation/Http/Kernel.php(144): Illuminate\\Foundation\\Http\\Kernel->sendRequestThroughRouter()
#72 /opt/lampp/htdocs/wireless/public/index.php(51): Illuminate\\Foundation\\Http\\Kernel->handle()
#73 /opt/lampp/htdocs/wireless/vendor/laravel/framework/src/Illuminate/Foundation/resources/server.php(16): require_once('...')
#74 {main}

[previous exception] [object] (PDOException(code: 42S02): SQLSTATE[42S02]: Base table or view not found: 1146 Table 'wireless.text_widgets' doesn't exist at /opt/lampp/htdocs/wireless/vendor/laravel/framework/src/Illuminate/Database/Connection.php:416)
[stacktrace]
#0 /opt/lampp/htdocs/wireless/vendor/laravel/framework/src/Illuminate/Database/Connection.php(416): PDO->prepare()
#1 /opt/lampp/htdocs/wireless/vendor/laravel/framework/src/Illuminate/Database/Connection.php(809): Illuminate\\Database\\Connection->Illuminate\\Database\\{closure}()
#2 /opt/lampp/htdocs/wireless/vendor/laravel/framework/src/Illuminate/Database/Connection.php(776): Illuminate\\Database\\Connection->runQueryCallback()
#3 /opt/lampp/htdocs/wireless/vendor/laravel/framework/src/Illuminate/Database/Connection.php(407): Illuminate\\Database\\Connection->run()
#4 /opt/lampp/htdocs/wireless/vendor/laravel/framework/src/Illuminate/Database/Query/Builder.php(2751): Illuminate\\Database\\Connection->select()
#5 /opt/lampp/htdocs/wireless/vendor/laravel/framework/src/Illuminate/Database/Query/Builder.php(2740): Illuminate\\Database\\Query\\Builder->runSelect()
#6 /opt/lampp/htdocs/wireless/vendor/laravel/framework/src/Illuminate/Database/Query/Builder.php(3294): Illuminate\\Database\\Query\\Builder->Illuminate\\Database\\Query\\{closure}()
#7 /opt/lampp/htdocs/wireless/vendor/laravel/framework/src/Illuminate/Database/Query/Builder.php(2739): Illuminate\\Database\\Query\\Builder->onceWithColumns()
#8 /opt/lampp/htdocs/wireless/vendor/laravel/framework/src/Illuminate/Database/Eloquent/Builder.php(737): Illuminate\\Database\\Query\\Builder->get()
#9 /opt/lampp/htdocs/wireless/vendor/laravel/framework/src/Illuminate/Database/Eloquent/Builder.php(721): Illuminate\\Database\\Eloquent\\Builder->getModels()
#10 /opt/lampp/htdocs/wireless/vendor/laravel/framework/src/Illuminate/Database/Concerns/BuildsQueries.php(333): Illuminate\\Database\\Eloquent\\Builder->get()
#11 /opt/lampp/htdocs/wireless/app/Models/TextWidget.php(35): Illuminate\\Database\\Eloquent\\Builder->first()
#12 /opt/lampp/htdocs/wireless/vendor/laravel/framework/src/Illuminate/Collections/helpers.php(224): App\\Models\\TextWidget::App\\Models\\{closure}()
#13 /opt/lampp/htdocs/wireless/vendor/laravel/framework/src/Illuminate/Cache/Repository.php(107): value()
#14 /opt/lampp/htdocs/wireless/vendor/laravel/framework/src/Illuminate/Cache/CacheManager.php(429): Illuminate\\Cache\\Repository->get()
#15 /opt/lampp/htdocs/wireless/vendor/laravel/framework/src/Illuminate/Support/Facades/Facade.php(355): Illuminate\\Cache\\CacheManager->__call()
#16 /opt/lampp/htdocs/wireless/app/Models/TextWidget.php(34): Illuminate\\Support\\Facades\\Facade::__callStatic()
#17 /opt/lampp/htdocs/wireless/storage/framework/views/4918ade9d894dbbdc113be650a0f2910.php(405): App\\Models\\TextWidget::getContent()
#18 /opt/lampp/htdocs/wireless/vendor/laravel/framework/src/Illuminate/Filesystem/Filesystem.php(124): require('...')
#19 /opt/lampp/htdocs/wireless/vendor/laravel/framework/src/Illuminate/Filesystem/Filesystem.php(125): Illuminate\\Filesystem\\Filesystem::Illuminate\\Filesystem\\{closure}()
#20 /opt/lampp/htdocs/wireless/vendor/laravel/framework/src/Illuminate/View/Engines/PhpEngine.php(58): Illuminate\\Filesystem\\Filesystem->getRequire()
#21 /opt/lampp/htdocs/wireless/vendor/livewire/livewire/src/Mechanisms/ExtendBlade/ExtendedCompilerEngine.php(22): Illuminate\\View\\Engines\\PhpEngine->evaluatePath()
#22 /opt/lampp/htdocs/wireless/vendor/laravel/framework/src/Illuminate/View/Engines/CompilerEngine.php(72): Livewire\\Mechanisms\\ExtendBlade\\ExtendedCompilerEngine->evaluatePath()
#23 /opt/lampp/htdocs/wireless/vendor/livewire/livewire/src/Mechanisms/ExtendBlade/ExtendedCompilerEngine.php(10): Illuminate\\View\\Engines\\CompilerEngine->get()
#24 /opt/lampp/htdocs/wireless/vendor/laravel/framework/src/Illuminate/View/View.php(207): Livewire\\Mechanisms\\ExtendBlade\\ExtendedCompilerEngine->get()
#25 /opt/lampp/htdocs/wireless/vendor/laravel/framework/src/Illuminate/View/View.php(190): Illuminate\\View\\View->getContents()
#26 /opt/lampp/htdocs/wireless/vendor/laravel/framework/src/Illuminate/View/View.php(159): Illuminate\\View\\View->renderContents()
#27 /opt/lampp/htdocs/wireless/vendor/laravel/framework/src/Illuminate/View/Concerns/ManagesComponents.php(99): Illuminate\\View\\View->render()
#28 /opt/lampp/htdocs/wireless/storage/framework/views/6c98e84b92353b4122cb1cc648a9d157.php(45): Illuminate\\View\\Factory->renderComponent()
#29 /opt/lampp/htdocs/wireless/vendor/laravel/framework/src/Illuminate/Filesystem/Filesystem.php(124): require('...')
#30 /opt/lampp/htdocs/wireless/vendor/laravel/framework/src/Illuminate/Filesystem/Filesystem.php(125): Illuminate\\Filesystem\\Filesystem::Illuminate\\Filesystem\\{closure}()
#31 /opt/lampp/htdocs/wireless/vendor/laravel/framework/src/Illuminate/View/Engines/PhpEngine.php(58): Illuminate\\Filesystem\\Filesystem->getRequire()
#32 /opt/lampp/htdocs/wireless/vendor/livewire/livewire/src/Mechanisms/ExtendBlade/ExtendedCompilerEngine.php(22): Illuminate\\View\\Engines\\PhpEngine->evaluatePath()
#33 /opt/lampp/htdocs/wireless/vendor/laravel/framework/src/Illuminate/View/Engines/CompilerEngine.php(72): Livewire\\Mechanisms\\ExtendBlade\\ExtendedCompilerEngine->evaluatePath()
#34 /opt/lampp/htdocs/wireless/vendor/livewire/livewire/src/Mechanisms/ExtendBlade/ExtendedCompilerEngine.php(10): Illuminate\\View\\Engines\\CompilerEngine->get()
#35 /opt/lampp/htdocs/wireless/vendor/laravel/framework/src/Illuminate/View/View.php(207): Livewire\\Mechanisms\\ExtendBlade\\ExtendedCompilerEngine->get()
#36 /opt/lampp/htdocs/wireless/vendor/laravel/framework/src/Illuminate/View/View.php(190): Illuminate\\View\\View->getContents()
#37 /opt/lampp/htdocs/wireless/vendor/laravel/framework/src/Illuminate/View/View.php(159): Illuminate\\View\\View->renderContents()
#38 /opt/lampp/htdocs/wireless/vendor/laravel/framework/src/Illuminate/Http/Response.php(69): Illuminate\\View\\View->render()
#39 /opt/lampp/htdocs/wireless/vendor/laravel/framework/src/Illuminate/Http/Response.php(35): Illuminate\\Http\\Response->setContent()
#40 /opt/lampp/htdocs/wireless/vendor/laravel/framework/src/Illuminate/Routing/ResponseFactory.php(57): Illuminate\\Http\\Response->__construct()
#41 /opt/lampp/htdocs/wireless/vendor/laravel/framework/src/Illuminate/Routing/ResponseFactory.php(87): Illuminate\\Routing\\ResponseFactory->make()
#42 /opt/lampp/htdocs/wireless/vendor/laravel/framework/src/Illuminate/Foundation/Exceptions/Handler.php(723): Illuminate\\Routing\\ResponseFactory->view()
#43 /opt/lampp/htdocs/wireless/vendor/laravel/framework/src/Illuminate/Foundation/Exceptions/Handler.php(650): Illuminate\\Foundation\\Exceptions\\Handler->renderHttpException()
#44 /opt/lampp/htdocs/wireless/vendor/laravel/framework/src/Illuminate/Foundation/Exceptions/Handler.php(556): Illuminate\\Foundation\\Exceptions\\Handler->prepareResponse()
#45 /opt/lampp/htdocs/wireless/vendor/laravel/framework/src/Illuminate/Foundation/Exceptions/Handler.php(473): Illuminate\\Foundation\\Exceptions\\Handler->renderExceptionResponse()
#46 /opt/lampp/htdocs/wireless/vendor/laravel/framework/src/Illuminate/Routing/Pipeline.php(51): Illuminate\\Foundation\\Exceptions\\Handler->render()
#47 /opt/lampp/htdocs/wireless/vendor/laravel/framework/src/Illuminate/Pipeline/Pipeline.php(188): Illuminate\\Routing\\Pipeline->handleException()
#48 /opt/lampp/htdocs/wireless/vendor/laravel/framework/src/Illuminate/Pipeline/Pipeline.php(119): Illuminate\\Pipeline\\Pipeline->Illuminate\\Pipeline\\{closure}()
#49 /opt/lampp/htdocs/wireless/vendor/laravel/framework/src/Illuminate/Routing/Router.php(805): Illuminate\\Pipeline\\Pipeline->then()
#50 /opt/lampp/htdocs/wireless/vendor/laravel/framework/src/Illuminate/Routing/Router.php(784): Illuminate\\Routing\\Router->runRouteWithinStack()
#51 /opt/lampp/htdocs/wireless/vendor/laravel/framework/src/Illuminate/Routing/Router.php(748): Illuminate\\Routing\\Router->runRoute()
#52 /opt/lampp/htdocs/wireless/vendor/laravel/framework/src/Illuminate/Routing/Router.php(737): Illuminate\\Routing\\Router->dispatchToRoute()
#53 /opt/lampp/htdocs/wireless/vendor/laravel/framework/src/Illuminate/Foundation/Http/Kernel.php(200): Illuminate\\Routing\\Router->dispatch()
#54 /opt/lampp/htdocs/wireless/vendor/laravel/framework/src/Illuminate/Pipeline/Pipeline.php(144): Illuminate\\Foundation\\Http\\Kernel->Illuminate\\Foundation\\Http\\{closure}()
#55 /opt/lampp/htdocs/wireless/vendor/livewire/livewire/src/Features/SupportDisablingBackButtonCache/DisableBackButtonCacheMiddleware.php(19): Illuminate\\Pipeline\\Pipeline->Illuminate\\Pipeline\\{closure}()
#56 /opt/lampp/htdocs/wireless/vendor/laravel/framework/src/Illuminate/Pipeline/Pipeline.php(183): Livewire\\Features\\SupportDisablingBackButtonCache\\DisableBackButtonCacheMiddleware->handle()
#57 /opt/lampp/htdocs/wireless/vendor/laravel/framework/src/Illuminate/Foundation/Http/Middleware/TransformsRequest.php(21): Illuminate\\Pipeline\\Pipeline->Illuminate\\Pipeline\\{closure}()
#58 /opt/lampp/htdocs/wireless/vendor/laravel/framework/src/Illuminate/Foundation/Http/Middleware/ConvertEmptyStringsToNull.php(31): Illuminate\\Foundation\\Http\\Middleware\\TransformsRequest->handle()
#59 /opt/lampp/htdocs/wireless/vendor/laravel/framework/src/Illuminate/Pipeline/Pipeline.php(183): Illuminate\\Foundation\\Http\\Middleware\\ConvertEmptyStringsToNull->handle()
#60 /opt/lampp/htdocs/wireless/vendor/laravel/framework/src/Illuminate/Foundation/Http/Middleware/TransformsRequest.php(21): Illuminate\\Pipeline\\Pipeline->Illuminate\\Pipeline\\{closure}()
#61 /opt/lampp/htdocs/wireless/vendor/laravel/framework/src/Illuminate/Foundation/Http/Middleware/TrimStrings.php(40): Illuminate\\Foundation\\Http\\Middleware\\TransformsRequest->handle()
#62 /opt/lampp/htdocs/wireless/vendor/laravel/framework/src/Illuminate/Pipeline/Pipeline.php(183): Illuminate\\Foundation\\Http\\Middleware\\TrimStrings->handle()
#63 /opt/lampp/htdocs/wireless/vendor/laravel/framework/src/Illuminate/Foundation/Http/Middleware/ValidatePostSize.php(27): Illuminate\\Pipeline\\Pipeline->Illuminate\\Pipeline\\{closure}()
#64 /opt/lampp/htdocs/wireless/vendor/laravel/framework/src/Illuminate/Pipeline/Pipeline.php(183): Illuminate\\Foundation\\Http\\Middleware\\ValidatePostSize->handle()
#65 /opt/lampp/htdocs/wireless/vendor/laravel/framework/src/Illuminate/Foundation/Http/Middleware/PreventRequestsDuringMaintenance.php(99): Illuminate\\Pipeline\\Pipeline->Illuminate\\Pipeline\\{closure}()
#66 /opt/lampp/htdocs/wireless/vendor/laravel/framework/src/Illuminate/Pipeline/Pipeline.php(183): Illuminate\\Foundation\\Http\\Middleware\\PreventRequestsDuringMaintenance->handle()
#67 /opt/lampp/htdocs/wireless/vendor/laravel/framework/src/Illuminate/Http/Middleware/HandleCors.php(49): Illuminate\\Pipeline\\Pipeline->Illuminate\\Pipeline\\{closure}()
#68 /opt/lampp/htdocs/wireless/vendor/laravel/framework/src/Illuminate/Pipeline/Pipeline.php(183): Illuminate\\Http\\Middleware\\HandleCors->handle()
#69 /opt/lampp/htdocs/wireless/vendor/laravel/framework/src/Illuminate/Http/Middleware/TrustProxies.php(39): Illuminate\\Pipeline\\Pipeline->Illuminate\\Pipeline\\{closure}()
#70 /opt/lampp/htdocs/wireless/vendor/laravel/framework/src/Illuminate/Pipeline/Pipeline.php(183): Illuminate\\Http\\Middleware\\TrustProxies->handle()
#71 /opt/lampp/htdocs/wireless/vendor/laravel/framework/src/Illuminate/Pipeline/Pipeline.php(119): Illuminate\\Pipeline\\Pipeline->Illuminate\\Pipeline\\{closure}()
#72 /opt/lampp/htdocs/wireless/vendor/laravel/framework/src/Illuminate/Foundation/Http/Kernel.php(175): Illuminate\\Pipeline\\Pipeline->then()
#73 /opt/lampp/htdocs/wireless/vendor/laravel/framework/src/Illuminate/Foundation/Http/Kernel.php(144): Illuminate\\Foundation\\Http\\Kernel->sendRequestThroughRouter()
#74 /opt/lampp/htdocs/wireless/public/index.php(51): Illuminate\\Foundation\\Http\\Kernel->handle()
#75 /opt/lampp/htdocs/wireless/vendor/laravel/framework/src/Illuminate/Foundation/resources/server.php(16): require_once('...')
#76 {main}
"} 
[2026-03-06 13:52:45] production.ERROR: SQLSTATE[42S22]: Column not found: 1054 Unknown column 'active' in 'where clause' (Connection: mysql, SQL: select * from `posts` where `active` = 1 and date(`published_at`) < 2026-03-06 order by `published_at` desc limit 1) {"exception":"[object] (Illuminate\\Database\\QueryException(code: 42S22): SQLSTATE[42S22]: Column not found: 1054 Unknown column 'active' in 'where clause' (Connection: mysql, SQL: select * from `posts` where `active` = 1 and date(`published_at`) < 2026-03-06 order by `published_at` desc limit 1) at /opt/lampp/htdocs/wireless/vendor/laravel/framework/src/Illuminate/Database/Connection.php:822)
[stacktrace]
#0 /opt/lampp/htdocs/wireless/vendor/laravel/framework/src/Illuminate/Database/Connection.php(776): Illuminate\\Database\\Connection->runQueryCallback()
#1 /opt/lampp/htdocs/wireless/vendor/laravel/framework/src/Illuminate/Database/Connection.php(407): Illuminate\\Database\\Connection->run()
#2 /opt/lampp/htdocs/wireless/vendor/laravel/framework/src/Illuminate/Database/Query/Builder.php(2751): Illuminate\\Database\\Connection->select()
#3 /opt/lampp/htdocs/wireless/vendor/laravel/framework/src/Illuminate/Database/Query/Builder.php(2740): Illuminate\\Database\\Query\\Builder->runSelect()
#4 /opt/lampp/htdocs/wireless/vendor/laravel/framework/src/Illuminate/Database/Query/Builder.php(3294): Illuminate\\Database\\Query\\Builder->Illuminate\\Database\\Query\\{closure}()
#5 /opt/lampp/htdocs/wireless/vendor/laravel/framework/src/Illuminate/Database/Query/Builder.php(2739): Illuminate\\Database\\Query\\Builder->onceWithColumns()
#6 /opt/lampp/htdocs/wireless/vendor/laravel/framework/src/Illuminate/Database/Eloquent/Builder.php(737): Illuminate\\Database\\Query\\Builder->get()
#7 /opt/lampp/htdocs/wireless/vendor/laravel/framework/src/Illuminate/Database/Eloquent/Builder.php(721): Illuminate\\Database\\Eloquent\\Builder->getModels()
#8 /opt/lampp/htdocs/wireless/vendor/laravel/framework/src/Illuminate/Database/Concerns/BuildsQueries.php(333): Illuminate\\Database\\Eloquent\\Builder->get()
#9 /opt/lampp/htdocs/wireless/app/Http/Controllers/PostController.php(28): Illuminate\\Database\\Eloquent\\Builder->first()
#10 /opt/lampp/htdocs/wireless/vendor/laravel/framework/src/Illuminate/Routing/Controller.php(54): App\\Http\\Controllers\\PostController->home()
#11 /opt/lampp/htdocs/wireless/vendor/laravel/framework/src/Illuminate/Routing/ControllerDispatcher.php(43): Illuminate\\Routing\\Controller->callAction()
#12 /opt/lampp/htdocs/wireless/vendor/laravel/framework/src/Illuminate/Routing/Route.php(259): Illuminate\\Routing\\ControllerDispatcher->dispatch()
#13 /opt/lampp/htdocs/wireless/vendor/laravel/framework/src/Illuminate/Routing/Route.php(205): Illuminate\\Routing\\Route->runController()
#14 /opt/lampp/htdocs/wireless/vendor/laravel/framework/src/Illuminate/Routing/Router.php(806): Illuminate\\Routing\\Route->run()
#15 /opt/lampp/htdocs/wireless/vendor/laravel/framework/src/Illuminate/Pipeline/Pipeline.php(144): Illuminate\\Routing\\Router->Illuminate\\Routing\\{closure}()
#16 /opt/lampp/htdocs/wireless/vendor/laravel/framework/src/Illuminate/Routing/Middleware/SubstituteBindings.php(50): Illuminate\\Pipeline\\Pipeline->Illuminate\\Pipeline\\{closure}()
#17 /opt/lampp/htdocs/wireless/vendor/laravel/framework/src/Illuminate/Pipeline/Pipeline.php(183): Illuminate\\Routing\\Middleware\\SubstituteBindings->handle()
#18 /opt/lampp/htdocs/wireless/vendor/laravel/framework/src/Illuminate/Foundation/Http/Middleware/VerifyCsrfToken.php(78): Illuminate\\Pipeline\\Pipeline->Illuminate\\Pipeline\\{closure}()
#19 /opt/lampp/htdocs/wireless/vendor/laravel/framework/src/Illuminate/Pipeline/Pipeline.php(183): Illuminate\\Foundation\\Http\\Middleware\\VerifyCsrfToken->handle()
#20 /opt/lampp/htdocs/wireless/vendor/laravel/framework/src/Illuminate/View/Middleware/ShareErrorsFromSession.php(49): Illuminate\\Pipeline\\Pipeline->Illuminate\\Pipeline\\{closure}()
#21 /opt/lampp/htdocs/wireless/vendor/laravel/framework/src/Illuminate/Pipeline/Pipeline.php(183): Illuminate\\View\\Middleware\\ShareErrorsFromSession->handle()
#22 /opt/lampp/htdocs/wireless/vendor/laravel/framework/src/Illuminate/Session/Middleware/StartSession.php(121): Illuminate\\Pipeline\\Pipeline->Illuminate\\Pipeline\\{closure}()
#23 /opt/lampp/htdocs/wireless/vendor/laravel/framework/src/Illuminate/Session/Middleware/StartSession.php(64): Illuminate\\Session\\Middleware\\StartSession->handleStatefulRequest()
#24 /opt/lampp/htdocs/wireless/vendor/laravel/framework/src/Illuminate/Pipeline/Pipeline.php(183): Illuminate\\Session\\Middleware\\StartSession->handle()
#25 /opt/lampp/htdocs/wireless/vendor/laravel/framework/src/Illuminate/Cookie/Middleware/AddQueuedCookiesToResponse.php(37): Illuminate\\Pipeline\\Pipeline->Illuminate\\Pipeline\\{closure}()
#26 /opt/lampp/htdocs/wireless/vendor/laravel/framework/src/Illuminate/Pipeline/Pipeline.php(183): Illuminate\\Cookie\\Middleware\\AddQueuedCookiesToResponse->handle()
#27 /opt/lampp/htdocs/wireless/vendor/laravel/framework/src/Illuminate/Cookie/Middleware/EncryptCookies.php(67): Illuminate\\Pipeline\\Pipeline->Illuminate\\Pipeline\\{closure}()
#28 /opt/lampp/htdocs/wireless/vendor/laravel/framework/src/Illuminate/Pipeline/Pipeline.php(183): Illuminate\\Cookie\\Middleware\\EncryptCookies->handle()
#29 /opt/lampp/htdocs/wireless/vendor/laravel/framework/src/Illuminate/Pipeline/Pipeline.php(119): Illuminate\\Pipeline\\Pipeline->Illuminate\\Pipeline\\{closure}()
#30 /opt/lampp/htdocs/wireless/vendor/laravel/framework/src/Illuminate/Routing/Router.php(805): Illuminate\\Pipeline\\Pipeline->then()
#31 /opt/lampp/htdocs/wireless/vendor/laravel/framework/src/Illuminate/Routing/Router.php(784): Illuminate\\Routing\\Router->runRouteWithinStack()
#32 /opt/lampp/htdocs/wireless/vendor/laravel/framework/src/Illuminate/Routing/Router.php(748): Illuminate\\Routing\\Router->runRoute()
#33 /opt/lampp/htdocs/wireless/vendor/laravel/framework/src/Illuminate/Routing/Router.php(737): Illuminate\\Routing\\Router->dispatchToRoute()
#34 /opt/lampp/htdocs/wireless/vendor/laravel/framework/src/Illuminate/Foundation/Http/Kernel.php(200): Illuminate\\Routing\\Router->dispatch()
#35 /opt/lampp/htdocs/wireless/vendor/laravel/framework/src/Illuminate/Pipeline/Pipeline.php(144): Illuminate\\Foundation\\Http\\Kernel->Illuminate\\Foundation\\Http\\{closure}()
#36 /opt/lampp/htdocs/wireless/vendor/livewire/livewire/src/Features/SupportDisablingBackButtonCache/DisableBackButtonCacheMiddleware.php(19): Illuminate\\Pipeline\\Pipeline->Illuminate\\Pipeline\\{closure}()
#37 /opt/lampp/htdocs/wireless/vendor/laravel/framework/src/Illuminate/Pipeline/Pipeline.php(183): Livewire\\Features\\SupportDisablingBackButtonCache\\DisableBackButtonCacheMiddleware->handle()
#38 /opt/lampp/htdocs/wireless/vendor/laravel/framework/src/Illuminate/Foundation/Http/Middleware/TransformsRequest.php(21): Illuminate\\Pipeline\\Pipeline->Illuminate\\Pipeline\\{closure}()
#39 /opt/lampp/htdocs/wireless/vendor/laravel/framework/src/Illuminate/Foundation/Http/Middleware/ConvertEmptyStringsToNull.php(31): Illuminate\\Foundation\\Http\\Middleware\\TransformsRequest->handle()
#40 /opt/lampp/htdocs/wireless/vendor/laravel/framework/src/Illuminate/Pipeline/Pipeline.php(183): Illuminate\\Foundation\\Http\\Middleware\\ConvertEmptyStringsToNull->handle()
#41 /opt/lampp/htdocs/wireless/vendor/laravel/framework/src/Illuminate/Foundation/Http/Middleware/TransformsRequest.php(21): Illuminate\\Pipeline\\Pipeline->Illuminate\\Pipeline\\{closure}()
#42 /opt/lampp/htdocs/wireless/vendor/laravel/framework/src/Illuminate/Foundation/Http/Middleware/TrimStrings.php(40): Illuminate\\Foundation\\Http\\Middleware\\TransformsRequest->handle()
#43 /opt/lampp/htdocs/wireless/vendor/laravel/framework/src/Illuminate/Pipeline/Pipeline.php(183): Illuminate\\Foundation\\Http\\Middleware\\TrimStrings->handle()
#44 /opt/lampp/htdocs/wireless/vendor/laravel/framework/src/Illuminate/Foundation/Http/Middleware/ValidatePostSize.php(27): Illuminate\\Pipeline\\Pipeline->Illuminate\\Pipeline\\{closure}()
#45 /opt/lampp/htdocs/wireless/vendor/laravel/framework/src/Illuminate/Pipeline/Pipeline.php(183): Illuminate\\Foundation\\Http\\Middleware\\ValidatePostSize->handle()
#46 /opt/lampp/htdocs/wireless/vendor/laravel/framework/src/Illuminate/Foundation/Http/Middleware/PreventRequestsDuringMaintenance.php(99): Illuminate\\Pipeline\\Pipeline->Illuminate\\Pipeline\\{closure}()
#47 /opt/lampp/htdocs/wireless/vendor/laravel/framework/src/Illuminate/Pipeline/Pipeline.php(183): Illuminate\\Foundation\\Http\\Middleware\\PreventRequestsDuringMaintenance->handle()
#48 /opt/lampp/htdocs/wireless/vendor/laravel/framework/src/Illuminate/Http/Middleware/HandleCors.php(49): Illuminate\\Pipeline\\Pipeline->Illuminate\\Pipeline\\{closure}()
#49 /opt/lampp/htdocs/wireless/vendor/laravel/framework/src/Illuminate/Pipeline/Pipeline.php(183): Illuminate\\Http\\Middleware\\HandleCors->handle()
#50 /opt/lampp/htdocs/wireless/vendor/laravel/framework/src/Illuminate/Http/Middleware/TrustProxies.php(39): Illuminate\\Pipeline\\Pipeline->Illuminate\\Pipeline\\{closure}()
#51 /opt/lampp/htdocs/wireless/vendor/laravel/framework/src/Illuminate/Pipeline/Pipeline.php(183): Illuminate\\Http\\Middleware\\TrustProxies->handle()
#52 /opt/lampp/htdocs/wireless/vendor/laravel/framework/src/Illuminate/Pipeline/Pipeline.php(119): Illuminate\\Pipeline\\Pipeline->Illuminate\\Pipeline\\{closure}()
#53 /opt/lampp/htdocs/wireless/vendor/laravel/framework/src/Illuminate/Foundation/Http/Kernel.php(175): Illuminate\\Pipeline\\Pipeline->then()
#54 /opt/lampp/htdocs/wireless/vendor/laravel/framework/src/Illuminate/Foundation/Http/Kernel.php(144): Illuminate\\Foundation\\Http\\Kernel->sendRequestThroughRouter()
#55 /opt/lampp/htdocs/wireless/public/index.php(51): Illuminate\\Foundation\\Http\\Kernel->handle()
#56 /opt/lampp/htdocs/wireless/vendor/laravel/framework/src/Illuminate/Foundation/resources/server.php(16): require_once('...')
#57 {main}

[previous exception] [object] (PDOException(code: 42S22): SQLSTATE[42S22]: Column not found: 1054 Unknown column 'active' in 'where clause' at /opt/lampp/htdocs/wireless/vendor/laravel/framework/src/Illuminate/Database/Connection.php:416)
[stacktrace]
#0 /opt/lampp/htdocs/wireless/vendor/laravel/framework/src/Illuminate/Database/Connection.php(416): PDO->prepare()
#1 /opt/lampp/htdocs/wireless/vendor/laravel/framework/src/Illuminate/Database/Connection.php(809): Illuminate\\Database\\Connection->Illuminate\\Database\\{closure}()
#2 /opt/lampp/htdocs/wireless/vendor/laravel/framework/src/Illuminate/Database/Connection.php(776): Illuminate\\Database\\Connection->runQueryCallback()
#3 /opt/lampp/htdocs/wireless/vendor/laravel/framework/src/Illuminate/Database/Connection.php(407): Illuminate\\Database\\Connection->run()
#4 /opt/lampp/htdocs/wireless/vendor/laravel/framework/src/Illuminate/Database/Query/Builder.php(2751): Illuminate\\Database\\Connection->select()
#5 /opt/lampp/htdocs/wireless/vendor/laravel/framework/src/Illuminate/Database/Query/Builder.php(2740): Illuminate\\Database\\Query\\Builder->runSelect()
#6 /opt/lampp/htdocs/wireless/vendor/laravel/framework/src/Illuminate/Database/Query/Builder.php(3294): Illuminate\\Database\\Query\\Builder->Illuminate\\Database\\Query\\{closure}()
#7 /opt/lampp/htdocs/wireless/vendor/laravel/framework/src/Illuminate/Database/Query/Builder.php(2739): Illuminate\\Database\\Query\\Builder->onceWithColumns()
#8 /opt/lampp/htdocs/wireless/vendor/laravel/framework/src/Illuminate/Database/Eloquent/Builder.php(737): Illuminate\\Database\\Query\\Builder->get()
#9 /opt/lampp/htdocs/wireless/vendor/laravel/framework/src/Illuminate/Database/Eloquent/Builder.php(721): Illuminate\\Database\\Eloquent\\Builder->getModels()
#10 /opt/lampp/htdocs/wireless/vendor/laravel/framework/src/Illuminate/Database/Concerns/BuildsQueries.php(333): Illuminate\\Database\\Eloquent\\Builder->get()
#11 /opt/lampp/htdocs/wireless/app/Http/Controllers/PostController.php(28): Illuminate\\Database\\Eloquent\\Builder->first()
#12 /opt/lampp/htdocs/wireless/vendor/laravel/framework/src/Illuminate/Routing/Controller.php(54): App\\Http\\Controllers\\PostController->home()
#13 /opt/lampp/htdocs/wireless/vendor/laravel/framework/src/Illuminate/Routing/ControllerDispatcher.php(43): Illuminate\\Routing\\Controller->callAction()
#14 /opt/lampp/htdocs/wireless/vendor/laravel/framework/src/Illuminate/Routing/Route.php(259): Illuminate\\Routing\\ControllerDispatcher->dispatch()
#15 /opt/lampp/htdocs/wireless/vendor/laravel/framework/src/Illuminate/Routing/Route.php(205): Illuminate\\Routing\\Route->runController()
#16 /opt/lampp/htdocs/wireless/vendor/laravel/framework/src/Illuminate/Routing/Router.php(806): Illuminate\\Routing\\Route->run()
#17 /opt/lampp/htdocs/wireless/vendor/laravel/framework/src/Illuminate/Pipeline/Pipeline.php(144): Illuminate\\Routing\\Router->Illuminate\\Routing\\{closure}()
#18 /opt/lampp/htdocs/wireless/vendor/laravel/framework/src/Illuminate/Routing/Middleware/SubstituteBindings.php(50): Illuminate\\Pipeline\\Pipeline->Illuminate\\Pipeline\\{closure}()
#19 /opt/lampp/htdocs/wireless/vendor/laravel/framework/src/Illuminate/Pipeline/Pipeline.php(183): Illuminate\\Routing\\Middleware\\SubstituteBindings->handle()
#20 /opt/lampp/htdocs/wireless/vendor/laravel/framework/src/Illuminate/Foundation/Http/Middleware/VerifyCsrfToken.php(78): Illuminate\\Pipeline\\Pipeline->Illuminate\\Pipeline\\{closure}()
#21 /opt/lampp/htdocs/wireless/vendor/laravel/framework/src/Illuminate/Pipeline/Pipeline.php(183): Illuminate\\Foundation\\Http\\Middleware\\VerifyCsrfToken->handle()
#22 /opt/lampp/htdocs/wireless/vendor/laravel/framework/src/Illuminate/View/Middleware/ShareErrorsFromSession.php(49): Illuminate\\Pipeline\\Pipeline->Illuminate\\Pipeline\\{closure}()
#23 /opt/lampp/htdocs/wireless/vendor/laravel/framework/src/Illuminate/Pipeline/Pipeline.php(183): Illuminate\\View\\Middleware\\ShareErrorsFromSession->handle()
#24 /opt/lampp/htdocs/wireless/vendor/laravel/framework/src/Illuminate/Session/Middleware/StartSession.php(121): Illuminate\\Pipeline\\Pipeline->Illuminate\\Pipeline\\{closure}()
#25 /opt/lampp/htdocs/wireless/vendor/laravel/framework/src/Illuminate/Session/Middleware/StartSession.php(64): Illuminate\\Session\\Middleware\\StartSession->handleStatefulRequest()
#26 /opt/lampp/htdocs/wireless/vendor/laravel/framework/src/Illuminate/Pipeline/Pipeline.php(183): Illuminate\\Session\\Middleware\\StartSession->handle()
#27 /opt/lampp/htdocs/wireless/vendor/laravel/framework/src/Illuminate/Cookie/Middleware/AddQueuedCookiesToResponse.php(37): Illuminate\\Pipeline\\Pipeline->Illuminate\\Pipeline\\{closure}()
#28 /opt/lampp/htdocs/wireless/vendor/laravel/framework/src/Illuminate/Pipeline/Pipeline.php(183): Illuminate\\Cookie\\Middleware\\AddQueuedCookiesToResponse->handle()
#29 /opt/lampp/htdocs/wireless/vendor/laravel/framework/src/Illuminate/Cookie/Middleware/EncryptCookies.php(67): Illuminate\\Pipeline\\Pipeline->Illuminate\\Pipeline\\{closure}()
#30 /opt/lampp/htdocs/wireless/vendor/laravel/framework/src/Illuminate/Pipeline/Pipeline.php(183): Illuminate\\Cookie\\Middleware\\EncryptCookies->handle()
#31 /opt/lampp/htdocs/wireless/vendor/laravel/framework/src/Illuminate/Pipeline/Pipeline.php(119): Illuminate\\Pipeline\\Pipeline->Illuminate\\Pipeline\\{closure}()
#32 /opt/lampp/htdocs/wireless/vendor/laravel/framework/src/Illuminate/Routing/Router.php(805): Illuminate\\Pipeline\\Pipeline->then()
#33 /opt/lampp/htdocs/wireless/vendor/laravel/framework/src/Illuminate/Routing/Router.php(784): Illuminate\\Routing\\Router->runRouteWithinStack()
#34 /opt/lampp/htdocs/wireless/vendor/laravel/framework/src/Illuminate/Routing/Router.php(748): Illuminate\\Routing\\Router->runRoute()
#35 /opt/lampp/htdocs/wireless/vendor/laravel/framework/src/Illuminate/Routing/Router.php(737): Illuminate\\Routing\\Router->dispatchToRoute()
#36 /opt/lampp/htdocs/wireless/vendor/laravel/framework/src/Illuminate/Foundation/Http/Kernel.php(200): Illuminate\\Routing\\Router->dispatch()
#37 /opt/lampp/htdocs/wireless/vendor/laravel/framework/src/Illuminate/Pipeline/Pipeline.php(144): Illuminate\\Foundation\\Http\\Kernel->Illuminate\\Foundation\\Http\\{closure}()
#38 /opt/lampp/htdocs/wireless/vendor/livewire/livewire/src/Features/SupportDisablingBackButtonCache/DisableBackButtonCacheMiddleware.php(19): Illuminate\\Pipeline\\Pipeline->Illuminate\\Pipeline\\{closure}()
#39 /opt/lampp/htdocs/wireless/vendor/laravel/framework/src/Illuminate/Pipeline/Pipeline.php(183): Livewire\\Features\\SupportDisablingBackButtonCache\\DisableBackButtonCacheMiddleware->handle()
#40 /opt/lampp/htdocs/wireless/vendor/laravel/framework/src/Illuminate/Foundation/Http/Middleware/TransformsRequest.php(21): Illuminate\\Pipeline\\Pipeline->Illuminate\\Pipeline\\{closure}()
#41 /opt/lampp/htdocs/wireless/vendor/laravel/framework/src/Illuminate/Foundation/Http/Middleware/ConvertEmptyStringsToNull.php(31): Illuminate\\Foundation\\Http\\Middleware\\TransformsRequest->handle()
#42 /opt/lampp/htdocs/wireless/vendor/laravel/framework/src/Illuminate/Pipeline/Pipeline.php(183): Illuminate\\Foundation\\Http\\Middleware\\ConvertEmptyStringsToNull->handle()
#43 /opt/lampp/htdocs/wireless/vendor/laravel/framework/src/Illuminate/Foundation/Http/Middleware/TransformsRequest.php(21): Illuminate\\Pipeline\\Pipeline->Illuminate\\Pipeline\\{closure}()
#44 /opt/lampp/htdocs/wireless/vendor/laravel/framework/src/Illuminate/Foundation/Http/Middleware/TrimStrings.php(40): Illuminate\\Foundation\\Http\\Middleware\\TransformsRequest->handle()
#45 /opt/lampp/htdocs/wireless/vendor/laravel/framework/src/Illuminate/Pipeline/Pipeline.php(183): Illuminate\\Foundation\\Http\\Middleware\\TrimStrings->handle()
#46 /opt/lampp/htdocs/wireless/vendor/laravel/framework/src/Illuminate/Foundation/Http/Middleware/ValidatePostSize.php(27): Illuminate\\Pipeline\\Pipeline->Illuminate\\Pipeline\\{closure}()
#47 /opt/lampp/htdocs/wireless/vendor/laravel/framework/src/Illuminate/Pipeline/Pipeline.php(183): Illuminate\\Foundation\\Http\\Middleware\\ValidatePostSize->handle()
#48 /opt/lampp/htdocs/wireless/vendor/laravel/framework/src/Illuminate/Foundation/Http/Middleware/PreventRequestsDuringMaintenance.php(99): Illuminate\\Pipeline\\Pipeline->Illuminate\\Pipeline\\{closure}()
#49 /opt/lampp/htdocs/wireless/vendor/laravel/framework/src/Illuminate/Pipeline/Pipeline.php(183): Illuminate\\Foundation\\Http\\Middleware\\PreventRequestsDuringMaintenance->handle()
#50 /opt/lampp/htdocs/wireless/vendor/laravel/framework/src/Illuminate/Http/Middleware/HandleCors.php(49): Illuminate\\Pipeline\\Pipeline->Illuminate\\Pipeline\\{closure}()
#51 /opt/lampp/htdocs/wireless/vendor/laravel/framework/src/Illuminate/Pipeline/Pipeline.php(183): Illuminate\\Http\\Middleware\\HandleCors->handle()
#52 /opt/lampp/htdocs/wireless/vendor/laravel/framework/src/Illuminate/Http/Middleware/TrustProxies.php(39): Illuminate\\Pipeline\\Pipeline->Illuminate\\Pipeline\\{closure}()
#53 /opt/lampp/htdocs/wireless/vendor/laravel/framework/src/Illuminate/Pipeline/Pipeline.php(183): Illuminate\\Http\\Middleware\\TrustProxies->handle()
#54 /opt/lampp/htdocs/wireless/vendor/laravel/framework/src/Illuminate/Pipeline/Pipeline.php(119): Illuminate\\Pipeline\\Pipeline->Illuminate\\Pipeline\\{closure}()
#55 /opt/lampp/htdocs/wireless/vendor/laravel/framework/src/Illuminate/Foundation/Http/Kernel.php(175): Illuminate\\Pipeline\\Pipeline->then()
#56 /opt/lampp/htdocs/wireless/vendor/laravel/framework/src/Illuminate/Foundation/Http/Kernel.php(144): Illuminate\\Foundation\\Http\\Kernel->sendRequestThroughRouter()
#57 /opt/lampp/htdocs/wireless/public/index.php(51): Illuminate\\Foundation\\Http\\Kernel->handle()
#58 /opt/lampp/htdocs/wireless/vendor/laravel/framework/src/Illuminate/Foundation/resources/server.php(16): require_once('...')
#59 {main}
"} 
[2026-03-06 13:52:46] production.ERROR: SQLSTATE[42S02]: Base table or view not found: 1146 Table 'wireless.text_widgets' doesn't exist (Connection: mysql, SQL: select * from `text_widgets` where `key` = about-us-sidebar limit 1) {"view":{"view":"/opt/lampp/htdocs/wireless/resources/views/layouts/app.blade.php","data":[]},"exception":"[object] (Spatie\\LaravelIgnition\\Exceptions\\ViewException(code: 0): SQLSTATE[42S02]: Base table or view not found: 1146 Table 'wireless.text_widgets' doesn't exist (Connection: mysql, SQL: select * from `text_widgets` where `key` = about-us-sidebar limit 1) at /opt/lampp/htdocs/wireless/vendor/laravel/framework/src/Illuminate/Database/Connection.php:822)
[stacktrace]
#0 /opt/lampp/htdocs/wireless/vendor/laravel/framework/src/Illuminate/Database/Connection.php(776): Illuminate\\Database\\Connection->runQueryCallback()
#1 /opt/lampp/htdocs/wireless/vendor/laravel/framework/src/Illuminate/Database/Connection.php(407): Illuminate\\Database\\Connection->run()
#2 /opt/lampp/htdocs/wireless/vendor/laravel/framework/src/Illuminate/Database/Query/Builder.php(2751): Illuminate\\Database\\Connection->select()
#3 /opt/lampp/htdocs/wireless/vendor/laravel/framework/src/Illuminate/Database/Query/Builder.php(2740): Illuminate\\Database\\Query\\Builder->runSelect()
#4 /opt/lampp/htdocs/wireless/vendor/laravel/framework/src/Illuminate/Database/Query/Builder.php(3294): Illuminate\\Database\\Query\\Builder->Illuminate\\Database\\Query\\{closure}()
#5 /opt/lampp/htdocs/wireless/vendor/laravel/framework/src/Illuminate/Database/Query/Builder.php(2739): Illuminate\\Database\\Query\\Builder->onceWithColumns()
#6 /opt/lampp/htdocs/wireless/vendor/laravel/framework/src/Illuminate/Database/Eloquent/Builder.php(737): Illuminate\\Database\\Query\\Builder->get()
#7 /opt/lampp/htdocs/wireless/vendor/laravel/framework/src/Illuminate/Database/Eloquent/Builder.php(721): Illuminate\\Database\\Eloquent\\Builder->getModels()
#8 /opt/lampp/htdocs/wireless/vendor/laravel/framework/src/Illuminate/Database/Concerns/BuildsQueries.php(333): Illuminate\\Database\\Eloquent\\Builder->get()
#9 /opt/lampp/htdocs/wireless/app/Models/TextWidget.php(35): Illuminate\\Database\\Eloquent\\Builder->first()
#10 /opt/lampp/htdocs/wireless/vendor/laravel/framework/src/Illuminate/Collections/helpers.php(224): App\\Models\\TextWidget::App\\Models\\{closure}()
#11 /opt/lampp/htdocs/wireless/vendor/laravel/framework/src/Illuminate/Cache/Repository.php(107): value()
#12 /opt/lampp/htdocs/wireless/vendor/laravel/framework/src/Illuminate/Cache/CacheManager.php(429): Illuminate\\Cache\\Repository->get()
#13 /opt/lampp/htdocs/wireless/vendor/laravel/framework/src/Illuminate/Support/Facades/Facade.php(355): Illuminate\\Cache\\CacheManager->__call()
#14 /opt/lampp/htdocs/wireless/app/Models/TextWidget.php(34): Illuminate\\Support\\Facades\\Facade::__callStatic()
#15 /opt/lampp/htdocs/wireless/resources/views/layouts/app.blade.php(291): App\\Models\\TextWidget::getContent()
#16 /opt/lampp/htdocs/wireless/vendor/laravel/framework/src/Illuminate/Filesystem/Filesystem.php(124): require('...')
#17 /opt/lampp/htdocs/wireless/vendor/laravel/framework/src/Illuminate/Filesystem/Filesystem.php(125): Illuminate\\Filesystem\\Filesystem::Illuminate\\Filesystem\\{closure}()
#18 /opt/lampp/htdocs/wireless/vendor/laravel/framework/src/Illuminate/View/Engines/PhpEngine.php(58): Illuminate\\Filesystem\\Filesystem->getRequire()
#19 /opt/lampp/htdocs/wireless/vendor/livewire/livewire/src/Mechanisms/ExtendBlade/ExtendedCompilerEngine.php(22): Illuminate\\View\\Engines\\PhpEngine->evaluatePath()
#20 /opt/lampp/htdocs/wireless/vendor/laravel/framework/src/Illuminate/View/Engines/CompilerEngine.php(72): Livewire\\Mechanisms\\ExtendBlade\\ExtendedCompilerEngine->evaluatePath()
#21 /opt/lampp/htdocs/wireless/vendor/livewire/livewire/src/Mechanisms/ExtendBlade/ExtendedCompilerEngine.php(10): Illuminate\\View\\Engines\\CompilerEngine->get()
#22 /opt/lampp/htdocs/wireless/vendor/laravel/framework/src/Illuminate/View/View.php(207): Livewire\\Mechanisms\\ExtendBlade\\ExtendedCompilerEngine->get()
#23 /opt/lampp/htdocs/wireless/vendor/laravel/framework/src/Illuminate/View/View.php(190): Illuminate\\View\\View->getContents()
#24 /opt/lampp/htdocs/wireless/vendor/laravel/framework/src/Illuminate/View/View.php(159): Illuminate\\View\\View->renderContents()
#25 /opt/lampp/htdocs/wireless/vendor/laravel/framework/src/Illuminate/View/Concerns/ManagesComponents.php(99): Illuminate\\View\\View->render()
#26 /opt/lampp/htdocs/wireless/resources/views/errors/404.blade.php(45): Illuminate\\View\\Factory->renderComponent()
#27 /opt/lampp/htdocs/wireless/vendor/laravel/framework/src/Illuminate/Filesystem/Filesystem.php(124): require('...')
#28 /opt/lampp/htdocs/wireless/vendor/laravel/framework/src/Illuminate/Filesystem/Filesystem.php(125): Illuminate\\Filesystem\\Filesystem::Illuminate\\Filesystem\\{closure}()
#29 /opt/lampp/htdocs/wireless/vendor/laravel/framework/src/Illuminate/View/Engines/PhpEngine.php(58): Illuminate\\Filesystem\\Filesystem->getRequire()
#30 /opt/lampp/htdocs/wireless/vendor/livewire/livewire/src/Mechanisms/ExtendBlade/ExtendedCompilerEngine.php(22): Illuminate\\View\\Engines\\PhpEngine->evaluatePath()
#31 /opt/lampp/htdocs/wireless/vendor/laravel/framework/src/Illuminate/View/Engines/CompilerEngine.php(72): Livewire\\Mechanisms\\ExtendBlade\\ExtendedCompilerEngine->evaluatePath()
#32 /opt/lampp/htdocs/wireless/vendor/livewire/livewire/src/Mechanisms/ExtendBlade/ExtendedCompilerEngine.php(10): Illuminate\\View\\Engines\\CompilerEngine->get()
#33 /opt/lampp/htdocs/wireless/vendor/laravel/framework/src/Illuminate/View/View.php(207): Livewire\\Mechanisms\\ExtendBlade\\ExtendedCompilerEngine->get()
#34 /opt/lampp/htdocs/wireless/vendor/laravel/framework/src/Illuminate/View/View.php(190): Illuminate\\View\\View->getContents()
#35 /opt/lampp/htdocs/wireless/vendor/laravel/framework/src/Illuminate/View/View.php(159): Illuminate\\View\\View->renderContents()
#36 /opt/lampp/htdocs/wireless/vendor/laravel/framework/src/Illuminate/Http/Response.php(69): Illuminate\\View\\View->render()
#37 /opt/lampp/htdocs/wireless/vendor/laravel/framework/src/Illuminate/Http/Response.php(35): Illuminate\\Http\\Response->setContent()
#38 /opt/lampp/htdocs/wireless/vendor/laravel/framework/src/Illuminate/Routing/ResponseFactory.php(57): Illuminate\\Http\\Response->__construct()
#39 /opt/lampp/htdocs/wireless/vendor/laravel/framework/src/Illuminate/Routing/ResponseFactory.php(87): Illuminate\\Routing\\ResponseFactory->make()
#40 /opt/lampp/htdocs/wireless/vendor/laravel/framework/src/Illuminate/Foundation/Exceptions/Handler.php(723): Illuminate\\Routing\\ResponseFactory->view()
#41 /opt/lampp/htdocs/wireless/vendor/laravel/framework/src/Illuminate/Foundation/Exceptions/Handler.php(650): Illuminate\\Foundation\\Exceptions\\Handler->renderHttpException()
#42 /opt/lampp/htdocs/wireless/vendor/laravel/framework/src/Illuminate/Foundation/Exceptions/Handler.php(556): Illuminate\\Foundation\\Exceptions\\Handler->prepareResponse()
#43 /opt/lampp/htdocs/wireless/vendor/laravel/framework/src/Illuminate/Foundation/Exceptions/Handler.php(473): Illuminate\\Foundation\\Exceptions\\Handler->renderExceptionResponse()
#44 /opt/lampp/htdocs/wireless/vendor/laravel/framework/src/Illuminate/Routing/Pipeline.php(51): Illuminate\\Foundation\\Exceptions\\Handler->render()
#45 /opt/lampp/htdocs/wireless/vendor/laravel/framework/src/Illuminate/Pipeline/Pipeline.php(188): Illuminate\\Routing\\Pipeline->handleException()
#46 /opt/lampp/htdocs/wireless/vendor/laravel/framework/src/Illuminate/Pipeline/Pipeline.php(119): Illuminate\\Pipeline\\Pipeline->Illuminate\\Pipeline\\{closure}()
#47 /opt/lampp/htdocs/wireless/vendor/laravel/framework/src/Illuminate/Routing/Router.php(805): Illuminate\\Pipeline\\Pipeline->then()
#48 /opt/lampp/htdocs/wireless/vendor/laravel/framework/src/Illuminate/Routing/Router.php(784): Illuminate\\Routing\\Router->runRouteWithinStack()
#49 /opt/lampp/htdocs/wireless/vendor/laravel/framework/src/Illuminate/Routing/Router.php(748): Illuminate\\Routing\\Router->runRoute()
#50 /opt/lampp/htdocs/wireless/vendor/laravel/framework/src/Illuminate/Routing/Router.php(737): Illuminate\\Routing\\Router->dispatchToRoute()
#51 /opt/lampp/htdocs/wireless/vendor/laravel/framework/src/Illuminate/Foundation/Http/Kernel.php(200): Illuminate\\Routing\\Router->dispatch()
#52 /opt/lampp/htdocs/wireless/vendor/laravel/framework/src/Illuminate/Pipeline/Pipeline.php(144): Illuminate\\Foundation\\Http\\Kernel->Illuminate\\Foundation\\Http\\{closure}()
#53 /opt/lampp/htdocs/wireless/vendor/livewire/livewire/src/Features/SupportDisablingBackButtonCache/DisableBackButtonCacheMiddleware.php(19): Illuminate\\Pipeline\\Pipeline->Illuminate\\Pipeline\\{closure}()
#54 /opt/lampp/htdocs/wireless/vendor/laravel/framework/src/Illuminate/Pipeline/Pipeline.php(183): Livewire\\Features\\SupportDisablingBackButtonCache\\DisableBackButtonCacheMiddleware->handle()
#55 /opt/lampp/htdocs/wireless/vendor/laravel/framework/src/Illuminate/Foundation/Http/Middleware/TransformsRequest.php(21): Illuminate\\Pipeline\\Pipeline->Illuminate\\Pipeline\\{closure}()
#56 /opt/lampp/htdocs/wireless/vendor/laravel/framework/src/Illuminate/Foundation/Http/Middleware/ConvertEmptyStringsToNull.php(31): Illuminate\\Foundation\\Http\\Middleware\\TransformsRequest->handle()
#57 /opt/lampp/htdocs/wireless/vendor/laravel/framework/src/Illuminate/Pipeline/Pipeline.php(183): Illuminate\\Foundation\\Http\\Middleware\\ConvertEmptyStringsToNull->handle()
#58 /opt/lampp/htdocs/wireless/vendor/laravel/framework/src/Illuminate/Foundation/Http/Middleware/TransformsRequest.php(21): Illuminate\\Pipeline\\Pipeline->Illuminate\\Pipeline\\{closure}()
#59 /opt/lampp/htdocs/wireless/vendor/laravel/framework/src/Illuminate/Foundation/Http/Middleware/TrimStrings.php(40): Illuminate\\Foundation\\Http\\Middleware\\TransformsRequest->handle()
#60 /opt/lampp/htdocs/wireless/vendor/laravel/framework/src/Illuminate/Pipeline/Pipeline.php(183): Illuminate\\Foundation\\Http\\Middleware\\TrimStrings->handle()
#61 /opt/lampp/htdocs/wireless/vendor/laravel/framework/src/Illuminate/Foundation/Http/Middleware/ValidatePostSize.php(27): Illuminate\\Pipeline\\Pipeline->Illuminate\\Pipeline\\{closure}()
#62 /opt/lampp/htdocs/wireless/vendor/laravel/framework/src/Illuminate/Pipeline/Pipeline.php(183): Illuminate\\Foundation\\Http\\Middleware\\ValidatePostSize->handle()
#63 /opt/lampp/htdocs/wireless/vendor/laravel/framework/src/Illuminate/Foundation/Http/Middleware/PreventRequestsDuringMaintenance.php(99): Illuminate\\Pipeline\\Pipeline->Illuminate\\Pipeline\\{closure}()
#64 /opt/lampp/htdocs/wireless/vendor/laravel/framework/src/Illuminate/Pipeline/Pipeline.php(183): Illuminate\\Foundation\\Http\\Middleware\\PreventRequestsDuringMaintenance->handle()
#65 /opt/lampp/htdocs/wireless/vendor/laravel/framework/src/Illuminate/Http/Middleware/HandleCors.php(49): Illuminate\\Pipeline\\Pipeline->Illuminate\\Pipeline\\{closure}()
#66 /opt/lampp/htdocs/wireless/vendor/laravel/framework/src/Illuminate/Pipeline/Pipeline.php(183): Illuminate\\Http\\Middleware\\HandleCors->handle()
#67 /opt/lampp/htdocs/wireless/vendor/laravel/framework/src/Illuminate/Http/Middleware/TrustProxies.php(39): Illuminate\\Pipeline\\Pipeline->Illuminate\\Pipeline\\{closure}()
#68 /opt/lampp/htdocs/wireless/vendor/laravel/framework/src/Illuminate/Pipeline/Pipeline.php(183): Illuminate\\Http\\Middleware\\TrustProxies->handle()
#69 /opt/lampp/htdocs/wireless/vendor/laravel/framework/src/Illuminate/Pipeline/Pipeline.php(119): Illuminate\\Pipeline\\Pipeline->Illuminate\\Pipeline\\{closure}()
#70 /opt/lampp/htdocs/wireless/vendor/laravel/framework/src/Illuminate/Foundation/Http/Kernel.php(175): Illuminate\\Pipeline\\Pipeline->then()
#71 /opt/lampp/htdocs/wireless/vendor/laravel/framework/src/Illuminate/Foundation/Http/Kernel.php(144): Illuminate\\Foundation\\Http\\Kernel->sendRequestThroughRouter()
#72 /opt/lampp/htdocs/wireless/public/index.php(51): Illuminate\\Foundation\\Http\\Kernel->handle()
#73 /opt/lampp/htdocs/wireless/vendor/laravel/framework/src/Illuminate/Foundation/resources/server.php(16): require_once('...')
#74 {main}

[previous exception] [object] (Illuminate\\Database\\QueryException(code: 42S02): SQLSTATE[42S02]: Base table or view not found: 1146 Table 'wireless.text_widgets' doesn't exist (Connection: mysql, SQL: select * from `text_widgets` where `key` = about-us-sidebar limit 1) at /opt/lampp/htdocs/wireless/vendor/laravel/framework/src/Illuminate/Database/Connection.php:822)
[stacktrace]
#0 /opt/lampp/htdocs/wireless/vendor/laravel/framework/src/Illuminate/Database/Connection.php(776): Illuminate\\Database\\Connection->runQueryCallback()
#1 /opt/lampp/htdocs/wireless/vendor/laravel/framework/src/Illuminate/Database/Connection.php(407): Illuminate\\Database\\Connection->run()
#2 /opt/lampp/htdocs/wireless/vendor/laravel/framework/src/Illuminate/Database/Query/Builder.php(2751): Illuminate\\Database\\Connection->select()
#3 /opt/lampp/htdocs/wireless/vendor/laravel/framework/src/Illuminate/Database/Query/Builder.php(2740): Illuminate\\Database\\Query\\Builder->runSelect()
#4 /opt/lampp/htdocs/wireless/vendor/laravel/framework/src/Illuminate/Database/Query/Builder.php(3294): Illuminate\\Database\\Query\\Builder->Illuminate\\Database\\Query\\{closure}()
#5 /opt/lampp/htdocs/wireless/vendor/laravel/framework/src/Illuminate/Database/Query/Builder.php(2739): Illuminate\\Database\\Query\\Builder->onceWithColumns()
#6 /opt/lampp/htdocs/wireless/vendor/laravel/framework/src/Illuminate/Database/Eloquent/Builder.php(737): Illuminate\\Database\\Query\\Builder->get()
#7 /opt/lampp/htdocs/wireless/vendor/laravel/framework/src/Illuminate/Database/Eloquent/Builder.php(721): Illuminate\\Database\\Eloquent\\Builder->getModels()
#8 /opt/lampp/htdocs/wireless/vendor/laravel/framework/src/Illuminate/Database/Concerns/BuildsQueries.php(333): Illuminate\\Database\\Eloquent\\Builder->get()
#9 /opt/lampp/htdocs/wireless/app/Models/TextWidget.php(35): Illuminate\\Database\\Eloquent\\Builder->first()
#10 /opt/lampp/htdocs/wireless/vendor/laravel/framework/src/Illuminate/Collections/helpers.php(224): App\\Models\\TextWidget::App\\Models\\{closure}()
#11 /opt/lampp/htdocs/wireless/vendor/laravel/framework/src/Illuminate/Cache/Repository.php(107): value()
#12 /opt/lampp/htdocs/wireless/vendor/laravel/framework/src/Illuminate/Cache/CacheManager.php(429): Illuminate\\Cache\\Repository->get()
#13 /opt/lampp/htdocs/wireless/vendor/laravel/framework/src/Illuminate/Support/Facades/Facade.php(355): Illuminate\\Cache\\CacheManager->__call()
#14 /opt/lampp/htdocs/wireless/app/Models/TextWidget.php(34): Illuminate\\Support\\Facades\\Facade::__callStatic()
#15 /opt/lampp/htdocs/wireless/storage/framework/views/4918ade9d894dbbdc113be650a0f2910.php(405): App\\Models\\TextWidget::getContent()
#16 /opt/lampp/htdocs/wireless/vendor/laravel/framework/src/Illuminate/Filesystem/Filesystem.php(124): require('...')
#17 /opt/lampp/htdocs/wireless/vendor/laravel/framework/src/Illuminate/Filesystem/Filesystem.php(125): Illuminate\\Filesystem\\Filesystem::Illuminate\\Filesystem\\{closure}()
#18 /opt/lampp/htdocs/wireless/vendor/laravel/framework/src/Illuminate/View/Engines/PhpEngine.php(58): Illuminate\\Filesystem\\Filesystem->getRequire()
#19 /opt/lampp/htdocs/wireless/vendor/livewire/livewire/src/Mechanisms/ExtendBlade/ExtendedCompilerEngine.php(22): Illuminate\\View\\Engines\\PhpEngine->evaluatePath()
#20 /opt/lampp/htdocs/wireless/vendor/laravel/framework/src/Illuminate/View/Engines/CompilerEngine.php(72): Livewire\\Mechanisms\\ExtendBlade\\ExtendedCompilerEngine->evaluatePath()
#21 /opt/lampp/htdocs/wireless/vendor/livewire/livewire/src/Mechanisms/ExtendBlade/ExtendedCompilerEngine.php(10): Illuminate\\View\\Engines\\CompilerEngine->get()
#22 /opt/lampp/htdocs/wireless/vendor/laravel/framework/src/Illuminate/View/View.php(207): Livewire\\Mechanisms\\ExtendBlade\\ExtendedCompilerEngine->get()
#23 /opt/lampp/htdocs/wireless/vendor/laravel/framework/src/Illuminate/View/View.php(190): Illuminate\\View\\View->getContents()
#24 /opt/lampp/htdocs/wireless/vendor/laravel/framework/src/Illuminate/View/View.php(159): Illuminate\\View\\View->renderContents()
#25 /opt/lampp/htdocs/wireless/vendor/laravel/framework/src/Illuminate/View/Concerns/ManagesComponents.php(99): Illuminate\\View\\View->render()
#26 /opt/lampp/htdocs/wireless/storage/framework/views/6c98e84b92353b4122cb1cc648a9d157.php(45): Illuminate\\View\\Factory->renderComponent()
#27 /opt/lampp/htdocs/wireless/vendor/laravel/framework/src/Illuminate/Filesystem/Filesystem.php(124): require('...')
#28 /opt/lampp/htdocs/wireless/vendor/laravel/framework/src/Illuminate/Filesystem/Filesystem.php(125): Illuminate\\Filesystem\\Filesystem::Illuminate\\Filesystem\\{closure}()
#29 /opt/lampp/htdocs/wireless/vendor/laravel/framework/src/Illuminate/View/Engines/PhpEngine.php(58): Illuminate\\Filesystem\\Filesystem->getRequire()
#30 /opt/lampp/htdocs/wireless/vendor/livewire/livewire/src/Mechanisms/ExtendBlade/ExtendedCompilerEngine.php(22): Illuminate\\View\\Engines\\PhpEngine->evaluatePath()
#31 /opt/lampp/htdocs/wireless/vendor/laravel/framework/src/Illuminate/View/Engines/CompilerEngine.php(72): Livewire\\Mechanisms\\ExtendBlade\\ExtendedCompilerEngine->evaluatePath()
#32 /opt/lampp/htdocs/wireless/vendor/livewire/livewire/src/Mechanisms/ExtendBlade/ExtendedCompilerEngine.php(10): Illuminate\\View\\Engines\\CompilerEngine->get()
#33 /opt/lampp/htdocs/wireless/vendor/laravel/framework/src/Illuminate/View/View.php(207): Livewire\\Mechanisms\\ExtendBlade\\ExtendedCompilerEngine->get()
#34 /opt/lampp/htdocs/wireless/vendor/laravel/framework/src/Illuminate/View/View.php(190): Illuminate\\View\\View->getContents()
#35 /opt/lampp/htdocs/wireless/vendor/laravel/framework/src/Illuminate/View/View.php(159): Illuminate\\View\\View->renderContents()
#36 /opt/lampp/htdocs/wireless/vendor/laravel/framework/src/Illuminate/Http/Response.php(69): Illuminate\\View\\View->render()
#37 /opt/lampp/htdocs/wireless/vendor/laravel/framework/src/Illuminate/Http/Response.php(35): Illuminate\\Http\\Response->setContent()
#38 /opt/lampp/htdocs/wireless/vendor/laravel/framework/src/Illuminate/Routing/ResponseFactory.php(57): Illuminate\\Http\\Response->__construct()
#39 /opt/lampp/htdocs/wireless/vendor/laravel/framework/src/Illuminate/Routing/ResponseFactory.php(87): Illuminate\\Routing\\ResponseFactory->make()
#40 /opt/lampp/htdocs/wireless/vendor/laravel/framework/src/Illuminate/Foundation/Exceptions/Handler.php(723): Illuminate\\Routing\\ResponseFactory->view()
#41 /opt/lampp/htdocs/wireless/vendor/laravel/framework/src/Illuminate/Foundation/Exceptions/Handler.php(650): Illuminate\\Foundation\\Exceptions\\Handler->renderHttpException()
#42 /opt/lampp/htdocs/wireless/vendor/laravel/framework/src/Illuminate/Foundation/Exceptions/Handler.php(556): Illuminate\\Foundation\\Exceptions\\Handler->prepareResponse()
#43 /opt/lampp/htdocs/wireless/vendor/laravel/framework/src/Illuminate/Foundation/Exceptions/Handler.php(473): Illuminate\\Foundation\\Exceptions\\Handler->renderExceptionResponse()
#44 /opt/lampp/htdocs/wireless/vendor/laravel/framework/src/Illuminate/Routing/Pipeline.php(51): Illuminate\\Foundation\\Exceptions\\Handler->render()
#45 /opt/lampp/htdocs/wireless/vendor/laravel/framework/src/Illuminate/Pipeline/Pipeline.php(188): Illuminate\\Routing\\Pipeline->handleException()
#46 /opt/lampp/htdocs/wireless/vendor/laravel/framework/src/Illuminate/Pipeline/Pipeline.php(119): Illuminate\\Pipeline\\Pipeline->Illuminate\\Pipeline\\{closure}()
#47 /opt/lampp/htdocs/wireless/vendor/laravel/framework/src/Illuminate/Routing/Router.php(805): Illuminate\\Pipeline\\Pipeline->then()
#48 /opt/lampp/htdocs/wireless/vendor/laravel/framework/src/Illuminate/Routing/Router.php(784): Illuminate\\Routing\\Router->runRouteWithinStack()
#49 /opt/lampp/htdocs/wireless/vendor/laravel/framework/src/Illuminate/Routing/Router.php(748): Illuminate\\Routing\\Router->runRoute()
#50 /opt/lampp/htdocs/wireless/vendor/laravel/framework/src/Illuminate/Routing/Router.php(737): Illuminate\\Routing\\Router->dispatchToRoute()
#51 /opt/lampp/htdocs/wireless/vendor/laravel/framework/src/Illuminate/Foundation/Http/Kernel.php(200): Illuminate\\Routing\\Router->dispatch()
#52 /opt/lampp/htdocs/wireless/vendor/laravel/framework/src/Illuminate/Pipeline/Pipeline.php(144): Illuminate\\Foundation\\Http\\Kernel->Illuminate\\Foundation\\Http\\{closure}()
#53 /opt/lampp/htdocs/wireless/vendor/livewire/livewire/src/Features/SupportDisablingBackButtonCache/DisableBackButtonCacheMiddleware.php(19): Illuminate\\Pipeline\\Pipeline->Illuminate\\Pipeline\\{closure}()
#54 /opt/lampp/htdocs/wireless/vendor/laravel/framework/src/Illuminate/Pipeline/Pipeline.php(183): Livewire\\Features\\SupportDisablingBackButtonCache\\DisableBackButtonCacheMiddleware->handle()
#55 /opt/lampp/htdocs/wireless/vendor/laravel/framework/src/Illuminate/Foundation/Http/Middleware/TransformsRequest.php(21): Illuminate\\Pipeline\\Pipeline->Illuminate\\Pipeline\\{closure}()
#56 /opt/lampp/htdocs/wireless/vendor/laravel/framework/src/Illuminate/Foundation/Http/Middleware/ConvertEmptyStringsToNull.php(31): Illuminate\\Foundation\\Http\\Middleware\\TransformsRequest->handle()
#57 /opt/lampp/htdocs/wireless/vendor/laravel/framework/src/Illuminate/Pipeline/Pipeline.php(183): Illuminate\\Foundation\\Http\\Middleware\\ConvertEmptyStringsToNull->handle()
#58 /opt/lampp/htdocs/wireless/vendor/laravel/framework/src/Illuminate/Foundation/Http/Middleware/TransformsRequest.php(21): Illuminate\\Pipeline\\Pipeline->Illuminate\\Pipeline\\{closure}()
#59 /opt/lampp/htdocs/wireless/vendor/laravel/framework/src/Illuminate/Foundation/Http/Middleware/TrimStrings.php(40): Illuminate\\Foundation\\Http\\Middleware\\TransformsRequest->handle()
#60 /opt/lampp/htdocs/wireless/vendor/laravel/framework/src/Illuminate/Pipeline/Pipeline.php(183): Illuminate\\Foundation\\Http\\Middleware\\TrimStrings->handle()
#61 /opt/lampp/htdocs/wireless/vendor/laravel/framework/src/Illuminate/Foundation/Http/Middleware/ValidatePostSize.php(27): Illuminate\\Pipeline\\Pipeline->Illuminate\\Pipeline\\{closure}()
#62 /opt/lampp/htdocs/wireless/vendor/laravel/framework/src/Illuminate/Pipeline/Pipeline.php(183): Illuminate\\Foundation\\Http\\Middleware\\ValidatePostSize->handle()
#63 /opt/lampp/htdocs/wireless/vendor/laravel/framework/src/Illuminate/Foundation/Http/Middleware/PreventRequestsDuringMaintenance.php(99): Illuminate\\Pipeline\\Pipeline->Illuminate\\Pipeline\\{closure}()
#64 /opt/lampp/htdocs/wireless/vendor/laravel/framework/src/Illuminate/Pipeline/Pipeline.php(183): Illuminate\\Foundation\\Http\\Middleware\\PreventRequestsDuringMaintenance->handle()
#65 /opt/lampp/htdocs/wireless/vendor/laravel/framework/src/Illuminate/Http/Middleware/HandleCors.php(49): Illuminate\\Pipeline\\Pipeline->Illuminate\\Pipeline\\{closure}()
#66 /opt/lampp/htdocs/wireless/vendor/laravel/framework/src/Illuminate/Pipeline/Pipeline.php(183): Illuminate\\Http\\Middleware\\HandleCors->handle()
#67 /opt/lampp/htdocs/wireless/vendor/laravel/framework/src/Illuminate/Http/Middleware/TrustProxies.php(39): Illuminate\\Pipeline\\Pipeline->Illuminate\\Pipeline\\{closure}()
#68 /opt/lampp/htdocs/wireless/vendor/laravel/framework/src/Illuminate/Pipeline/Pipeline.php(183): Illuminate\\Http\\Middleware\\TrustProxies->handle()
#69 /opt/lampp/htdocs/wireless/vendor/laravel/framework/src/Illuminate/Pipeline/Pipeline.php(119): Illuminate\\Pipeline\\Pipeline->Illuminate\\Pipeline\\{closure}()
#70 /opt/lampp/htdocs/wireless/vendor/laravel/framework/src/Illuminate/Foundation/Http/Kernel.php(175): Illuminate\\Pipeline\\Pipeline->then()
#71 /opt/lampp/htdocs/wireless/vendor/laravel/framework/src/Illuminate/Foundation/Http/Kernel.php(144): Illuminate\\Foundation\\Http\\Kernel->sendRequestThroughRouter()
#72 /opt/lampp/htdocs/wireless/public/index.php(51): Illuminate\\Foundation\\Http\\Kernel->handle()
#73 /opt/lampp/htdocs/wireless/vendor/laravel/framework/src/Illuminate/Foundation/resources/server.php(16): require_once('...')
#74 {main}

[previous exception] [object] (PDOException(code: 42S02): SQLSTATE[42S02]: Base table or view not found: 1146 Table 'wireless.text_widgets' doesn't exist at /opt/lampp/htdocs/wireless/vendor/laravel/framework/src/Illuminate/Database/Connection.php:416)
[stacktrace]
#0 /opt/lampp/htdocs/wireless/vendor/laravel/framework/src/Illuminate/Database/Connection.php(416): PDO->prepare()
#1 /opt/lampp/htdocs/wireless/vendor/laravel/framework/src/Illuminate/Database/Connection.php(809): Illuminate\\Database\\Connection->Illuminate\\Database\\{closure}()
#2 /opt/lampp/htdocs/wireless/vendor/laravel/framework/src/Illuminate/Database/Connection.php(776): Illuminate\\Database\\Connection->runQueryCallback()
#3 /opt/lampp/htdocs/wireless/vendor/laravel/framework/src/Illuminate/Database/Connection.php(407): Illuminate\\Database\\Connection->run()
#4 /opt/lampp/htdocs/wireless/vendor/laravel/framework/src/Illuminate/Database/Query/Builder.php(2751): Illuminate\\Database\\Connection->select()
#5 /opt/lampp/htdocs/wireless/vendor/laravel/framework/src/Illuminate/Database/Query/Builder.php(2740): Illuminate\\Database\\Query\\Builder->runSelect()
#6 /opt/lampp/htdocs/wireless/vendor/laravel/framework/src/Illuminate/Database/Query/Builder.php(3294): Illuminate\\Database\\Query\\Builder->Illuminate\\Database\\Query\\{closure}()
#7 /opt/lampp/htdocs/wireless/vendor/laravel/framework/src/Illuminate/Database/Query/Builder.php(2739): Illuminate\\Database\\Query\\Builder->onceWithColumns()
#8 /opt/lampp/htdocs/wireless/vendor/laravel/framework/src/Illuminate/Database/Eloquent/Builder.php(737): Illuminate\\Database\\Query\\Builder->get()
#9 /opt/lampp/htdocs/wireless/vendor/laravel/framework/src/Illuminate/Database/Eloquent/Builder.php(721): Illuminate\\Database\\Eloquent\\Builder->getModels()
#10 /opt/lampp/htdocs/wireless/vendor/laravel/framework/src/Illuminate/Database/Concerns/BuildsQueries.php(333): Illuminate\\Database\\Eloquent\\Builder->get()
#11 /opt/lampp/htdocs/wireless/app/Models/TextWidget.php(35): Illuminate\\Database\\Eloquent\\Builder->first()
#12 /opt/lampp/htdocs/wireless/vendor/laravel/framework/src/Illuminate/Collections/helpers.php(224): App\\Models\\TextWidget::App\\Models\\{closure}()
#13 /opt/lampp/htdocs/wireless/vendor/laravel/framework/src/Illuminate/Cache/Repository.php(107): value()
#14 /opt/lampp/htdocs/wireless/vendor/laravel/framework/src/Illuminate/Cache/CacheManager.php(429): Illuminate\\Cache\\Repository->get()
#15 /opt/lampp/htdocs/wireless/vendor/laravel/framework/src/Illuminate/Support/Facades/Facade.php(355): Illuminate\\Cache\\CacheManager->__call()
#16 /opt/lampp/htdocs/wireless/app/Models/TextWidget.php(34): Illuminate\\Support\\Facades\\Facade::__callStatic()
#17 /opt/lampp/htdocs/wireless/storage/framework/views/4918ade9d894dbbdc113be650a0f2910.php(405): App\\Models\\TextWidget::getContent()
#18 /opt/lampp/htdocs/wireless/vendor/laravel/framework/src/Illuminate/Filesystem/Filesystem.php(124): require('...')
#19 /opt/lampp/htdocs/wireless/vendor/laravel/framework/src/Illuminate/Filesystem/Filesystem.php(125): Illuminate\\Filesystem\\Filesystem::Illuminate\\Filesystem\\{closure}()
#20 /opt/lampp/htdocs/wireless/vendor/laravel/framework/src/Illuminate/View/Engines/PhpEngine.php(58): Illuminate\\Filesystem\\Filesystem->getRequire()
#21 /opt/lampp/htdocs/wireless/vendor/livewire/livewire/src/Mechanisms/ExtendBlade/ExtendedCompilerEngine.php(22): Illuminate\\View\\Engines\\PhpEngine->evaluatePath()
#22 /opt/lampp/htdocs/wireless/vendor/laravel/framework/src/Illuminate/View/Engines/CompilerEngine.php(72): Livewire\\Mechanisms\\ExtendBlade\\ExtendedCompilerEngine->evaluatePath()
#23 /opt/lampp/htdocs/wireless/vendor/livewire/livewire/src/Mechanisms/ExtendBlade/ExtendedCompilerEngine.php(10): Illuminate\\View\\Engines\\CompilerEngine->get()
#24 /opt/lampp/htdocs/wireless/vendor/laravel/framework/src/Illuminate/View/View.php(207): Livewire\\Mechanisms\\ExtendBlade\\ExtendedCompilerEngine->get()
#25 /opt/lampp/htdocs/wireless/vendor/laravel/framework/src/Illuminate/View/View.php(190): Illuminate\\View\\View->getContents()
#26 /opt/lampp/htdocs/wireless/vendor/laravel/framework/src/Illuminate/View/View.php(159): Illuminate\\View\\View->renderContents()
#27 /opt/lampp/htdocs/wireless/vendor/laravel/framework/src/Illuminate/View/Concerns/ManagesComponents.php(99): Illuminate\\View\\View->render()
#28 /opt/lampp/htdocs/wireless/storage/framework/views/6c98e84b92353b4122cb1cc648a9d157.php(45): Illuminate\\View\\Factory->renderComponent()
#29 /opt/lampp/htdocs/wireless/vendor/laravel/framework/src/Illuminate/Filesystem/Filesystem.php(124): require('...')
#30 /opt/lampp/htdocs/wireless/vendor/laravel/framework/src/Illuminate/Filesystem/Filesystem.php(125): Illuminate\\Filesystem\\Filesystem::Illuminate\\Filesystem\\{closure}()
#31 /opt/lampp/htdocs/wireless/vendor/laravel/framework/src/Illuminate/View/Engines/PhpEngine.php(58): Illuminate\\Filesystem\\Filesystem->getRequire()
#32 /opt/lampp/htdocs/wireless/vendor/livewire/livewire/src/Mechanisms/ExtendBlade/ExtendedCompilerEngine.php(22): Illuminate\\View\\Engines\\PhpEngine->evaluatePath()
#33 /opt/lampp/htdocs/wireless/vendor/laravel/framework/src/Illuminate/View/Engines/CompilerEngine.php(72): Livewire\\Mechanisms\\ExtendBlade\\ExtendedCompilerEngine->evaluatePath()
#34 /opt/lampp/htdocs/wireless/vendor/livewire/livewire/src/Mechanisms/ExtendBlade/ExtendedCompilerEngine.php(10): Illuminate\\View\\Engines\\CompilerEngine->get()
#35 /opt/lampp/htdocs/wireless/vendor/laravel/framework/src/Illuminate/View/View.php(207): Livewire\\Mechanisms\\ExtendBlade\\ExtendedCompilerEngine->get()
#36 /opt/lampp/htdocs/wireless/vendor/laravel/framework/src/Illuminate/View/View.php(190): Illuminate\\View\\View->getContents()
#37 /opt/lampp/htdocs/wireless/vendor/laravel/framework/src/Illuminate/View/View.php(159): Illuminate\\View\\View->renderContents()
#38 /opt/lampp/htdocs/wireless/vendor/laravel/framework/src/Illuminate/Http/Response.php(69): Illuminate\\View\\View->render()
#39 /opt/lampp/htdocs/wireless/vendor/laravel/framework/src/Illuminate/Http/Response.php(35): Illuminate\\Http\\Response->setContent()
#40 /opt/lampp/htdocs/wireless/vendor/laravel/framework/src/Illuminate/Routing/ResponseFactory.php(57): Illuminate\\Http\\Response->__construct()
#41 /opt/lampp/htdocs/wireless/vendor/laravel/framework/src/Illuminate/Routing/ResponseFactory.php(87): Illuminate\\Routing\\ResponseFactory->make()
#42 /opt/lampp/htdocs/wireless/vendor/laravel/framework/src/Illuminate/Foundation/Exceptions/Handler.php(723): Illuminate\\Routing\\ResponseFactory->view()
#43 /opt/lampp/htdocs/wireless/vendor/laravel/framework/src/Illuminate/Foundation/Exceptions/Handler.php(650): Illuminate\\Foundation\\Exceptions\\Handler->renderHttpException()
#44 /opt/lampp/htdocs/wireless/vendor/laravel/framework/src/Illuminate/Foundation/Exceptions/Handler.php(556): Illuminate\\Foundation\\Exceptions\\Handler->prepareResponse()
#45 /opt/lampp/htdocs/wireless/vendor/laravel/framework/src/Illuminate/Foundation/Exceptions/Handler.php(473): Illuminate\\Foundation\\Exceptions\\Handler->renderExceptionResponse()
#46 /opt/lampp/htdocs/wireless/vendor/laravel/framework/src/Illuminate/Routing/Pipeline.php(51): Illuminate\\Foundation\\Exceptions\\Handler->render()
#47 /opt/lampp/htdocs/wireless/vendor/laravel/framework/src/Illuminate/Pipeline/Pipeline.php(188): Illuminate\\Routing\\Pipeline->handleException()
#48 /opt/lampp/htdocs/wireless/vendor/laravel/framework/src/Illuminate/Pipeline/Pipeline.php(119): Illuminate\\Pipeline\\Pipeline->Illuminate\\Pipeline\\{closure}()
#49 /opt/lampp/htdocs/wireless/vendor/laravel/framework/src/Illuminate/Routing/Router.php(805): Illuminate\\Pipeline\\Pipeline->then()
#50 /opt/lampp/htdocs/wireless/vendor/laravel/framework/src/Illuminate/Routing/Router.php(784): Illuminate\\Routing\\Router->runRouteWithinStack()
#51 /opt/lampp/htdocs/wireless/vendor/laravel/framework/src/Illuminate/Routing/Router.php(748): Illuminate\\Routing\\Router->runRoute()
#52 /opt/lampp/htdocs/wireless/vendor/laravel/framework/src/Illuminate/Routing/Router.php(737): Illuminate\\Routing\\Router->dispatchToRoute()
#53 /opt/lampp/htdocs/wireless/vendor/laravel/framework/src/Illuminate/Foundation/Http/Kernel.php(200): Illuminate\\Routing\\Router->dispatch()
#54 /opt/lampp/htdocs/wireless/vendor/laravel/framework/src/Illuminate/Pipeline/Pipeline.php(144): Illuminate\\Foundation\\Http\\Kernel->Illuminate\\Foundation\\Http\\{closure}()
#55 /opt/lampp/htdocs/wireless/vendor/livewire/livewire/src/Features/SupportDisablingBackButtonCache/DisableBackButtonCacheMiddleware.php(19): Illuminate\\Pipeline\\Pipeline->Illuminate\\Pipeline\\{closure}()
#56 /opt/lampp/htdocs/wireless/vendor/laravel/framework/src/Illuminate/Pipeline/Pipeline.php(183): Livewire\\Features\\SupportDisablingBackButtonCache\\DisableBackButtonCacheMiddleware->handle()
#57 /opt/lampp/htdocs/wireless/vendor/laravel/framework/src/Illuminate/Foundation/Http/Middleware/TransformsRequest.php(21): Illuminate\\Pipeline\\Pipeline->Illuminate\\Pipeline\\{closure}()
#58 /opt/lampp/htdocs/wireless/vendor/laravel/framework/src/Illuminate/Foundation/Http/Middleware/ConvertEmptyStringsToNull.php(31): Illuminate\\Foundation\\Http\\Middleware\\TransformsRequest->handle()
#59 /opt/lampp/htdocs/wireless/vendor/laravel/framework/src/Illuminate/Pipeline/Pipeline.php(183): Illuminate\\Foundation\\Http\\Middleware\\ConvertEmptyStringsToNull->handle()
#60 /opt/lampp/htdocs/wireless/vendor/laravel/framework/src/Illuminate/Foundation/Http/Middleware/TransformsRequest.php(21): Illuminate\\Pipeline\\Pipeline->Illuminate\\Pipeline\\{closure}()
#61 /opt/lampp/htdocs/wireless/vendor/laravel/framework/src/Illuminate/Foundation/Http/Middleware/TrimStrings.php(40): Illuminate\\Foundation\\Http\\Middleware\\TransformsRequest->handle()
#62 /opt/lampp/htdocs/wireless/vendor/laravel/framework/src/Illuminate/Pipeline/Pipeline.php(183): Illuminate\\Foundation\\Http\\Middleware\\TrimStrings->handle()
#63 /opt/lampp/htdocs/wireless/vendor/laravel/framework/src/Illuminate/Foundation/Http/Middleware/ValidatePostSize.php(27): Illuminate\\Pipeline\\Pipeline->Illuminate\\Pipeline\\{closure}()
#64 /opt/lampp/htdocs/wireless/vendor/laravel/framework/src/Illuminate/Pipeline/Pipeline.php(183): Illuminate\\Foundation\\Http\\Middleware\\ValidatePostSize->handle()
#65 /opt/lampp/htdocs/wireless/vendor/laravel/framework/src/Illuminate/Foundation/Http/Middleware/PreventRequestsDuringMaintenance.php(99): Illuminate\\Pipeline\\Pipeline->Illuminate\\Pipeline\\{closure}()
#66 /opt/lampp/htdocs/wireless/vendor/laravel/framework/src/Illuminate/Pipeline/Pipeline.php(183): Illuminate\\Foundation\\Http\\Middleware\\PreventRequestsDuringMaintenance->handle()
#67 /opt/lampp/htdocs/wireless/vendor/laravel/framework/src/Illuminate/Http/Middleware/HandleCors.php(49): Illuminate\\Pipeline\\Pipeline->Illuminate\\Pipeline\\{closure}()
#68 /opt/lampp/htdocs/wireless/vendor/laravel/framework/src/Illuminate/Pipeline/Pipeline.php(183): Illuminate\\Http\\Middleware\\HandleCors->handle()
#69 /opt/lampp/htdocs/wireless/vendor/laravel/framework/src/Illuminate/Http/Middleware/TrustProxies.php(39): Illuminate\\Pipeline\\Pipeline->Illuminate\\Pipeline\\{closure}()
#70 /opt/lampp/htdocs/wireless/vendor/laravel/framework/src/Illuminate/Pipeline/Pipeline.php(183): Illuminate\\Http\\Middleware\\TrustProxies->handle()
#71 /opt/lampp/htdocs/wireless/vendor/laravel/framework/src/Illuminate/Pipeline/Pipeline.php(119): Illuminate\\Pipeline\\Pipeline->Illuminate\\Pipeline\\{closure}()
#72 /opt/lampp/htdocs/wireless/vendor/laravel/framework/src/Illuminate/Foundation/Http/Kernel.php(175): Illuminate\\Pipeline\\Pipeline->then()
#73 /opt/lampp/htdocs/wireless/vendor/laravel/framework/src/Illuminate/Foundation/Http/Kernel.php(144): Illuminate\\Foundation\\Http\\Kernel->sendRequestThroughRouter()
#74 /opt/lampp/htdocs/wireless/public/index.php(51): Illuminate\\Foundation\\Http\\Kernel->handle()
#75 /opt/lampp/htdocs/wireless/vendor/laravel/framework/src/Illuminate/Foundation/resources/server.php(16): require_once('...')
#76 {main}
"} 
[2026-03-06 13:52:46] production.ERROR: SQLSTATE[42S22]: Column not found: 1054 Unknown column 'active' in 'where clause' (Connection: mysql, SQL: select * from `posts` where `active` = 1 and date(`published_at`) < 2026-03-06 order by `published_at` desc limit 1) {"exception":"[object] (Illuminate\\Database\\QueryException(code: 42S22): SQLSTATE[42S22]: Column not found: 1054 Unknown column 'active' in 'where clause' (Connection: mysql, SQL: select * from `posts` where `active` = 1 and date(`published_at`) < 2026-03-06 order by `published_at` desc limit 1) at /opt/lampp/htdocs/wireless/vendor/laravel/framework/src/Illuminate/Database/Connection.php:822)
[stacktrace]
#0 /opt/lampp/htdocs/wireless/vendor/laravel/framework/src/Illuminate/Database/Connection.php(776): Illuminate\\Database\\Connection->runQueryCallback()
#1 /opt/lampp/htdocs/wireless/vendor/laravel/framework/src/Illuminate/Database/Connection.php(407): Illuminate\\Database\\Connection->run()
#2 /opt/lampp/htdocs/wireless/vendor/laravel/framework/src/Illuminate/Database/Query/Builder.php(2751): Illuminate\\Database\\Connection->select()
#3 /opt/lampp/htdocs/wireless/vendor/laravel/framework/src/Illuminate/Database/Query/Builder.php(2740): Illuminate\\Database\\Query\\Builder->runSelect()
#4 /opt/lampp/htdocs/wireless/vendor/laravel/framework/src/Illuminate/Database/Query/Builder.php(3294): Illuminate\\Database\\Query\\Builder->Illuminate\\Database\\Query\\{closure}()
#5 /opt/lampp/htdocs/wireless/vendor/laravel/framework/src/Illuminate/Database/Query/Builder.php(2739): Illuminate\\Database\\Query\\Builder->onceWithColumns()
#6 /opt/lampp/htdocs/wireless/vendor/laravel/framework/src/Illuminate/Database/Eloquent/Builder.php(737): Illuminate\\Database\\Query\\Builder->get()
#7 /opt/lampp/htdocs/wireless/vendor/laravel/framework/src/Illuminate/Database/Eloquent/Builder.php(721): Illuminate\\Database\\Eloquent\\Builder->getModels()
#8 /opt/lampp/htdocs/wireless/vendor/laravel/framework/src/Illuminate/Database/Concerns/BuildsQueries.php(333): Illuminate\\Database\\Eloquent\\Builder->get()
#9 /opt/lampp/htdocs/wireless/app/Http/Controllers/PostController.php(28): Illuminate\\Database\\Eloquent\\Builder->first()
#10 /opt/lampp/htdocs/wireless/vendor/laravel/framework/src/Illuminate/Routing/Controller.php(54): App\\Http\\Controllers\\PostController->home()
#11 /opt/lampp/htdocs/wireless/vendor/laravel/framework/src/Illuminate/Routing/ControllerDispatcher.php(43): Illuminate\\Routing\\Controller->callAction()
#12 /opt/lampp/htdocs/wireless/vendor/laravel/framework/src/Illuminate/Routing/Route.php(259): Illuminate\\Routing\\ControllerDispatcher->dispatch()
#13 /opt/lampp/htdocs/wireless/vendor/laravel/framework/src/Illuminate/Routing/Route.php(205): Illuminate\\Routing\\Route->runController()
#14 /opt/lampp/htdocs/wireless/vendor/laravel/framework/src/Illuminate/Routing/Router.php(806): Illuminate\\Routing\\Route->run()
#15 /opt/lampp/htdocs/wireless/vendor/laravel/framework/src/Illuminate/Pipeline/Pipeline.php(144): Illuminate\\Routing\\Router->Illuminate\\Routing\\{closure}()
#16 /opt/lampp/htdocs/wireless/vendor/laravel/framework/src/Illuminate/Routing/Middleware/SubstituteBindings.php(50): Illuminate\\Pipeline\\Pipeline->Illuminate\\Pipeline\\{closure}()
#17 /opt/lampp/htdocs/wireless/vendor/laravel/framework/src/Illuminate/Pipeline/Pipeline.php(183): Illuminate\\Routing\\Middleware\\SubstituteBindings->handle()
#18 /opt/lampp/htdocs/wireless/vendor/laravel/framework/src/Illuminate/Foundation/Http/Middleware/VerifyCsrfToken.php(78): Illuminate\\Pipeline\\Pipeline->Illuminate\\Pipeline\\{closure}()
#19 /opt/lampp/htdocs/wireless/vendor/laravel/framework/src/Illuminate/Pipeline/Pipeline.php(183): Illuminate\\Foundation\\Http\\Middleware\\VerifyCsrfToken->handle()
#20 /opt/lampp/htdocs/wireless/vendor/laravel/framework/src/Illuminate/View/Middleware/ShareErrorsFromSession.php(49): Illuminate\\Pipeline\\Pipeline->Illuminate\\Pipeline\\{closure}()
#21 /opt/lampp/htdocs/wireless/vendor/laravel/framework/src/Illuminate/Pipeline/Pipeline.php(183): Illuminate\\View\\Middleware\\ShareErrorsFromSession->handle()
#22 /opt/lampp/htdocs/wireless/vendor/laravel/framework/src/Illuminate/Session/Middleware/StartSession.php(121): Illuminate\\Pipeline\\Pipeline->Illuminate\\Pipeline\\{closure}()
#23 /opt/lampp/htdocs/wireless/vendor/laravel/framework/src/Illuminate/Session/Middleware/StartSession.php(64): Illuminate\\Session\\Middleware\\StartSession->handleStatefulRequest()
#24 /opt/lampp/htdocs/wireless/vendor/laravel/framework/src/Illuminate/Pipeline/Pipeline.php(183): Illuminate\\Session\\Middleware\\StartSession->handle()
#25 /opt/lampp/htdocs/wireless/vendor/laravel/framework/src/Illuminate/Cookie/Middleware/AddQueuedCookiesToResponse.php(37): Illuminate\\Pipeline\\Pipeline->Illuminate\\Pipeline\\{closure}()
#26 /opt/lampp/htdocs/wireless/vendor/laravel/framework/src/Illuminate/Pipeline/Pipeline.php(183): Illuminate\\Cookie\\Middleware\\AddQueuedCookiesToResponse->handle()
#27 /opt/lampp/htdocs/wireless/vendor/laravel/framework/src/Illuminate/Cookie/Middleware/EncryptCookies.php(67): Illuminate\\Pipeline\\Pipeline->Illuminate\\Pipeline\\{closure}()
#28 /opt/lampp/htdocs/wireless/vendor/laravel/framework/src/Illuminate/Pipeline/Pipeline.php(183): Illuminate\\Cookie\\Middleware\\EncryptCookies->handle()
#29 /opt/lampp/htdocs/wireless/vendor/laravel/framework/src/Illuminate/Pipeline/Pipeline.php(119): Illuminate\\Pipeline\\Pipeline->Illuminate\\Pipeline\\{closure}()
#30 /opt/lampp/htdocs/wireless/vendor/laravel/framework/src/Illuminate/Routing/Router.php(805): Illuminate\\Pipeline\\Pipeline->then()
#31 /opt/lampp/htdocs/wireless/vendor/laravel/framework/src/Illuminate/Routing/Router.php(784): Illuminate\\Routing\\Router->runRouteWithinStack()
#32 /opt/lampp/htdocs/wireless/vendor/laravel/framework/src/Illuminate/Routing/Router.php(748): Illuminate\\Routing\\Router->runRoute()
#33 /opt/lampp/htdocs/wireless/vendor/laravel/framework/src/Illuminate/Routing/Router.php(737): Illuminate\\Routing\\Router->dispatchToRoute()
#34 /opt/lampp/htdocs/wireless/vendor/laravel/framework/src/Illuminate/Foundation/Http/Kernel.php(200): Illuminate\\Routing\\Router->dispatch()
#35 /opt/lampp/htdocs/wireless/vendor/laravel/framework/src/Illuminate/Pipeline/Pipeline.php(144): Illuminate\\Foundation\\Http\\Kernel->Illuminate\\Foundation\\Http\\{closure}()
#36 /opt/lampp/htdocs/wireless/vendor/livewire/livewire/src/Features/SupportDisablingBackButtonCache/DisableBackButtonCacheMiddleware.php(19): Illuminate\\Pipeline\\Pipeline->Illuminate\\Pipeline\\{closure}()
#37 /opt/lampp/htdocs/wireless/vendor/laravel/framework/src/Illuminate/Pipeline/Pipeline.php(183): Livewire\\Features\\SupportDisablingBackButtonCache\\DisableBackButtonCacheMiddleware->handle()
#38 /opt/lampp/htdocs/wireless/vendor/laravel/framework/src/Illuminate/Foundation/Http/Middleware/TransformsRequest.php(21): Illuminate\\Pipeline\\Pipeline->Illuminate\\Pipeline\\{closure}()
#39 /opt/lampp/htdocs/wireless/vendor/laravel/framework/src/Illuminate/Foundation/Http/Middleware/ConvertEmptyStringsToNull.php(31): Illuminate\\Foundation\\Http\\Middleware\\TransformsRequest->handle()
#40 /opt/lampp/htdocs/wireless/vendor/laravel/framework/src/Illuminate/Pipeline/Pipeline.php(183): Illuminate\\Foundation\\Http\\Middleware\\ConvertEmptyStringsToNull->handle()
#41 /opt/lampp/htdocs/wireless/vendor/laravel/framework/src/Illuminate/Foundation/Http/Middleware/TransformsRequest.php(21): Illuminate\\Pipeline\\Pipeline->Illuminate\\Pipeline\\{closure}()
#42 /opt/lampp/htdocs/wireless/vendor/laravel/framework/src/Illuminate/Foundation/Http/Middleware/TrimStrings.php(40): Illuminate\\Foundation\\Http\\Middleware\\TransformsRequest->handle()
#43 /opt/lampp/htdocs/wireless/vendor/laravel/framework/src/Illuminate/Pipeline/Pipeline.php(183): Illuminate\\Foundation\\Http\\Middleware\\TrimStrings->handle()
#44 /opt/lampp/htdocs/wireless/vendor/laravel/framework/src/Illuminate/Foundation/Http/Middleware/ValidatePostSize.php(27): Illuminate\\Pipeline\\Pipeline->Illuminate\\Pipeline\\{closure}()
#45 /opt/lampp/htdocs/wireless/vendor/laravel/framework/src/Illuminate/Pipeline/Pipeline.php(183): Illuminate\\Foundation\\Http\\Middleware\\ValidatePostSize->handle()
#46 /opt/lampp/htdocs/wireless/vendor/laravel/framework/src/Illuminate/Foundation/Http/Middleware/PreventRequestsDuringMaintenance.php(99): Illuminate\\Pipeline\\Pipeline->Illuminate\\Pipeline\\{closure}()
#47 /opt/lampp/htdocs/wireless/vendor/laravel/framework/src/Illuminate/Pipeline/Pipeline.php(183): Illuminate\\Foundation\\Http\\Middleware\\PreventRequestsDuringMaintenance->handle()
#48 /opt/lampp/htdocs/wireless/vendor/laravel/framework/src/Illuminate/Http/Middleware/HandleCors.php(49): Illuminate\\Pipeline\\Pipeline->Illuminate\\Pipeline\\{closure}()
#49 /opt/lampp/htdocs/wireless/vendor/laravel/framework/src/Illuminate/Pipeline/Pipeline.php(183): Illuminate\\Http\\Middleware\\HandleCors->handle()
#50 /opt/lampp/htdocs/wireless/vendor/laravel/framework/src/Illuminate/Http/Middleware/TrustProxies.php(39): Illuminate\\Pipeline\\Pipeline->Illuminate\\Pipeline\\{closure}()
#51 /opt/lampp/htdocs/wireless/vendor/laravel/framework/src/Illuminate/Pipeline/Pipeline.php(183): Illuminate\\Http\\Middleware\\TrustProxies->handle()
#52 /opt/lampp/htdocs/wireless/vendor/laravel/framework/src/Illuminate/Pipeline/Pipeline.php(119): Illuminate\\Pipeline\\Pipeline->Illuminate\\Pipeline\\{closure}()
#53 /opt/lampp/htdocs/wireless/vendor/laravel/framework/src/Illuminate/Foundation/Http/Kernel.php(175): Illuminate\\Pipeline\\Pipeline->then()
#54 /opt/lampp/htdocs/wireless/vendor/laravel/framework/src/Illuminate/Foundation/Http/Kernel.php(144): Illuminate\\Foundation\\Http\\Kernel->sendRequestThroughRouter()
#55 /opt/lampp/htdocs/wireless/public/index.php(51): Illuminate\\Foundation\\Http\\Kernel->handle()
#56 /opt/lampp/htdocs/wireless/vendor/laravel/framework/src/Illuminate/Foundation/resources/server.php(16): require_once('...')
#57 {main}

[previous exception] [object] (PDOException(code: 42S22): SQLSTATE[42S22]: Column not found: 1054 Unknown column 'active' in 'where clause' at /opt/lampp/htdocs/wireless/vendor/laravel/framework/src/Illuminate/Database/Connection.php:416)
[stacktrace]
#0 /opt/lampp/htdocs/wireless/vendor/laravel/framework/src/Illuminate/Database/Connection.php(416): PDO->prepare()
#1 /opt/lampp/htdocs/wireless/vendor/laravel/framework/src/Illuminate/Database/Connection.php(809): Illuminate\\Database\\Connection->Illuminate\\Database\\{closure}()
#2 /opt/lampp/htdocs/wireless/vendor/laravel/framework/src/Illuminate/Database/Connection.php(776): Illuminate\\Database\\Connection->runQueryCallback()
#3 /opt/lampp/htdocs/wireless/vendor/laravel/framework/src/Illuminate/Database/Connection.php(407): Illuminate\\Database\\Connection->run()
#4 /opt/lampp/htdocs/wireless/vendor/laravel/framework/src/Illuminate/Database/Query/Builder.php(2751): Illuminate\\Database\\Connection->select()
#5 /opt/lampp/htdocs/wireless/vendor/laravel/framework/src/Illuminate/Database/Query/Builder.php(2740): Illuminate\\Database\\Query\\Builder->runSelect()
#6 /opt/lampp/htdocs/wireless/vendor/laravel/framework/src/Illuminate/Database/Query/Builder.php(3294): Illuminate\\Database\\Query\\Builder->Illuminate\\Database\\Query\\{closure}()
#7 /opt/lampp/htdocs/wireless/vendor/laravel/framework/src/Illuminate/Database/Query/Builder.php(2739): Illuminate\\Database\\Query\\Builder->onceWithColumns()
#8 /opt/lampp/htdocs/wireless/vendor/laravel/framework/src/Illuminate/Database/Eloquent/Builder.php(737): Illuminate\\Database\\Query\\Builder->get()
#9 /opt/lampp/htdocs/wireless/vendor/laravel/framework/src/Illuminate/Database/Eloquent/Builder.php(721): Illuminate\\Database\\Eloquent\\Builder->getModels()
#10 /opt/lampp/htdocs/wireless/vendor/laravel/framework/src/Illuminate/Database/Concerns/BuildsQueries.php(333): Illuminate\\Database\\Eloquent\\Builder->get()
#11 /opt/lampp/htdocs/wireless/app/Http/Controllers/PostController.php(28): Illuminate\\Database\\Eloquent\\Builder->first()
#12 /opt/lampp/htdocs/wireless/vendor/laravel/framework/src/Illuminate/Routing/Controller.php(54): App\\Http\\Controllers\\PostController->home()
#13 /opt/lampp/htdocs/wireless/vendor/laravel/framework/src/Illuminate/Routing/ControllerDispatcher.php(43): Illuminate\\Routing\\Controller->callAction()
#14 /opt/lampp/htdocs/wireless/vendor/laravel/framework/src/Illuminate/Routing/Route.php(259): Illuminate\\Routing\\ControllerDispatcher->dispatch()
#15 /opt/lampp/htdocs/wireless/vendor/laravel/framework/src/Illuminate/Routing/Route.php(205): Illuminate\\Routing\\Route->runController()
#16 /opt/lampp/htdocs/wireless/vendor/laravel/framework/src/Illuminate/Routing/Router.php(806): Illuminate\\Routing\\Route->run()
#17 /opt/lampp/htdocs/wireless/vendor/laravel/framework/src/Illuminate/Pipeline/Pipeline.php(144): Illuminate\\Routing\\Router->Illuminate\\Routing\\{closure}()
#18 /opt/lampp/htdocs/wireless/vendor/laravel/framework/src/Illuminate/Routing/Middleware/SubstituteBindings.php(50): Illuminate\\Pipeline\\Pipeline->Illuminate\\Pipeline\\{closure}()
#19 /opt/lampp/htdocs/wireless/vendor/laravel/framework/src/Illuminate/Pipeline/Pipeline.php(183): Illuminate\\Routing\\Middleware\\SubstituteBindings->handle()
#20 /opt/lampp/htdocs/wireless/vendor/laravel/framework/src/Illuminate/Foundation/Http/Middleware/VerifyCsrfToken.php(78): Illuminate\\Pipeline\\Pipeline->Illuminate\\Pipeline\\{closure}()
#21 /opt/lampp/htdocs/wireless/vendor/laravel/framework/src/Illuminate/Pipeline/Pipeline.php(183): Illuminate\\Foundation\\Http\\Middleware\\VerifyCsrfToken->handle()
#22 /opt/lampp/htdocs/wireless/vendor/laravel/framework/src/Illuminate/View/Middleware/ShareErrorsFromSession.php(49): Illuminate\\Pipeline\\Pipeline->Illuminate\\Pipeline\\{closure}()
#23 /opt/lampp/htdocs/wireless/vendor/laravel/framework/src/Illuminate/Pipeline/Pipeline.php(183): Illuminate\\View\\Middleware\\ShareErrorsFromSession->handle()
#24 /opt/lampp/htdocs/wireless/vendor/laravel/framework/src/Illuminate/Session/Middleware/StartSession.php(121): Illuminate\\Pipeline\\Pipeline->Illuminate\\Pipeline\\{closure}()
#25 /opt/lampp/htdocs/wireless/vendor/laravel/framework/src/Illuminate/Session/Middleware/StartSession.php(64): Illuminate\\Session\\Middleware\\StartSession->handleStatefulRequest()
#26 /opt/lampp/htdocs/wireless/vendor/laravel/framework/src/Illuminate/Pipeline/Pipeline.php(183): Illuminate\\Session\\Middleware\\StartSession->handle()
#27 /opt/lampp/htdocs/wireless/vendor/laravel/framework/src/Illuminate/Cookie/Middleware/AddQueuedCookiesToResponse.php(37): Illuminate\\Pipeline\\Pipeline->Illuminate\\Pipeline\\{closure}()
#28 /opt/lampp/htdocs/wireless/vendor/laravel/framework/src/Illuminate/Pipeline/Pipeline.php(183): Illuminate\\Cookie\\Middleware\\AddQueuedCookiesToResponse->handle()
#29 /opt/lampp/htdocs/wireless/vendor/laravel/framework/src/Illuminate/Cookie/Middleware/EncryptCookies.php(67): Illuminate\\Pipeline\\Pipeline->Illuminate\\Pipeline\\{closure}()
#30 /opt/lampp/htdocs/wireless/vendor/laravel/framework/src/Illuminate/Pipeline/Pipeline.php(183): Illuminate\\Cookie\\Middleware\\EncryptCookies->handle()
#31 /opt/lampp/htdocs/wireless/vendor/laravel/framework/src/Illuminate/Pipeline/Pipeline.php(119): Illuminate\\Pipeline\\Pipeline->Illuminate\\Pipeline\\{closure}()
#32 /opt/lampp/htdocs/wireless/vendor/laravel/framework/src/Illuminate/Routing/Router.php(805): Illuminate\\Pipeline\\Pipeline->then()
#33 /opt/lampp/htdocs/wireless/vendor/laravel/framework/src/Illuminate/Routing/Router.php(784): Illuminate\\Routing\\Router->runRouteWithinStack()
#34 /opt/lampp/htdocs/wireless/vendor/laravel/framework/src/Illuminate/Routing/Router.php(748): Illuminate\\Routing\\Router->runRoute()
#35 /opt/lampp/htdocs/wireless/vendor/laravel/framework/src/Illuminate/Routing/Router.php(737): Illuminate\\Routing\\Router->dispatchToRoute()
#36 /opt/lampp/htdocs/wireless/vendor/laravel/framework/src/Illuminate/Foundation/Http/Kernel.php(200): Illuminate\\Routing\\Router->dispatch()
#37 /opt/lampp/htdocs/wireless/vendor/laravel/framework/src/Illuminate/Pipeline/Pipeline.php(144): Illuminate\\Foundation\\Http\\Kernel->Illuminate\\Foundation\\Http\\{closure}()
#38 /opt/lampp/htdocs/wireless/vendor/livewire/livewire/src/Features/SupportDisablingBackButtonCache/DisableBackButtonCacheMiddleware.php(19): Illuminate\\Pipeline\\Pipeline->Illuminate\\Pipeline\\{closure}()
#39 /opt/lampp/htdocs/wireless/vendor/laravel/framework/src/Illuminate/Pipeline/Pipeline.php(183): Livewire\\Features\\SupportDisablingBackButtonCache\\DisableBackButtonCacheMiddleware->handle()
#40 /opt/lampp/htdocs/wireless/vendor/laravel/framework/src/Illuminate/Foundation/Http/Middleware/TransformsRequest.php(21): Illuminate\\Pipeline\\Pipeline->Illuminate\\Pipeline\\{closure}()
#41 /opt/lampp/htdocs/wireless/vendor/laravel/framework/src/Illuminate/Foundation/Http/Middleware/ConvertEmptyStringsToNull.php(31): Illuminate\\Foundation\\Http\\Middleware\\TransformsRequest->handle()
#42 /opt/lampp/htdocs/wireless/vendor/laravel/framework/src/Illuminate/Pipeline/Pipeline.php(183): Illuminate\\Foundation\\Http\\Middleware\\ConvertEmptyStringsToNull->handle()
#43 /opt/lampp/htdocs/wireless/vendor/laravel/framework/src/Illuminate/Foundation/Http/Middleware/TransformsRequest.php(21): Illuminate\\Pipeline\\Pipeline->Illuminate\\Pipeline\\{closure}()
#44 /opt/lampp/htdocs/wireless/vendor/laravel/framework/src/Illuminate/Foundation/Http/Middleware/TrimStrings.php(40): Illuminate\\Foundation\\Http\\Middleware\\TransformsRequest->handle()
#45 /opt/lampp/htdocs/wireless/vendor/laravel/framework/src/Illuminate/Pipeline/Pipeline.php(183): Illuminate\\Foundation\\Http\\Middleware\\TrimStrings->handle()
#46 /opt/lampp/htdocs/wireless/vendor/laravel/framework/src/Illuminate/Foundation/Http/Middleware/ValidatePostSize.php(27): Illuminate\\Pipeline\\Pipeline->Illuminate\\Pipeline\\{closure}()
#47 /opt/lampp/htdocs/wireless/vendor/laravel/framework/src/Illuminate/Pipeline/Pipeline.php(183): Illuminate\\Foundation\\Http\\Middleware\\ValidatePostSize->handle()
#48 /opt/lampp/htdocs/wireless/vendor/laravel/framework/src/Illuminate/Foundation/Http/Middleware/PreventRequestsDuringMaintenance.php(99): Illuminate\\Pipeline\\Pipeline->Illuminate\\Pipeline\\{closure}()
#49 /opt/lampp/htdocs/wireless/vendor/laravel/framework/src/Illuminate/Pipeline/Pipeline.php(183): Illuminate\\Foundation\\Http\\Middleware\\PreventRequestsDuringMaintenance->handle()
#50 /opt/lampp/htdocs/wireless/vendor/laravel/framework/src/Illuminate/Http/Middleware/HandleCors.php(49): Illuminate\\Pipeline\\Pipeline->Illuminate\\Pipeline\\{closure}()
#51 /opt/lampp/htdocs/wireless/vendor/laravel/framework/src/Illuminate/Pipeline/Pipeline.php(183): Illuminate\\Http\\Middleware\\HandleCors->handle()
#52 /opt/lampp/htdocs/wireless/vendor/laravel/framework/src/Illuminate/Http/Middleware/TrustProxies.php(39): Illuminate\\Pipeline\\Pipeline->Illuminate\\Pipeline\\{closure}()
#53 /opt/lampp/htdocs/wireless/vendor/laravel/framework/src/Illuminate/Pipeline/Pipeline.php(183): Illuminate\\Http\\Middleware\\TrustProxies->handle()
#54 /opt/lampp/htdocs/wireless/vendor/laravel/framework/src/Illuminate/Pipeline/Pipeline.php(119): Illuminate\\Pipeline\\Pipeline->Illuminate\\Pipeline\\{closure}()
#55 /opt/lampp/htdocs/wireless/vendor/laravel/framework/src/Illuminate/Foundation/Http/Kernel.php(175): Illuminate\\Pipeline\\Pipeline->then()
#56 /opt/lampp/htdocs/wireless/vendor/laravel/framework/src/Illuminate/Foundation/Http/Kernel.php(144): Illuminate\\Foundation\\Http\\Kernel->sendRequestThroughRouter()
#57 /opt/lampp/htdocs/wireless/public/index.php(51): Illuminate\\Foundation\\Http\\Kernel->handle()
#58 /opt/lampp/htdocs/wireless/vendor/laravel/framework/src/Illuminate/Foundation/resources/server.php(16): require_once('...')
#59 {main}
"} 
[2026-03-06 13:52:47] production.ERROR: SQLSTATE[42S02]: Base table or view not found: 1146 Table 'wireless.text_widgets' doesn't exist (Connection: mysql, SQL: select * from `text_widgets` where `key` = about-us-sidebar limit 1) {"view":{"view":"/opt/lampp/htdocs/wireless/resources/views/layouts/app.blade.php","data":[]},"exception":"[object] (Spatie\\LaravelIgnition\\Exceptions\\ViewException(code: 0): SQLSTATE[42S02]: Base table or view not found: 1146 Table 'wireless.text_widgets' doesn't exist (Connection: mysql, SQL: select * from `text_widgets` where `key` = about-us-sidebar limit 1) at /opt/lampp/htdocs/wireless/vendor/laravel/framework/src/Illuminate/Database/Connection.php:822)
[stacktrace]
#0 /opt/lampp/htdocs/wireless/vendor/laravel/framework/src/Illuminate/Database/Connection.php(776): Illuminate\\Database\\Connection->runQueryCallback()
#1 /opt/lampp/htdocs/wireless/vendor/laravel/framework/src/Illuminate/Database/Connection.php(407): Illuminate\\Database\\Connection->run()
#2 /opt/lampp/htdocs/wireless/vendor/laravel/framework/src/Illuminate/Database/Query/Builder.php(2751): Illuminate\\Database\\Connection->select()
#3 /opt/lampp/htdocs/wireless/vendor/laravel/framework/src/Illuminate/Database/Query/Builder.php(2740): Illuminate\\Database\\Query\\Builder->runSelect()
#4 /opt/lampp/htdocs/wireless/vendor/laravel/framework/src/Illuminate/Database/Query/Builder.php(3294): Illuminate\\Database\\Query\\Builder->Illuminate\\Database\\Query\\{closure}()
#5 /opt/lampp/htdocs/wireless/vendor/laravel/framework/src/Illuminate/Database/Query/Builder.php(2739): Illuminate\\Database\\Query\\Builder->onceWithColumns()
#6 /opt/lampp/htdocs/wireless/vendor/laravel/framework/src/Illuminate/Database/Eloquent/Builder.php(737): Illuminate\\Database\\Query\\Builder->get()
#7 /opt/lampp/htdocs/wireless/vendor/laravel/framework/src/Illuminate/Database/Eloquent/Builder.php(721): Illuminate\\Database\\Eloquent\\Builder->getModels()
#8 /opt/lampp/htdocs/wireless/vendor/laravel/framework/src/Illuminate/Database/Concerns/BuildsQueries.php(333): Illuminate\\Database\\Eloquent\\Builder->get()
#9 /opt/lampp/htdocs/wireless/app/Models/TextWidget.php(35): Illuminate\\Database\\Eloquent\\Builder->first()
#10 /opt/lampp/htdocs/wireless/vendor/laravel/framework/src/Illuminate/Collections/helpers.php(224): App\\Models\\TextWidget::App\\Models\\{closure}()
#11 /opt/lampp/htdocs/wireless/vendor/laravel/framework/src/Illuminate/Cache/Repository.php(107): value()
#12 /opt/lampp/htdocs/wireless/vendor/laravel/framework/src/Illuminate/Cache/CacheManager.php(429): Illuminate\\Cache\\Repository->get()
#13 /opt/lampp/htdocs/wireless/vendor/laravel/framework/src/Illuminate/Support/Facades/Facade.php(355): Illuminate\\Cache\\CacheManager->__call()
#14 /opt/lampp/htdocs/wireless/app/Models/TextWidget.php(34): Illuminate\\Support\\Facades\\Facade::__callStatic()
#15 /opt/lampp/htdocs/wireless/resources/views/layouts/app.blade.php(291): App\\Models\\TextWidget::getContent()
#16 /opt/lampp/htdocs/wireless/vendor/laravel/framework/src/Illuminate/Filesystem/Filesystem.php(124): require('...')
#17 /opt/lampp/htdocs/wireless/vendor/laravel/framework/src/Illuminate/Filesystem/Filesystem.php(125): Illuminate\\Filesystem\\Filesystem::Illuminate\\Filesystem\\{closure}()
#18 /opt/lampp/htdocs/wireless/vendor/laravel/framework/src/Illuminate/View/Engines/PhpEngine.php(58): Illuminate\\Filesystem\\Filesystem->getRequire()
#19 /opt/lampp/htdocs/wireless/vendor/livewire/livewire/src/Mechanisms/ExtendBlade/ExtendedCompilerEngine.php(22): Illuminate\\View\\Engines\\PhpEngine->evaluatePath()
#20 /opt/lampp/htdocs/wireless/vendor/laravel/framework/src/Illuminate/View/Engines/CompilerEngine.php(72): Livewire\\Mechanisms\\ExtendBlade\\ExtendedCompilerEngine->evaluatePath()
#21 /opt/lampp/htdocs/wireless/vendor/livewire/livewire/src/Mechanisms/ExtendBlade/ExtendedCompilerEngine.php(10): Illuminate\\View\\Engines\\CompilerEngine->get()
#22 /opt/lampp/htdocs/wireless/vendor/laravel/framework/src/Illuminate/View/View.php(207): Livewire\\Mechanisms\\ExtendBlade\\ExtendedCompilerEngine->get()
#23 /opt/lampp/htdocs/wireless/vendor/laravel/framework/src/Illuminate/View/View.php(190): Illuminate\\View\\View->getContents()
#24 /opt/lampp/htdocs/wireless/vendor/laravel/framework/src/Illuminate/View/View.php(159): Illuminate\\View\\View->renderContents()
#25 /opt/lampp/htdocs/wireless/vendor/laravel/framework/src/Illuminate/View/Concerns/ManagesComponents.php(99): Illuminate\\View\\View->render()
#26 /opt/lampp/htdocs/wireless/resources/views/errors/404.blade.php(45): Illuminate\\View\\Factory->renderComponent()
#27 /opt/lampp/htdocs/wireless/vendor/laravel/framework/src/Illuminate/Filesystem/Filesystem.php(124): require('...')
#28 /opt/lampp/htdocs/wireless/vendor/laravel/framework/src/Illuminate/Filesystem/Filesystem.php(125): Illuminate\\Filesystem\\Filesystem::Illuminate\\Filesystem\\{closure}()
#29 /opt/lampp/htdocs/wireless/vendor/laravel/framework/src/Illuminate/View/Engines/PhpEngine.php(58): Illuminate\\Filesystem\\Filesystem->getRequire()
#30 /opt/lampp/htdocs/wireless/vendor/livewire/livewire/src/Mechanisms/ExtendBlade/ExtendedCompilerEngine.php(22): Illuminate\\View\\Engines\\PhpEngine->evaluatePath()
#31 /opt/lampp/htdocs/wireless/vendor/laravel/framework/src/Illuminate/View/Engines/CompilerEngine.php(72): Livewire\\Mechanisms\\ExtendBlade\\ExtendedCompilerEngine->evaluatePath()
#32 /opt/lampp/htdocs/wireless/vendor/livewire/livewire/src/Mechanisms/ExtendBlade/ExtendedCompilerEngine.php(10): Illuminate\\View\\Engines\\CompilerEngine->get()
#33 /opt/lampp/htdocs/wireless/vendor/laravel/framework/src/Illuminate/View/View.php(207): Livewire\\Mechanisms\\ExtendBlade\\ExtendedCompilerEngine->get()
#34 /opt/lampp/htdocs/wireless/vendor/laravel/framework/src/Illuminate/View/View.php(190): Illuminate\\View\\View->getContents()
#35 /opt/lampp/htdocs/wireless/vendor/laravel/framework/src/Illuminate/View/View.php(159): Illuminate\\View\\View->renderContents()
#36 /opt/lampp/htdocs/wireless/vendor/laravel/framework/src/Illuminate/Http/Response.php(69): Illuminate\\View\\View->render()
#37 /opt/lampp/htdocs/wireless/vendor/laravel/framework/src/Illuminate/Http/Response.php(35): Illuminate\\Http\\Response->setContent()
#38 /opt/lampp/htdocs/wireless/vendor/laravel/framework/src/Illuminate/Routing/ResponseFactory.php(57): Illuminate\\Http\\Response->__construct()
#39 /opt/lampp/htdocs/wireless/vendor/laravel/framework/src/Illuminate/Routing/ResponseFactory.php(87): Illuminate\\Routing\\ResponseFactory->make()
#40 /opt/lampp/htdocs/wireless/vendor/laravel/framework/src/Illuminate/Foundation/Exceptions/Handler.php(723): Illuminate\\Routing\\ResponseFactory->view()
#41 /opt/lampp/htdocs/wireless/vendor/laravel/framework/src/Illuminate/Foundation/Exceptions/Handler.php(650): Illuminate\\Foundation\\Exceptions\\Handler->renderHttpException()
#42 /opt/lampp/htdocs/wireless/vendor/laravel/framework/src/Illuminate/Foundation/Exceptions/Handler.php(556): Illuminate\\Foundation\\Exceptions\\Handler->prepareResponse()
#43 /opt/lampp/htdocs/wireless/vendor/laravel/framework/src/Illuminate/Foundation/Exceptions/Handler.php(473): Illuminate\\Foundation\\Exceptions\\Handler->renderExceptionResponse()
#44 /opt/lampp/htdocs/wireless/vendor/laravel/framework/src/Illuminate/Routing/Pipeline.php(51): Illuminate\\Foundation\\Exceptions\\Handler->render()
#45 /opt/lampp/htdocs/wireless/vendor/laravel/framework/src/Illuminate/Pipeline/Pipeline.php(188): Illuminate\\Routing\\Pipeline->handleException()
#46 /opt/lampp/htdocs/wireless/vendor/laravel/framework/src/Illuminate/Pipeline/Pipeline.php(119): Illuminate\\Pipeline\\Pipeline->Illuminate\\Pipeline\\{closure}()
#47 /opt/lampp/htdocs/wireless/vendor/laravel/framework/src/Illuminate/Routing/Router.php(805): Illuminate\\Pipeline\\Pipeline->then()
#48 /opt/lampp/htdocs/wireless/vendor/laravel/framework/src/Illuminate/Routing/Router.php(784): Illuminate\\Routing\\Router->runRouteWithinStack()
#49 /opt/lampp/htdocs/wireless/vendor/laravel/framework/src/Illuminate/Routing/Router.php(748): Illuminate\\Routing\\Router->runRoute()
#50 /opt/lampp/htdocs/wireless/vendor/laravel/framework/src/Illuminate/Routing/Router.php(737): Illuminate\\Routing\\Router->dispatchToRoute()
#51 /opt/lampp/htdocs/wireless/vendor/laravel/framework/src/Illuminate/Foundation/Http/Kernel.php(200): Illuminate\\Routing\\Router->dispatch()
#52 /opt/lampp/htdocs/wireless/vendor/laravel/framework/src/Illuminate/Pipeline/Pipeline.php(144): Illuminate\\Foundation\\Http\\Kernel->Illuminate\\Foundation\\Http\\{closure}()
#53 /opt/lampp/htdocs/wireless/vendor/livewire/livewire/src/Features/SupportDisablingBackButtonCache/DisableBackButtonCacheMiddleware.php(19): Illuminate\\Pipeline\\Pipeline->Illuminate\\Pipeline\\{closure}()
#54 /opt/lampp/htdocs/wireless/vendor/laravel/framework/src/Illuminate/Pipeline/Pipeline.php(183): Livewire\\Features\\SupportDisablingBackButtonCache\\DisableBackButtonCacheMiddleware->handle()
#55 /opt/lampp/htdocs/wireless/vendor/laravel/framework/src/Illuminate/Foundation/Http/Middleware/TransformsRequest.php(21): Illuminate\\Pipeline\\Pipeline->Illuminate\\Pipeline\\{closure}()
#56 /opt/lampp/htdocs/wireless/vendor/laravel/framework/src/Illuminate/Foundation/Http/Middleware/ConvertEmptyStringsToNull.php(31): Illuminate\\Foundation\\Http\\Middleware\\TransformsRequest->handle()
#57 /opt/lampp/htdocs/wireless/vendor/laravel/framework/src/Illuminate/Pipeline/Pipeline.php(183): Illuminate\\Foundation\\Http\\Middleware\\ConvertEmptyStringsToNull->handle()
#58 /opt/lampp/htdocs/wireless/vendor/laravel/framework/src/Illuminate/Foundation/Http/Middleware/TransformsRequest.php(21): Illuminate\\Pipeline\\Pipeline->Illuminate\\Pipeline\\{closure}()
#59 /opt/lampp/htdocs/wireless/vendor/laravel/framework/src/Illuminate/Foundation/Http/Middleware/TrimStrings.php(40): Illuminate\\Foundation\\Http\\Middleware\\TransformsRequest->handle()
#60 /opt/lampp/htdocs/wireless/vendor/laravel/framework/src/Illuminate/Pipeline/Pipeline.php(183): Illuminate\\Foundation\\Http\\Middleware\\TrimStrings->handle()
#61 /opt/lampp/htdocs/wireless/vendor/laravel/framework/src/Illuminate/Foundation/Http/Middleware/ValidatePostSize.php(27): Illuminate\\Pipeline\\Pipeline->Illuminate\\Pipeline\\{closure}()
#62 /opt/lampp/htdocs/wireless/vendor/laravel/framework/src/Illuminate/Pipeline/Pipeline.php(183): Illuminate\\Foundation\\Http\\Middleware\\ValidatePostSize->handle()
#63 /opt/lampp/htdocs/wireless/vendor/laravel/framework/src/Illuminate/Foundation/Http/Middleware/PreventRequestsDuringMaintenance.php(99): Illuminate\\Pipeline\\Pipeline->Illuminate\\Pipeline\\{closure}()
#64 /opt/lampp/htdocs/wireless/vendor/laravel/framework/src/Illuminate/Pipeline/Pipeline.php(183): Illuminate\\Foundation\\Http\\Middleware\\PreventRequestsDuringMaintenance->handle()
#65 /opt/lampp/htdocs/wireless/vendor/laravel/framework/src/Illuminate/Http/Middleware/HandleCors.php(49): Illuminate\\Pipeline\\Pipeline->Illuminate\\Pipeline\\{closure}()
#66 /opt/lampp/htdocs/wireless/vendor/laravel/framework/src/Illuminate/Pipeline/Pipeline.php(183): Illuminate\\Http\\Middleware\\HandleCors->handle()
#67 /opt/lampp/htdocs/wireless/vendor/laravel/framework/src/Illuminate/Http/Middleware/TrustProxies.php(39): Illuminate\\Pipeline\\Pipeline->Illuminate\\Pipeline\\{closure}()
#68 /opt/lampp/htdocs/wireless/vendor/laravel/framework/src/Illuminate/Pipeline/Pipeline.php(183): Illuminate\\Http\\Middleware\\TrustProxies->handle()
#69 /opt/lampp/htdocs/wireless/vendor/laravel/framework/src/Illuminate/Pipeline/Pipeline.php(119): Illuminate\\Pipeline\\Pipeline->Illuminate\\Pipeline\\{closure}()
#70 /opt/lampp/htdocs/wireless/vendor/laravel/framework/src/Illuminate/Foundation/Http/Kernel.php(175): Illuminate\\Pipeline\\Pipeline->then()
#71 /opt/lampp/htdocs/wireless/vendor/laravel/framework/src/Illuminate/Foundation/Http/Kernel.php(144): Illuminate\\Foundation\\Http\\Kernel->sendRequestThroughRouter()
#72 /opt/lampp/htdocs/wireless/public/index.php(51): Illuminate\\Foundation\\Http\\Kernel->handle()
#73 /opt/lampp/htdocs/wireless/vendor/laravel/framework/src/Illuminate/Foundation/resources/server.php(16): require_once('...')
#74 {main}

[previous exception] [object] (Illuminate\\Database\\QueryException(code: 42S02): SQLSTATE[42S02]: Base table or view not found: 1146 Table 'wireless.text_widgets' doesn't exist (Connection: mysql, SQL: select * from `text_widgets` where `key` = about-us-sidebar limit 1) at /opt/lampp/htdocs/wireless/vendor/laravel/framework/src/Illuminate/Database/Connection.php:822)
[stacktrace]
#0 /opt/lampp/htdocs/wireless/vendor/laravel/framework/src/Illuminate/Database/Connection.php(776): Illuminate\\Database\\Connection->runQueryCallback()
#1 /opt/lampp/htdocs/wireless/vendor/laravel/framework/src/Illuminate/Database/Connection.php(407): Illuminate\\Database\\Connection->run()
#2 /opt/lampp/htdocs/wireless/vendor/laravel/framework/src/Illuminate/Database/Query/Builder.php(2751): Illuminate\\Database\\Connection->select()
#3 /opt/lampp/htdocs/wireless/vendor/laravel/framework/src/Illuminate/Database/Query/Builder.php(2740): Illuminate\\Database\\Query\\Builder->runSelect()
#4 /opt/lampp/htdocs/wireless/vendor/laravel/framework/src/Illuminate/Database/Query/Builder.php(3294): Illuminate\\Database\\Query\\Builder->Illuminate\\Database\\Query\\{closure}()
#5 /opt/lampp/htdocs/wireless/vendor/laravel/framework/src/Illuminate/Database/Query/Builder.php(2739): Illuminate\\Database\\Query\\Builder->onceWithColumns()
#6 /opt/lampp/htdocs/wireless/vendor/laravel/framework/src/Illuminate/Database/Eloquent/Builder.php(737): Illuminate\\Database\\Query\\Builder->get()
#7 /opt/lampp/htdocs/wireless/vendor/laravel/framework/src/Illuminate/Database/Eloquent/Builder.php(721): Illuminate\\Database\\Eloquent\\Builder->getModels()
#8 /opt/lampp/htdocs/wireless/vendor/laravel/framework/src/Illuminate/Database/Concerns/BuildsQueries.php(333): Illuminate\\Database\\Eloquent\\Builder->get()
#9 /opt/lampp/htdocs/wireless/app/Models/TextWidget.php(35): Illuminate\\Database\\Eloquent\\Builder->first()
#10 /opt/lampp/htdocs/wireless/vendor/laravel/framework/src/Illuminate/Collections/helpers.php(224): App\\Models\\TextWidget::App\\Models\\{closure}()
#11 /opt/lampp/htdocs/wireless/vendor/laravel/framework/src/Illuminate/Cache/Repository.php(107): value()
#12 /opt/lampp/htdocs/wireless/vendor/laravel/framework/src/Illuminate/Cache/CacheManager.php(429): Illuminate\\Cache\\Repository->get()
#13 /opt/lampp/htdocs/wireless/vendor/laravel/framework/src/Illuminate/Support/Facades/Facade.php(355): Illuminate\\Cache\\CacheManager->__call()
#14 /opt/lampp/htdocs/wireless/app/Models/TextWidget.php(34): Illuminate\\Support\\Facades\\Facade::__callStatic()
#15 /opt/lampp/htdocs/wireless/storage/framework/views/4918ade9d894dbbdc113be650a0f2910.php(405): App\\Models\\TextWidget::getContent()
#16 /opt/lampp/htdocs/wireless/vendor/laravel/framework/src/Illuminate/Filesystem/Filesystem.php(124): require('...')
#17 /opt/lampp/htdocs/wireless/vendor/laravel/framework/src/Illuminate/Filesystem/Filesystem.php(125): Illuminate\\Filesystem\\Filesystem::Illuminate\\Filesystem\\{closure}()
#18 /opt/lampp/htdocs/wireless/vendor/laravel/framework/src/Illuminate/View/Engines/PhpEngine.php(58): Illuminate\\Filesystem\\Filesystem->getRequire()
#19 /opt/lampp/htdocs/wireless/vendor/livewire/livewire/src/Mechanisms/ExtendBlade/ExtendedCompilerEngine.php(22): Illuminate\\View\\Engines\\PhpEngine->evaluatePath()
#20 /opt/lampp/htdocs/wireless/vendor/laravel/framework/src/Illuminate/View/Engines/CompilerEngine.php(72): Livewire\\Mechanisms\\ExtendBlade\\ExtendedCompilerEngine->evaluatePath()
#21 /opt/lampp/htdocs/wireless/vendor/livewire/livewire/src/Mechanisms/ExtendBlade/ExtendedCompilerEngine.php(10): Illuminate\\View\\Engines\\CompilerEngine->get()
#22 /opt/lampp/htdocs/wireless/vendor/laravel/framework/src/Illuminate/View/View.php(207): Livewire\\Mechanisms\\ExtendBlade\\ExtendedCompilerEngine->get()
#23 /opt/lampp/htdocs/wireless/vendor/laravel/framework/src/Illuminate/View/View.php(190): Illuminate\\View\\View->getContents()
#24 /opt/lampp/htdocs/wireless/vendor/laravel/framework/src/Illuminate/View/View.php(159): Illuminate\\View\\View->renderContents()
#25 /opt/lampp/htdocs/wireless/vendor/laravel/framework/src/Illuminate/View/Concerns/ManagesComponents.php(99): Illuminate\\View\\View->render()
#26 /opt/lampp/htdocs/wireless/storage/framework/views/6c98e84b92353b4122cb1cc648a9d157.php(45): Illuminate\\View\\Factory->renderComponent()
#27 /opt/lampp/htdocs/wireless/vendor/laravel/framework/src/Illuminate/Filesystem/Filesystem.php(124): require('...')
#28 /opt/lampp/htdocs/wireless/vendor/laravel/framework/src/Illuminate/Filesystem/Filesystem.php(125): Illuminate\\Filesystem\\Filesystem::Illuminate\\Filesystem\\{closure}()
#29 /opt/lampp/htdocs/wireless/vendor/laravel/framework/src/Illuminate/View/Engines/PhpEngine.php(58): Illuminate\\Filesystem\\Filesystem->getRequire()
#30 /opt/lampp/htdocs/wireless/vendor/livewire/livewire/src/Mechanisms/ExtendBlade/ExtendedCompilerEngine.php(22): Illuminate\\View\\Engines\\PhpEngine->evaluatePath()
#31 /opt/lampp/htdocs/wireless/vendor/laravel/framework/src/Illuminate/View/Engines/CompilerEngine.php(72): Livewire\\Mechanisms\\ExtendBlade\\ExtendedCompilerEngine->evaluatePath()
#32 /opt/lampp/htdocs/wireless/vendor/livewire/livewire/src/Mechanisms/ExtendBlade/ExtendedCompilerEngine.php(10): Illuminate\\View\\Engines\\CompilerEngine->get()
#33 /opt/lampp/htdocs/wireless/vendor/laravel/framework/src/Illuminate/View/View.php(207): Livewire\\Mechanisms\\ExtendBlade\\ExtendedCompilerEngine->get()
#34 /opt/lampp/htdocs/wireless/vendor/laravel/framework/src/Illuminate/View/View.php(190): Illuminate\\View\\View->getContents()
#35 /opt/lampp/htdocs/wireless/vendor/laravel/framework/src/Illuminate/View/View.php(159): Illuminate\\View\\View->renderContents()
#36 /opt/lampp/htdocs/wireless/vendor/laravel/framework/src/Illuminate/Http/Response.php(69): Illuminate\\View\\View->render()
#37 /opt/lampp/htdocs/wireless/vendor/laravel/framework/src/Illuminate/Http/Response.php(35): Illuminate\\Http\\Response->setContent()
#38 /opt/lampp/htdocs/wireless/vendor/laravel/framework/src/Illuminate/Routing/ResponseFactory.php(57): Illuminate\\Http\\Response->__construct()
#39 /opt/lampp/htdocs/wireless/vendor/laravel/framework/src/Illuminate/Routing/ResponseFactory.php(87): Illuminate\\Routing\\ResponseFactory->make()
#40 /opt/lampp/htdocs/wireless/vendor/laravel/framework/src/Illuminate/Foundation/Exceptions/Handler.php(723): Illuminate\\Routing\\ResponseFactory->view()
#41 /opt/lampp/htdocs/wireless/vendor/laravel/framework/src/Illuminate/Foundation/Exceptions/Handler.php(650): Illuminate\\Foundation\\Exceptions\\Handler->renderHttpException()
#42 /opt/lampp/htdocs/wireless/vendor/laravel/framework/src/Illuminate/Foundation/Exceptions/Handler.php(556): Illuminate\\Foundation\\Exceptions\\Handler->prepareResponse()
#43 /opt/lampp/htdocs/wireless/vendor/laravel/framework/src/Illuminate/Foundation/Exceptions/Handler.php(473): Illuminate\\Foundation\\Exceptions\\Handler->renderExceptionResponse()
#44 /opt/lampp/htdocs/wireless/vendor/laravel/framework/src/Illuminate/Routing/Pipeline.php(51): Illuminate\\Foundation\\Exceptions\\Handler->render()
#45 /opt/lampp/htdocs/wireless/vendor/laravel/framework/src/Illuminate/Pipeline/Pipeline.php(188): Illuminate\\Routing\\Pipeline->handleException()
#46 /opt/lampp/htdocs/wireless/vendor/laravel/framework/src/Illuminate/Pipeline/Pipeline.php(119): Illuminate\\Pipeline\\Pipeline->Illuminate\\Pipeline\\{closure}()
#47 /opt/lampp/htdocs/wireless/vendor/laravel/framework/src/Illuminate/Routing/Router.php(805): Illuminate\\Pipeline\\Pipeline->then()
#48 /opt/lampp/htdocs/wireless/vendor/laravel/framework/src/Illuminate/Routing/Router.php(784): Illuminate\\Routing\\Router->runRouteWithinStack()
#49 /opt/lampp/htdocs/wireless/vendor/laravel/framework/src/Illuminate/Routing/Router.php(748): Illuminate\\Routing\\Router->runRoute()
#50 /opt/lampp/htdocs/wireless/vendor/laravel/framework/src/Illuminate/Routing/Router.php(737): Illuminate\\Routing\\Router->dispatchToRoute()
#51 /opt/lampp/htdocs/wireless/vendor/laravel/framework/src/Illuminate/Foundation/Http/Kernel.php(200): Illuminate\\Routing\\Router->dispatch()
#52 /opt/lampp/htdocs/wireless/vendor/laravel/framework/src/Illuminate/Pipeline/Pipeline.php(144): Illuminate\\Foundation\\Http\\Kernel->Illuminate\\Foundation\\Http\\{closure}()
#53 /opt/lampp/htdocs/wireless/vendor/livewire/livewire/src/Features/SupportDisablingBackButtonCache/DisableBackButtonCacheMiddleware.php(19): Illuminate\\Pipeline\\Pipeline->Illuminate\\Pipeline\\{closure}()
#54 /opt/lampp/htdocs/wireless/vendor/laravel/framework/src/Illuminate/Pipeline/Pipeline.php(183): Livewire\\Features\\SupportDisablingBackButtonCache\\DisableBackButtonCacheMiddleware->handle()
#55 /opt/lampp/htdocs/wireless/vendor/laravel/framework/src/Illuminate/Foundation/Http/Middleware/TransformsRequest.php(21): Illuminate\\Pipeline\\Pipeline->Illuminate\\Pipeline\\{closure}()
#56 /opt/lampp/htdocs/wireless/vendor/laravel/framework/src/Illuminate/Foundation/Http/Middleware/ConvertEmptyStringsToNull.php(31): Illuminate\\Foundation\\Http\\Middleware\\TransformsRequest->handle()
#57 /opt/lampp/htdocs/wireless/vendor/laravel/framework/src/Illuminate/Pipeline/Pipeline.php(183): Illuminate\\Foundation\\Http\\Middleware\\ConvertEmptyStringsToNull->handle()
#58 /opt/lampp/htdocs/wireless/vendor/laravel/framework/src/Illuminate/Foundation/Http/Middleware/TransformsRequest.php(21): Illuminate\\Pipeline\\Pipeline->Illuminate\\Pipeline\\{closure}()
#59 /opt/lampp/htdocs/wireless/vendor/laravel/framework/src/Illuminate/Foundation/Http/Middleware/TrimStrings.php(40): Illuminate\\Foundation\\Http\\Middleware\\TransformsRequest->handle()
#60 /opt/lampp/htdocs/wireless/vendor/laravel/framework/src/Illuminate/Pipeline/Pipeline.php(183): Illuminate\\Foundation\\Http\\Middleware\\TrimStrings->handle()
#61 /opt/lampp/htdocs/wireless/vendor/laravel/framework/src/Illuminate/Foundation/Http/Middleware/ValidatePostSize.php(27): Illuminate\\Pipeline\\Pipeline->Illuminate\\Pipeline\\{closure}()
#62 /opt/lampp/htdocs/wireless/vendor/laravel/framework/src/Illuminate/Pipeline/Pipeline.php(183): Illuminate\\Foundation\\Http\\Middleware\\ValidatePostSize->handle()
#63 /opt/lampp/htdocs/wireless/vendor/laravel/framework/src/Illuminate/Foundation/Http/Middleware/PreventRequestsDuringMaintenance.php(99): Illuminate\\Pipeline\\Pipeline->Illuminate\\Pipeline\\{closure}()
#64 /opt/lampp/htdocs/wireless/vendor/laravel/framework/src/Illuminate/Pipeline/Pipeline.php(183): Illuminate\\Foundation\\Http\\Middleware\\PreventRequestsDuringMaintenance->handle()
#65 /opt/lampp/htdocs/wireless/vendor/laravel/framework/src/Illuminate/Http/Middleware/HandleCors.php(49): Illuminate\\Pipeline\\Pipeline->Illuminate\\Pipeline\\{closure}()
#66 /opt/lampp/htdocs/wireless/vendor/laravel/framework/src/Illuminate/Pipeline/Pipeline.php(183): Illuminate\\Http\\Middleware\\HandleCors->handle()
#67 /opt/lampp/htdocs/wireless/vendor/laravel/framework/src/Illuminate/Http/Middleware/TrustProxies.php(39): Illuminate\\Pipeline\\Pipeline->Illuminate\\Pipeline\\{closure}()
#68 /opt/lampp/htdocs/wireless/vendor/laravel/framework/src/Illuminate/Pipeline/Pipeline.php(183): Illuminate\\Http\\Middleware\\TrustProxies->handle()
#69 /opt/lampp/htdocs/wireless/vendor/laravel/framework/src/Illuminate/Pipeline/Pipeline.php(119): Illuminate\\Pipeline\\Pipeline->Illuminate\\Pipeline\\{closure}()
#70 /opt/lampp/htdocs/wireless/vendor/laravel/framework/src/Illuminate/Foundation/Http/Kernel.php(175): Illuminate\\Pipeline\\Pipeline->then()
#71 /opt/lampp/htdocs/wireless/vendor/laravel/framework/src/Illuminate/Foundation/Http/Kernel.php(144): Illuminate\\Foundation\\Http\\Kernel->sendRequestThroughRouter()
#72 /opt/lampp/htdocs/wireless/public/index.php(51): Illuminate\\Foundation\\Http\\Kernel->handle()
#73 /opt/lampp/htdocs/wireless/vendor/laravel/framework/src/Illuminate/Foundation/resources/server.php(16): require_once('...')
#74 {main}

[previous exception] [object] (PDOException(code: 42S02): SQLSTATE[42S02]: Base table or view not found: 1146 Table 'wireless.text_widgets' doesn't exist at /opt/lampp/htdocs/wireless/vendor/laravel/framework/src/Illuminate/Database/Connection.php:416)
[stacktrace]
#0 /opt/lampp/htdocs/wireless/vendor/laravel/framework/src/Illuminate/Database/Connection.php(416): PDO->prepare()
#1 /opt/lampp/htdocs/wireless/vendor/laravel/framework/src/Illuminate/Database/Connection.php(809): Illuminate\\Database\\Connection->Illuminate\\Database\\{closure}()
#2 /opt/lampp/htdocs/wireless/vendor/laravel/framework/src/Illuminate/Database/Connection.php(776): Illuminate\\Database\\Connection->runQueryCallback()
#3 /opt/lampp/htdocs/wireless/vendor/laravel/framework/src/Illuminate/Database/Connection.php(407): Illuminate\\Database\\Connection->run()
#4 /opt/lampp/htdocs/wireless/vendor/laravel/framework/src/Illuminate/Database/Query/Builder.php(2751): Illuminate\\Database\\Connection->select()
#5 /opt/lampp/htdocs/wireless/vendor/laravel/framework/src/Illuminate/Database/Query/Builder.php(2740): Illuminate\\Database\\Query\\Builder->runSelect()
#6 /opt/lampp/htdocs/wireless/vendor/laravel/framework/src/Illuminate/Database/Query/Builder.php(3294): Illuminate\\Database\\Query\\Builder->Illuminate\\Database\\Query\\{closure}()
#7 /opt/lampp/htdocs/wireless/vendor/laravel/framework/src/Illuminate/Database/Query/Builder.php(2739): Illuminate\\Database\\Query\\Builder->onceWithColumns()
#8 /opt/lampp/htdocs/wireless/vendor/laravel/framework/src/Illuminate/Database/Eloquent/Builder.php(737): Illuminate\\Database\\Query\\Builder->get()
#9 /opt/lampp/htdocs/wireless/vendor/laravel/framework/src/Illuminate/Database/Eloquent/Builder.php(721): Illuminate\\Database\\Eloquent\\Builder->getModels()
#10 /opt/lampp/htdocs/wireless/vendor/laravel/framework/src/Illuminate/Database/Concerns/BuildsQueries.php(333): Illuminate\\Database\\Eloquent\\Builder->get()
#11 /opt/lampp/htdocs/wireless/app/Models/TextWidget.php(35): Illuminate\\Database\\Eloquent\\Builder->first()
#12 /opt/lampp/htdocs/wireless/vendor/laravel/framework/src/Illuminate/Collections/helpers.php(224): App\\Models\\TextWidget::App\\Models\\{closure}()
#13 /opt/lampp/htdocs/wireless/vendor/laravel/framework/src/Illuminate/Cache/Repository.php(107): value()
#14 /opt/lampp/htdocs/wireless/vendor/laravel/framework/src/Illuminate/Cache/CacheManager.php(429): Illuminate\\Cache\\Repository->get()
#15 /opt/lampp/htdocs/wireless/vendor/laravel/framework/src/Illuminate/Support/Facades/Facade.php(355): Illuminate\\Cache\\CacheManager->__call()
#16 /opt/lampp/htdocs/wireless/app/Models/TextWidget.php(34): Illuminate\\Support\\Facades\\Facade::__callStatic()
#17 /opt/lampp/htdocs/wireless/storage/framework/views/4918ade9d894dbbdc113be650a0f2910.php(405): App\\Models\\TextWidget::getContent()
#18 /opt/lampp/htdocs/wireless/vendor/laravel/framework/src/Illuminate/Filesystem/Filesystem.php(124): require('...')
#19 /opt/lampp/htdocs/wireless/vendor/laravel/framework/src/Illuminate/Filesystem/Filesystem.php(125): Illuminate\\Filesystem\\Filesystem::Illuminate\\Filesystem\\{closure}()
#20 /opt/lampp/htdocs/wireless/vendor/laravel/framework/src/Illuminate/View/Engines/PhpEngine.php(58): Illuminate\\Filesystem\\Filesystem->getRequire()
#21 /opt/lampp/htdocs/wireless/vendor/livewire/livewire/src/Mechanisms/ExtendBlade/ExtendedCompilerEngine.php(22): Illuminate\\View\\Engines\\PhpEngine->evaluatePath()
#22 /opt/lampp/htdocs/wireless/vendor/laravel/framework/src/Illuminate/View/Engines/CompilerEngine.php(72): Livewire\\Mechanisms\\ExtendBlade\\ExtendedCompilerEngine->evaluatePath()
#23 /opt/lampp/htdocs/wireless/vendor/livewire/livewire/src/Mechanisms/ExtendBlade/ExtendedCompilerEngine.php(10): Illuminate\\View\\Engines\\CompilerEngine->get()
#24 /opt/lampp/htdocs/wireless/vendor/laravel/framework/src/Illuminate/View/View.php(207): Livewire\\Mechanisms\\ExtendBlade\\ExtendedCompilerEngine->get()
#25 /opt/lampp/htdocs/wireless/vendor/laravel/framework/src/Illuminate/View/View.php(190): Illuminate\\View\\View->getContents()
#26 /opt/lampp/htdocs/wireless/vendor/laravel/framework/src/Illuminate/View/View.php(159): Illuminate\\View\\View->renderContents()
#27 /opt/lampp/htdocs/wireless/vendor/laravel/framework/src/Illuminate/View/Concerns/ManagesComponents.php(99): Illuminate\\View\\View->render()
#28 /opt/lampp/htdocs/wireless/storage/framework/views/6c98e84b92353b4122cb1cc648a9d157.php(45): Illuminate\\View\\Factory->renderComponent()
#29 /opt/lampp/htdocs/wireless/vendor/laravel/framework/src/Illuminate/Filesystem/Filesystem.php(124): require('...')
#30 /opt/lampp/htdocs/wireless/vendor/laravel/framework/src/Illuminate/Filesystem/Filesystem.php(125): Illuminate\\Filesystem\\Filesystem::Illuminate\\Filesystem\\{closure}()
#31 /opt/lampp/htdocs/wireless/vendor/laravel/framework/src/Illuminate/View/Engines/PhpEngine.php(58): Illuminate\\Filesystem\\Filesystem->getRequire()
#32 /opt/lampp/htdocs/wireless/vendor/livewire/livewire/src/Mechanisms/ExtendBlade/ExtendedCompilerEngine.php(22): Illuminate\\View\\Engines\\PhpEngine->evaluatePath()
#33 /opt/lampp/htdocs/wireless/vendor/laravel/framework/src/Illuminate/View/Engines/CompilerEngine.php(72): Livewire\\Mechanisms\\ExtendBlade\\ExtendedCompilerEngine->evaluatePath()
#34 /opt/lampp/htdocs/wireless/vendor/livewire/livewire/src/Mechanisms/ExtendBlade/ExtendedCompilerEngine.php(10): Illuminate\\View\\Engines\\CompilerEngine->get()
#35 /opt/lampp/htdocs/wireless/vendor/laravel/framework/src/Illuminate/View/View.php(207): Livewire\\Mechanisms\\ExtendBlade\\ExtendedCompilerEngine->get()
#36 /opt/lampp/htdocs/wireless/vendor/laravel/framework/src/Illuminate/View/View.php(190): Illuminate\\View\\View->getContents()
#37 /opt/lampp/htdocs/wireless/vendor/laravel/framework/src/Illuminate/View/View.php(159): Illuminate\\View\\View->renderContents()
#38 /opt/lampp/htdocs/wireless/vendor/laravel/framework/src/Illuminate/Http/Response.php(69): Illuminate\\View\\View->render()
#39 /opt/lampp/htdocs/wireless/vendor/laravel/framework/src/Illuminate/Http/Response.php(35): Illuminate\\Http\\Response->setContent()
#40 /opt/lampp/htdocs/wireless/vendor/laravel/framework/src/Illuminate/Routing/ResponseFactory.php(57): Illuminate\\Http\\Response->__construct()
#41 /opt/lampp/htdocs/wireless/vendor/laravel/framework/src/Illuminate/Routing/ResponseFactory.php(87): Illuminate\\Routing\\ResponseFactory->make()
#42 /opt/lampp/htdocs/wireless/vendor/laravel/framework/src/Illuminate/Foundation/Exceptions/Handler.php(723): Illuminate\\Routing\\ResponseFactory->view()
#43 /opt/lampp/htdocs/wireless/vendor/laravel/framework/src/Illuminate/Foundation/Exceptions/Handler.php(650): Illuminate\\Foundation\\Exceptions\\Handler->renderHttpException()
#44 /opt/lampp/htdocs/wireless/vendor/laravel/framework/src/Illuminate/Foundation/Exceptions/Handler.php(556): Illuminate\\Foundation\\Exceptions\\Handler->prepareResponse()
#45 /opt/lampp/htdocs/wireless/vendor/laravel/framework/src/Illuminate/Foundation/Exceptions/Handler.php(473): Illuminate\\Foundation\\Exceptions\\Handler->renderExceptionResponse()
#46 /opt/lampp/htdocs/wireless/vendor/laravel/framework/src/Illuminate/Routing/Pipeline.php(51): Illuminate\\Foundation\\Exceptions\\Handler->render()
#47 /opt/lampp/htdocs/wireless/vendor/laravel/framework/src/Illuminate/Pipeline/Pipeline.php(188): Illuminate\\Routing\\Pipeline->handleException()
#48 /opt/lampp/htdocs/wireless/vendor/laravel/framework/src/Illuminate/Pipeline/Pipeline.php(119): Illuminate\\Pipeline\\Pipeline->Illuminate\\Pipeline\\{closure}()
#49 /opt/lampp/htdocs/wireless/vendor/laravel/framework/src/Illuminate/Routing/Router.php(805): Illuminate\\Pipeline\\Pipeline->then()
#50 /opt/lampp/htdocs/wireless/vendor/laravel/framework/src/Illuminate/Routing/Router.php(784): Illuminate\\Routing\\Router->runRouteWithinStack()
#51 /opt/lampp/htdocs/wireless/vendor/laravel/framework/src/Illuminate/Routing/Router.php(748): Illuminate\\Routing\\Router->runRoute()
#52 /opt/lampp/htdocs/wireless/vendor/laravel/framework/src/Illuminate/Routing/Router.php(737): Illuminate\\Routing\\Router->dispatchToRoute()
#53 /opt/lampp/htdocs/wireless/vendor/laravel/framework/src/Illuminate/Foundation/Http/Kernel.php(200): Illuminate\\Routing\\Router->dispatch()
#54 /opt/lampp/htdocs/wireless/vendor/laravel/framework/src/Illuminate/Pipeline/Pipeline.php(144): Illuminate\\Foundation\\Http\\Kernel->Illuminate\\Foundation\\Http\\{closure}()
#55 /opt/lampp/htdocs/wireless/vendor/livewire/livewire/src/Features/SupportDisablingBackButtonCache/DisableBackButtonCacheMiddleware.php(19): Illuminate\\Pipeline\\Pipeline->Illuminate\\Pipeline\\{closure}()
#56 /opt/lampp/htdocs/wireless/vendor/laravel/framework/src/Illuminate/Pipeline/Pipeline.php(183): Livewire\\Features\\SupportDisablingBackButtonCache\\DisableBackButtonCacheMiddleware->handle()
#57 /opt/lampp/htdocs/wireless/vendor/laravel/framework/src/Illuminate/Foundation/Http/Middleware/TransformsRequest.php(21): Illuminate\\Pipeline\\Pipeline->Illuminate\\Pipeline\\{closure}()
#58 /opt/lampp/htdocs/wireless/vendor/laravel/framework/src/Illuminate/Foundation/Http/Middleware/ConvertEmptyStringsToNull.php(31): Illuminate\\Foundation\\Http\\Middleware\\TransformsRequest->handle()
#59 /opt/lampp/htdocs/wireless/vendor/laravel/framework/src/Illuminate/Pipeline/Pipeline.php(183): Illuminate\\Foundation\\Http\\Middleware\\ConvertEmptyStringsToNull->handle()
#60 /opt/lampp/htdocs/wireless/vendor/laravel/framework/src/Illuminate/Foundation/Http/Middleware/TransformsRequest.php(21): Illuminate\\Pipeline\\Pipeline->Illuminate\\Pipeline\\{closure}()
#61 /opt/lampp/htdocs/wireless/vendor/laravel/framework/src/Illuminate/Foundation/Http/Middleware/TrimStrings.php(40): Illuminate\\Foundation\\Http\\Middleware\\TransformsRequest->handle()
#62 /opt/lampp/htdocs/wireless/vendor/laravel/framework/src/Illuminate/Pipeline/Pipeline.php(183): Illuminate\\Foundation\\Http\\Middleware\\TrimStrings->handle()
#63 /opt/lampp/htdocs/wireless/vendor/laravel/framework/src/Illuminate/Foundation/Http/Middleware/ValidatePostSize.php(27): Illuminate\\Pipeline\\Pipeline->Illuminate\\Pipeline\\{closure}()
#64 /opt/lampp/htdocs/wireless/vendor/laravel/framework/src/Illuminate/Pipeline/Pipeline.php(183): Illuminate\\Foundation\\Http\\Middleware\\ValidatePostSize->handle()
#65 /opt/lampp/htdocs/wireless/vendor/laravel/framework/src/Illuminate/Foundation/Http/Middleware/PreventRequestsDuringMaintenance.php(99): Illuminate\\Pipeline\\Pipeline->Illuminate\\Pipeline\\{closure}()
#66 /opt/lampp/htdocs/wireless/vendor/laravel/framework/src/Illuminate/Pipeline/Pipeline.php(183): Illuminate\\Foundation\\Http\\Middleware\\PreventRequestsDuringMaintenance->handle()
#67 /opt/lampp/htdocs/wireless/vendor/laravel/framework/src/Illuminate/Http/Middleware/HandleCors.php(49): Illuminate\\Pipeline\\Pipeline->Illuminate\\Pipeline\\{closure}()
#68 /opt/lampp/htdocs/wireless/vendor/laravel/framework/src/Illuminate/Pipeline/Pipeline.php(183): Illuminate\\Http\\Middleware\\HandleCors->handle()
#69 /opt/lampp/htdocs/wireless/vendor/laravel/framework/src/Illuminate/Http/Middleware/TrustProxies.php(39): Illuminate\\Pipeline\\Pipeline->Illuminate\\Pipeline\\{closure}()
#70 /opt/lampp/htdocs/wireless/vendor/laravel/framework/src/Illuminate/Pipeline/Pipeline.php(183): Illuminate\\Http\\Middleware\\TrustProxies->handle()
#71 /opt/lampp/htdocs/wireless/vendor/laravel/framework/src/Illuminate/Pipeline/Pipeline.php(119): Illuminate\\Pipeline\\Pipeline->Illuminate\\Pipeline\\{closure}()
#72 /opt/lampp/htdocs/wireless/vendor/laravel/framework/src/Illuminate/Foundation/Http/Kernel.php(175): Illuminate\\Pipeline\\Pipeline->then()
#73 /opt/lampp/htdocs/wireless/vendor/laravel/framework/src/Illuminate/Foundation/Http/Kernel.php(144): Illuminate\\Foundation\\Http\\Kernel->sendRequestThroughRouter()
#74 /opt/lampp/htdocs/wireless/public/index.php(51): Illuminate\\Foundation\\Http\\Kernel->handle()
#75 /opt/lampp/htdocs/wireless/vendor/laravel/framework/src/Illuminate/Foundation/resources/server.php(16): require_once('...')
#76 {main}
"} 
[2026-03-06 13:53:26] production.ERROR: SQLSTATE[42S22]: Column not found: 1054 Unknown column 'active' in 'where clause' (Connection: mysql, SQL: select * from `posts` where `active` = 1 and date(`published_at`) < 2026-03-06 order by `published_at` desc limit 1) {"exception":"[object] (Illuminate\\Database\\QueryException(code: 42S22): SQLSTATE[42S22]: Column not found: 1054 Unknown column 'active' in 'where clause' (Connection: mysql, SQL: select * from `posts` where `active` = 1 and date(`published_at`) < 2026-03-06 order by `published_at` desc limit 1) at /opt/lampp/htdocs/wireless/vendor/laravel/framework/src/Illuminate/Database/Connection.php:822)
[stacktrace]
#0 /opt/lampp/htdocs/wireless/vendor/laravel/framework/src/Illuminate/Database/Connection.php(776): Illuminate\\Database\\Connection->runQueryCallback()
#1 /opt/lampp/htdocs/wireless/vendor/laravel/framework/src/Illuminate/Database/Connection.php(407): Illuminate\\Database\\Connection->run()
#2 /opt/lampp/htdocs/wireless/vendor/laravel/framework/src/Illuminate/Database/Query/Builder.php(2751): Illuminate\\Database\\Connection->select()
#3 /opt/lampp/htdocs/wireless/vendor/laravel/framework/src/Illuminate/Database/Query/Builder.php(2740): Illuminate\\Database\\Query\\Builder->runSelect()
#4 /opt/lampp/htdocs/wireless/vendor/laravel/framework/src/Illuminate/Database/Query/Builder.php(3294): Illuminate\\Database\\Query\\Builder->Illuminate\\Database\\Query\\{closure}()
#5 /opt/lampp/htdocs/wireless/vendor/laravel/framework/src/Illuminate/Database/Query/Builder.php(2739): Illuminate\\Database\\Query\\Builder->onceWithColumns()
#6 /opt/lampp/htdocs/wireless/vendor/laravel/framework/src/Illuminate/Database/Eloquent/Builder.php(737): Illuminate\\Database\\Query\\Builder->get()
#7 /opt/lampp/htdocs/wireless/vendor/laravel/framework/src/Illuminate/Database/Eloquent/Builder.php(721): Illuminate\\Database\\Eloquent\\Builder->getModels()
#8 /opt/lampp/htdocs/wireless/vendor/laravel/framework/src/Illuminate/Database/Concerns/BuildsQueries.php(333): Illuminate\\Database\\Eloquent\\Builder->get()
#9 /opt/lampp/htdocs/wireless/app/Http/Controllers/PostController.php(28): Illuminate\\Database\\Eloquent\\Builder->first()
#10 /opt/lampp/htdocs/wireless/vendor/laravel/framework/src/Illuminate/Routing/Controller.php(54): App\\Http\\Controllers\\PostController->home()
#11 /opt/lampp/htdocs/wireless/vendor/laravel/framework/src/Illuminate/Routing/ControllerDispatcher.php(43): Illuminate\\Routing\\Controller->callAction()
#12 /opt/lampp/htdocs/wireless/vendor/laravel/framework/src/Illuminate/Routing/Route.php(259): Illuminate\\Routing\\ControllerDispatcher->dispatch()
#13 /opt/lampp/htdocs/wireless/vendor/laravel/framework/src/Illuminate/Routing/Route.php(205): Illuminate\\Routing\\Route->runController()
#14 /opt/lampp/htdocs/wireless/vendor/laravel/framework/src/Illuminate/Routing/Router.php(806): Illuminate\\Routing\\Route->run()
#15 /opt/lampp/htdocs/wireless/vendor/laravel/framework/src/Illuminate/Pipeline/Pipeline.php(144): Illuminate\\Routing\\Router->Illuminate\\Routing\\{closure}()
#16 /opt/lampp/htdocs/wireless/vendor/laravel/framework/src/Illuminate/Routing/Middleware/SubstituteBindings.php(50): Illuminate\\Pipeline\\Pipeline->Illuminate\\Pipeline\\{closure}()
#17 /opt/lampp/htdocs/wireless/vendor/laravel/framework/src/Illuminate/Pipeline/Pipeline.php(183): Illuminate\\Routing\\Middleware\\SubstituteBindings->handle()
#18 /opt/lampp/htdocs/wireless/vendor/laravel/framework/src/Illuminate/Foundation/Http/Middleware/VerifyCsrfToken.php(78): Illuminate\\Pipeline\\Pipeline->Illuminate\\Pipeline\\{closure}()
#19 /opt/lampp/htdocs/wireless/vendor/laravel/framework/src/Illuminate/Pipeline/Pipeline.php(183): Illuminate\\Foundation\\Http\\Middleware\\VerifyCsrfToken->handle()
#20 /opt/lampp/htdocs/wireless/vendor/laravel/framework/src/Illuminate/View/Middleware/ShareErrorsFromSession.php(49): Illuminate\\Pipeline\\Pipeline->Illuminate\\Pipeline\\{closure}()
#21 /opt/lampp/htdocs/wireless/vendor/laravel/framework/src/Illuminate/Pipeline/Pipeline.php(183): Illuminate\\View\\Middleware\\ShareErrorsFromSession->handle()
#22 /opt/lampp/htdocs/wireless/vendor/laravel/framework/src/Illuminate/Session/Middleware/StartSession.php(121): Illuminate\\Pipeline\\Pipeline->Illuminate\\Pipeline\\{closure}()
#23 /opt/lampp/htdocs/wireless/vendor/laravel/framework/src/Illuminate/Session/Middleware/StartSession.php(64): Illuminate\\Session\\Middleware\\StartSession->handleStatefulRequest()
#24 /opt/lampp/htdocs/wireless/vendor/laravel/framework/src/Illuminate/Pipeline/Pipeline.php(183): Illuminate\\Session\\Middleware\\StartSession->handle()
#25 /opt/lampp/htdocs/wireless/vendor/laravel/framework/src/Illuminate/Cookie/Middleware/AddQueuedCookiesToResponse.php(37): Illuminate\\Pipeline\\Pipeline->Illuminate\\Pipeline\\{closure}()
#26 /opt/lampp/htdocs/wireless/vendor/laravel/framework/src/Illuminate/Pipeline/Pipeline.php(183): Illuminate\\Cookie\\Middleware\\AddQueuedCookiesToResponse->handle()
#27 /opt/lampp/htdocs/wireless/vendor/laravel/framework/src/Illuminate/Cookie/Middleware/EncryptCookies.php(67): Illuminate\\Pipeline\\Pipeline->Illuminate\\Pipeline\\{closure}()
#28 /opt/lampp/htdocs/wireless/vendor/laravel/framework/src/Illuminate/Pipeline/Pipeline.php(183): Illuminate\\Cookie\\Middleware\\EncryptCookies->handle()
#29 /opt/lampp/htdocs/wireless/vendor/laravel/framework/src/Illuminate/Pipeline/Pipeline.php(119): Illuminate\\Pipeline\\Pipeline->Illuminate\\Pipeline\\{closure}()
#30 /opt/lampp/htdocs/wireless/vendor/laravel/framework/src/Illuminate/Routing/Router.php(805): Illuminate\\Pipeline\\Pipeline->then()
#31 /opt/lampp/htdocs/wireless/vendor/laravel/framework/src/Illuminate/Routing/Router.php(784): Illuminate\\Routing\\Router->runRouteWithinStack()
#32 /opt/lampp/htdocs/wireless/vendor/laravel/framework/src/Illuminate/Routing/Router.php(748): Illuminate\\Routing\\Router->runRoute()
#33 /opt/lampp/htdocs/wireless/vendor/laravel/framework/src/Illuminate/Routing/Router.php(737): Illuminate\\Routing\\Router->dispatchToRoute()
#34 /opt/lampp/htdocs/wireless/vendor/laravel/framework/src/Illuminate/Foundation/Http/Kernel.php(200): Illuminate\\Routing\\Router->dispatch()
#35 /opt/lampp/htdocs/wireless/vendor/laravel/framework/src/Illuminate/Pipeline/Pipeline.php(144): Illuminate\\Foundation\\Http\\Kernel->Illuminate\\Foundation\\Http\\{closure}()
#36 /opt/lampp/htdocs/wireless/vendor/livewire/livewire/src/Features/SupportDisablingBackButtonCache/DisableBackButtonCacheMiddleware.php(19): Illuminate\\Pipeline\\Pipeline->Illuminate\\Pipeline\\{closure}()
#37 /opt/lampp/htdocs/wireless/vendor/laravel/framework/src/Illuminate/Pipeline/Pipeline.php(183): Livewire\\Features\\SupportDisablingBackButtonCache\\DisableBackButtonCacheMiddleware->handle()
#38 /opt/lampp/htdocs/wireless/vendor/laravel/framework/src/Illuminate/Foundation/Http/Middleware/TransformsRequest.php(21): Illuminate\\Pipeline\\Pipeline->Illuminate\\Pipeline\\{closure}()
#39 /opt/lampp/htdocs/wireless/vendor/laravel/framework/src/Illuminate/Foundation/Http/Middleware/ConvertEmptyStringsToNull.php(31): Illuminate\\Foundation\\Http\\Middleware\\TransformsRequest->handle()
#40 /opt/lampp/htdocs/wireless/vendor/laravel/framework/src/Illuminate/Pipeline/Pipeline.php(183): Illuminate\\Foundation\\Http\\Middleware\\ConvertEmptyStringsToNull->handle()
#41 /opt/lampp/htdocs/wireless/vendor/laravel/framework/src/Illuminate/Foundation/Http/Middleware/TransformsRequest.php(21): Illuminate\\Pipeline\\Pipeline->Illuminate\\Pipeline\\{closure}()
#42 /opt/lampp/htdocs/wireless/vendor/laravel/framework/src/Illuminate/Foundation/Http/Middleware/TrimStrings.php(40): Illuminate\\Foundation\\Http\\Middleware\\TransformsRequest->handle()
#43 /opt/lampp/htdocs/wireless/vendor/laravel/framework/src/Illuminate/Pipeline/Pipeline.php(183): Illuminate\\Foundation\\Http\\Middleware\\TrimStrings->handle()
#44 /opt/lampp/htdocs/wireless/vendor/laravel/framework/src/Illuminate/Foundation/Http/Middleware/ValidatePostSize.php(27): Illuminate\\Pipeline\\Pipeline->Illuminate\\Pipeline\\{closure}()
#45 /opt/lampp/htdocs/wireless/vendor/laravel/framework/src/Illuminate/Pipeline/Pipeline.php(183): Illuminate\\Foundation\\Http\\Middleware\\ValidatePostSize->handle()
#46 /opt/lampp/htdocs/wireless/vendor/laravel/framework/src/Illuminate/Foundation/Http/Middleware/PreventRequestsDuringMaintenance.php(99): Illuminate\\Pipeline\\Pipeline->Illuminate\\Pipeline\\{closure}()
#47 /opt/lampp/htdocs/wireless/vendor/laravel/framework/src/Illuminate/Pipeline/Pipeline.php(183): Illuminate\\Foundation\\Http\\Middleware\\PreventRequestsDuringMaintenance->handle()
#48 /opt/lampp/htdocs/wireless/vendor/laravel/framework/src/Illuminate/Http/Middleware/HandleCors.php(49): Illuminate\\Pipeline\\Pipeline->Illuminate\\Pipeline\\{closure}()
#49 /opt/lampp/htdocs/wireless/vendor/laravel/framework/src/Illuminate/Pipeline/Pipeline.php(183): Illuminate\\Http\\Middleware\\HandleCors->handle()
#50 /opt/lampp/htdocs/wireless/vendor/laravel/framework/src/Illuminate/Http/Middleware/TrustProxies.php(39): Illuminate\\Pipeline\\Pipeline->Illuminate\\Pipeline\\{closure}()
#51 /opt/lampp/htdocs/wireless/vendor/laravel/framework/src/Illuminate/Pipeline/Pipeline.php(183): Illuminate\\Http\\Middleware\\TrustProxies->handle()
#52 /opt/lampp/htdocs/wireless/vendor/laravel/framework/src/Illuminate/Pipeline/Pipeline.php(119): Illuminate\\Pipeline\\Pipeline->Illuminate\\Pipeline\\{closure}()
#53 /opt/lampp/htdocs/wireless/vendor/laravel/framework/src/Illuminate/Foundation/Http/Kernel.php(175): Illuminate\\Pipeline\\Pipeline->then()
#54 /opt/lampp/htdocs/wireless/vendor/laravel/framework/src/Illuminate/Foundation/Http/Kernel.php(144): Illuminate\\Foundation\\Http\\Kernel->sendRequestThroughRouter()
#55 /opt/lampp/htdocs/wireless/public/index.php(51): Illuminate\\Foundation\\Http\\Kernel->handle()
#56 /opt/lampp/htdocs/wireless/vendor/laravel/framework/src/Illuminate/Foundation/resources/server.php(16): require_once('...')
#57 {main}

[previous exception] [object] (PDOException(code: 42S22): SQLSTATE[42S22]: Column not found: 1054 Unknown column 'active' in 'where clause' at /opt/lampp/htdocs/wireless/vendor/laravel/framework/src/Illuminate/Database/Connection.php:416)
[stacktrace]
#0 /opt/lampp/htdocs/wireless/vendor/laravel/framework/src/Illuminate/Database/Connection.php(416): PDO->prepare()
#1 /opt/lampp/htdocs/wireless/vendor/laravel/framework/src/Illuminate/Database/Connection.php(809): Illuminate\\Database\\Connection->Illuminate\\Database\\{closure}()
#2 /opt/lampp/htdocs/wireless/vendor/laravel/framework/src/Illuminate/Database/Connection.php(776): Illuminate\\Database\\Connection->runQueryCallback()
#3 /opt/lampp/htdocs/wireless/vendor/laravel/framework/src/Illuminate/Database/Connection.php(407): Illuminate\\Database\\Connection->run()
#4 /opt/lampp/htdocs/wireless/vendor/laravel/framework/src/Illuminate/Database/Query/Builder.php(2751): Illuminate\\Database\\Connection->select()
#5 /opt/lampp/htdocs/wireless/vendor/laravel/framework/src/Illuminate/Database/Query/Builder.php(2740): Illuminate\\Database\\Query\\Builder->runSelect()
#6 /opt/lampp/htdocs/wireless/vendor/laravel/framework/src/Illuminate/Database/Query/Builder.php(3294): Illuminate\\Database\\Query\\Builder->Illuminate\\Database\\Query\\{closure}()
#7 /opt/lampp/htdocs/wireless/vendor/laravel/framework/src/Illuminate/Database/Query/Builder.php(2739): Illuminate\\Database\\Query\\Builder->onceWithColumns()
#8 /opt/lampp/htdocs/wireless/vendor/laravel/framework/src/Illuminate/Database/Eloquent/Builder.php(737): Illuminate\\Database\\Query\\Builder->get()
#9 /opt/lampp/htdocs/wireless/vendor/laravel/framework/src/Illuminate/Database/Eloquent/Builder.php(721): Illuminate\\Database\\Eloquent\\Builder->getModels()
#10 /opt/lampp/htdocs/wireless/vendor/laravel/framework/src/Illuminate/Database/Concerns/BuildsQueries.php(333): Illuminate\\Database\\Eloquent\\Builder->get()
#11 /opt/lampp/htdocs/wireless/app/Http/Controllers/PostController.php(28): Illuminate\\Database\\Eloquent\\Builder->first()
#12 /opt/lampp/htdocs/wireless/vendor/laravel/framework/src/Illuminate/Routing/Controller.php(54): App\\Http\\Controllers\\PostController->home()
#13 /opt/lampp/htdocs/wireless/vendor/laravel/framework/src/Illuminate/Routing/ControllerDispatcher.php(43): Illuminate\\Routing\\Controller->callAction()
#14 /opt/lampp/htdocs/wireless/vendor/laravel/framework/src/Illuminate/Routing/Route.php(259): Illuminate\\Routing\\ControllerDispatcher->dispatch()
#15 /opt/lampp/htdocs/wireless/vendor/laravel/framework/src/Illuminate/Routing/Route.php(205): Illuminate\\Routing\\Route->runController()
#16 /opt/lampp/htdocs/wireless/vendor/laravel/framework/src/Illuminate/Routing/Router.php(806): Illuminate\\Routing\\Route->run()
#17 /opt/lampp/htdocs/wireless/vendor/laravel/framework/src/Illuminate/Pipeline/Pipeline.php(144): Illuminate\\Routing\\Router->Illuminate\\Routing\\{closure}()
#18 /opt/lampp/htdocs/wireless/vendor/laravel/framework/src/Illuminate/Routing/Middleware/SubstituteBindings.php(50): Illuminate\\Pipeline\\Pipeline->Illuminate\\Pipeline\\{closure}()
#19 /opt/lampp/htdocs/wireless/vendor/laravel/framework/src/Illuminate/Pipeline/Pipeline.php(183): Illuminate\\Routing\\Middleware\\SubstituteBindings->handle()
#20 /opt/lampp/htdocs/wireless/vendor/laravel/framework/src/Illuminate/Foundation/Http/Middleware/VerifyCsrfToken.php(78): Illuminate\\Pipeline\\Pipeline->Illuminate\\Pipeline\\{closure}()
#21 /opt/lampp/htdocs/wireless/vendor/laravel/framework/src/Illuminate/Pipeline/Pipeline.php(183): Illuminate\\Foundation\\Http\\Middleware\\VerifyCsrfToken->handle()
#22 /opt/lampp/htdocs/wireless/vendor/laravel/framework/src/Illuminate/View/Middleware/ShareErrorsFromSession.php(49): Illuminate\\Pipeline\\Pipeline->Illuminate\\Pipeline\\{closure}()
#23 /opt/lampp/htdocs/wireless/vendor/laravel/framework/src/Illuminate/Pipeline/Pipeline.php(183): Illuminate\\View\\Middleware\\ShareErrorsFromSession->handle()
#24 /opt/lampp/htdocs/wireless/vendor/laravel/framework/src/Illuminate/Session/Middleware/StartSession.php(121): Illuminate\\Pipeline\\Pipeline->Illuminate\\Pipeline\\{closure}()
#25 /opt/lampp/htdocs/wireless/vendor/laravel/framework/src/Illuminate/Session/Middleware/StartSession.php(64): Illuminate\\Session\\Middleware\\StartSession->handleStatefulRequest()
#26 /opt/lampp/htdocs/wireless/vendor/laravel/framework/src/Illuminate/Pipeline/Pipeline.php(183): Illuminate\\Session\\Middleware\\StartSession->handle()
#27 /opt/lampp/htdocs/wireless/vendor/laravel/framework/src/Illuminate/Cookie/Middleware/AddQueuedCookiesToResponse.php(37): Illuminate\\Pipeline\\Pipeline->Illuminate\\Pipeline\\{closure}()
#28 /opt/lampp/htdocs/wireless/vendor/laravel/framework/src/Illuminate/Pipeline/Pipeline.php(183): Illuminate\\Cookie\\Middleware\\AddQueuedCookiesToResponse->handle()
#29 /opt/lampp/htdocs/wireless/vendor/laravel/framework/src/Illuminate/Cookie/Middleware/EncryptCookies.php(67): Illuminate\\Pipeline\\Pipeline->Illuminate\\Pipeline\\{closure}()
#30 /opt/lampp/htdocs/wireless/vendor/laravel/framework/src/Illuminate/Pipeline/Pipeline.php(183): Illuminate\\Cookie\\Middleware\\EncryptCookies->handle()
#31 /opt/lampp/htdocs/wireless/vendor/laravel/framework/src/Illuminate/Pipeline/Pipeline.php(119): Illuminate\\Pipeline\\Pipeline->Illuminate\\Pipeline\\{closure}()
#32 /opt/lampp/htdocs/wireless/vendor/laravel/framework/src/Illuminate/Routing/Router.php(805): Illuminate\\Pipeline\\Pipeline->then()
#33 /opt/lampp/htdocs/wireless/vendor/laravel/framework/src/Illuminate/Routing/Router.php(784): Illuminate\\Routing\\Router->runRouteWithinStack()
#34 /opt/lampp/htdocs/wireless/vendor/laravel/framework/src/Illuminate/Routing/Router.php(748): Illuminate\\Routing\\Router->runRoute()
#35 /opt/lampp/htdocs/wireless/vendor/laravel/framework/src/Illuminate/Routing/Router.php(737): Illuminate\\Routing\\Router->dispatchToRoute()
#36 /opt/lampp/htdocs/wireless/vendor/laravel/framework/src/Illuminate/Foundation/Http/Kernel.php(200): Illuminate\\Routing\\Router->dispatch()
#37 /opt/lampp/htdocs/wireless/vendor/laravel/framework/src/Illuminate/Pipeline/Pipeline.php(144): Illuminate\\Foundation\\Http\\Kernel->Illuminate\\Foundation\\Http\\{closure}()
#38 /opt/lampp/htdocs/wireless/vendor/livewire/livewire/src/Features/SupportDisablingBackButtonCache/DisableBackButtonCacheMiddleware.php(19): Illuminate\\Pipeline\\Pipeline->Illuminate\\Pipeline\\{closure}()
#39 /opt/lampp/htdocs/wireless/vendor/laravel/framework/src/Illuminate/Pipeline/Pipeline.php(183): Livewire\\Features\\SupportDisablingBackButtonCache\\DisableBackButtonCacheMiddleware->handle()
#40 /opt/lampp/htdocs/wireless/vendor/laravel/framework/src/Illuminate/Foundation/Http/Middleware/TransformsRequest.php(21): Illuminate\\Pipeline\\Pipeline->Illuminate\\Pipeline\\{closure}()
#41 /opt/lampp/htdocs/wireless/vendor/laravel/framework/src/Illuminate/Foundation/Http/Middleware/ConvertEmptyStringsToNull.php(31): Illuminate\\Foundation\\Http\\Middleware\\TransformsRequest->handle()
#42 /opt/lampp/htdocs/wireless/vendor/laravel/framework/src/Illuminate/Pipeline/Pipeline.php(183): Illuminate\\Foundation\\Http\\Middleware\\ConvertEmptyStringsToNull->handle()
#43 /opt/lampp/htdocs/wireless/vendor/laravel/framework/src/Illuminate/Foundation/Http/Middleware/TransformsRequest.php(21): Illuminate\\Pipeline\\Pipeline->Illuminate\\Pipeline\\{closure}()
#44 /opt/lampp/htdocs/wireless/vendor/laravel/framework/src/Illuminate/Foundation/Http/Middleware/TrimStrings.php(40): Illuminate\\Foundation\\Http\\Middleware\\TransformsRequest->handle()
#45 /opt/lampp/htdocs/wireless/vendor/laravel/framework/src/Illuminate/Pipeline/Pipeline.php(183): Illuminate\\Foundation\\Http\\Middleware\\TrimStrings->handle()
#46 /opt/lampp/htdocs/wireless/vendor/laravel/framework/src/Illuminate/Foundation/Http/Middleware/ValidatePostSize.php(27): Illuminate\\Pipeline\\Pipeline->Illuminate\\Pipeline\\{closure}()
#47 /opt/lampp/htdocs/wireless/vendor/laravel/framework/src/Illuminate/Pipeline/Pipeline.php(183): Illuminate\\Foundation\\Http\\Middleware\\ValidatePostSize->handle()
#48 /opt/lampp/htdocs/wireless/vendor/laravel/framework/src/Illuminate/Foundation/Http/Middleware/PreventRequestsDuringMaintenance.php(99): Illuminate\\Pipeline\\Pipeline->Illuminate\\Pipeline\\{closure}()
#49 /opt/lampp/htdocs/wireless/vendor/laravel/framework/src/Illuminate/Pipeline/Pipeline.php(183): Illuminate\\Foundation\\Http\\Middleware\\PreventRequestsDuringMaintenance->handle()
#50 /opt/lampp/htdocs/wireless/vendor/laravel/framework/src/Illuminate/Http/Middleware/HandleCors.php(49): Illuminate\\Pipeline\\Pipeline->Illuminate\\Pipeline\\{closure}()
#51 /opt/lampp/htdocs/wireless/vendor/laravel/framework/src/Illuminate/Pipeline/Pipeline.php(183): Illuminate\\Http\\Middleware\\HandleCors->handle()
#52 /opt/lampp/htdocs/wireless/vendor/laravel/framework/src/Illuminate/Http/Middleware/TrustProxies.php(39): Illuminate\\Pipeline\\Pipeline->Illuminate\\Pipeline\\{closure}()
#53 /opt/lampp/htdocs/wireless/vendor/laravel/framework/src/Illuminate/Pipeline/Pipeline.php(183): Illuminate\\Http\\Middleware\\TrustProxies->handle()
#54 /opt/lampp/htdocs/wireless/vendor/laravel/framework/src/Illuminate/Pipeline/Pipeline.php(119): Illuminate\\Pipeline\\Pipeline->Illuminate\\Pipeline\\{closure}()
#55 /opt/lampp/htdocs/wireless/vendor/laravel/framework/src/Illuminate/Foundation/Http/Kernel.php(175): Illuminate\\Pipeline\\Pipeline->then()
#56 /opt/lampp/htdocs/wireless/vendor/laravel/framework/src/Illuminate/Foundation/Http/Kernel.php(144): Illuminate\\Foundation\\Http\\Kernel->sendRequestThroughRouter()
#57 /opt/lampp/htdocs/wireless/public/index.php(51): Illuminate\\Foundation\\Http\\Kernel->handle()
#58 /opt/lampp/htdocs/wireless/vendor/laravel/framework/src/Illuminate/Foundation/resources/server.php(16): require_once('...')
#59 {main}
"} 
[2026-03-06 13:53:26] production.ERROR: SQLSTATE[42S02]: Base table or view not found: 1146 Table 'wireless.text_widgets' doesn't exist (Connection: mysql, SQL: select * from `text_widgets` where `key` = about-us-sidebar limit 1) {"view":{"view":"/opt/lampp/htdocs/wireless/resources/views/layouts/app.blade.php","data":[]},"exception":"[object] (Spatie\\LaravelIgnition\\Exceptions\\ViewException(code: 0): SQLSTATE[42S02]: Base table or view not found: 1146 Table 'wireless.text_widgets' doesn't exist (Connection: mysql, SQL: select * from `text_widgets` where `key` = about-us-sidebar limit 1) at /opt/lampp/htdocs/wireless/vendor/laravel/framework/src/Illuminate/Database/Connection.php:822)
[stacktrace]
#0 /opt/lampp/htdocs/wireless/vendor/laravel/framework/src/Illuminate/Database/Connection.php(776): Illuminate\\Database\\Connection->runQueryCallback()
#1 /opt/lampp/htdocs/wireless/vendor/laravel/framework/src/Illuminate/Database/Connection.php(407): Illuminate\\Database\\Connection->run()
#2 /opt/lampp/htdocs/wireless/vendor/laravel/framework/src/Illuminate/Database/Query/Builder.php(2751): Illuminate\\Database\\Connection->select()
#3 /opt/lampp/htdocs/wireless/vendor/laravel/framework/src/Illuminate/Database/Query/Builder.php(2740): Illuminate\\Database\\Query\\Builder->runSelect()
#4 /opt/lampp/htdocs/wireless/vendor/laravel/framework/src/Illuminate/Database/Query/Builder.php(3294): Illuminate\\Database\\Query\\Builder->Illuminate\\Database\\Query\\{closure}()
#5 /opt/lampp/htdocs/wireless/vendor/laravel/framework/src/Illuminate/Database/Query/Builder.php(2739): Illuminate\\Database\\Query\\Builder->onceWithColumns()
#6 /opt/lampp/htdocs/wireless/vendor/laravel/framework/src/Illuminate/Database/Eloquent/Builder.php(737): Illuminate\\Database\\Query\\Builder->get()
#7 /opt/lampp/htdocs/wireless/vendor/laravel/framework/src/Illuminate/Database/Eloquent/Builder.php(721): Illuminate\\Database\\Eloquent\\Builder->getModels()
#8 /opt/lampp/htdocs/wireless/vendor/laravel/framework/src/Illuminate/Database/Concerns/BuildsQueries.php(333): Illuminate\\Database\\Eloquent\\Builder->get()
#9 /opt/lampp/htdocs/wireless/app/Models/TextWidget.php(35): Illuminate\\Database\\Eloquent\\Builder->first()
#10 /opt/lampp/htdocs/wireless/vendor/laravel/framework/src/Illuminate/Collections/helpers.php(224): App\\Models\\TextWidget::App\\Models\\{closure}()
#11 /opt/lampp/htdocs/wireless/vendor/laravel/framework/src/Illuminate/Cache/Repository.php(107): value()
#12 /opt/lampp/htdocs/wireless/vendor/laravel/framework/src/Illuminate/Cache/CacheManager.php(429): Illuminate\\Cache\\Repository->get()
#13 /opt/lampp/htdocs/wireless/vendor/laravel/framework/src/Illuminate/Support/Facades/Facade.php(355): Illuminate\\Cache\\CacheManager->__call()
#14 /opt/lampp/htdocs/wireless/app/Models/TextWidget.php(34): Illuminate\\Support\\Facades\\Facade::__callStatic()
#15 /opt/lampp/htdocs/wireless/resources/views/layouts/app.blade.php(291): App\\Models\\TextWidget::getContent()
#16 /opt/lampp/htdocs/wireless/vendor/laravel/framework/src/Illuminate/Filesystem/Filesystem.php(124): require('...')
#17 /opt/lampp/htdocs/wireless/vendor/laravel/framework/src/Illuminate/Filesystem/Filesystem.php(125): Illuminate\\Filesystem\\Filesystem::Illuminate\\Filesystem\\{closure}()
#18 /opt/lampp/htdocs/wireless/vendor/laravel/framework/src/Illuminate/View/Engines/PhpEngine.php(58): Illuminate\\Filesystem\\Filesystem->getRequire()
#19 /opt/lampp/htdocs/wireless/vendor/livewire/livewire/src/Mechanisms/ExtendBlade/ExtendedCompilerEngine.php(22): Illuminate\\View\\Engines\\PhpEngine->evaluatePath()
#20 /opt/lampp/htdocs/wireless/vendor/laravel/framework/src/Illuminate/View/Engines/CompilerEngine.php(72): Livewire\\Mechanisms\\ExtendBlade\\ExtendedCompilerEngine->evaluatePath()
#21 /opt/lampp/htdocs/wireless/vendor/livewire/livewire/src/Mechanisms/ExtendBlade/ExtendedCompilerEngine.php(10): Illuminate\\View\\Engines\\CompilerEngine->get()
#22 /opt/lampp/htdocs/wireless/vendor/laravel/framework/src/Illuminate/View/View.php(207): Livewire\\Mechanisms\\ExtendBlade\\ExtendedCompilerEngine->get()
#23 /opt/lampp/htdocs/wireless/vendor/laravel/framework/src/Illuminate/View/View.php(190): Illuminate\\View\\View->getContents()
#24 /opt/lampp/htdocs/wireless/vendor/laravel/framework/src/Illuminate/View/View.php(159): Illuminate\\View\\View->renderContents()
#25 /opt/lampp/htdocs/wireless/vendor/laravel/framework/src/Illuminate/View/Concerns/ManagesComponents.php(99): Illuminate\\View\\View->render()
#26 /opt/lampp/htdocs/wireless/resources/views/errors/404.blade.php(45): Illuminate\\View\\Factory->renderComponent()
#27 /opt/lampp/htdocs/wireless/vendor/laravel/framework/src/Illuminate/Filesystem/Filesystem.php(124): require('...')
#28 /opt/lampp/htdocs/wireless/vendor/laravel/framework/src/Illuminate/Filesystem/Filesystem.php(125): Illuminate\\Filesystem\\Filesystem::Illuminate\\Filesystem\\{closure}()
#29 /opt/lampp/htdocs/wireless/vendor/laravel/framework/src/Illuminate/View/Engines/PhpEngine.php(58): Illuminate\\Filesystem\\Filesystem->getRequire()
#30 /opt/lampp/htdocs/wireless/vendor/livewire/livewire/src/Mechanisms/ExtendBlade/ExtendedCompilerEngine.php(22): Illuminate\\View\\Engines\\PhpEngine->evaluatePath()
#31 /opt/lampp/htdocs/wireless/vendor/laravel/framework/src/Illuminate/View/Engines/CompilerEngine.php(72): Livewire\\Mechanisms\\ExtendBlade\\ExtendedCompilerEngine->evaluatePath()
#32 /opt/lampp/htdocs/wireless/vendor/livewire/livewire/src/Mechanisms/ExtendBlade/ExtendedCompilerEngine.php(10): Illuminate\\View\\Engines\\CompilerEngine->get()
#33 /opt/lampp/htdocs/wireless/vendor/laravel/framework/src/Illuminate/View/View.php(207): Livewire\\Mechanisms\\ExtendBlade\\ExtendedCompilerEngine->get()
#34 /opt/lampp/htdocs/wireless/vendor/laravel/framework/src/Illuminate/View/View.php(190): Illuminate\\View\\View->getContents()
#35 /opt/lampp/htdocs/wireless/vendor/laravel/framework/src/Illuminate/View/View.php(159): Illuminate\\View\\View->renderContents()
#36 /opt/lampp/htdocs/wireless/vendor/laravel/framework/src/Illuminate/Http/Response.php(69): Illuminate\\View\\View->render()
#37 /opt/lampp/htdocs/wireless/vendor/laravel/framework/src/Illuminate/Http/Response.php(35): Illuminate\\Http\\Response->setContent()
#38 /opt/lampp/htdocs/wireless/vendor/laravel/framework/src/Illuminate/Routing/ResponseFactory.php(57): Illuminate\\Http\\Response->__construct()
#39 /opt/lampp/htdocs/wireless/vendor/laravel/framework/src/Illuminate/Routing/ResponseFactory.php(87): Illuminate\\Routing\\ResponseFactory->make()
#40 /opt/lampp/htdocs/wireless/vendor/laravel/framework/src/Illuminate/Foundation/Exceptions/Handler.php(723): Illuminate\\Routing\\ResponseFactory->view()
#41 /opt/lampp/htdocs/wireless/vendor/laravel/framework/src/Illuminate/Foundation/Exceptions/Handler.php(650): Illuminate\\Foundation\\Exceptions\\Handler->renderHttpException()
#42 /opt/lampp/htdocs/wireless/vendor/laravel/framework/src/Illuminate/Foundation/Exceptions/Handler.php(556): Illuminate\\Foundation\\Exceptions\\Handler->prepareResponse()
#43 /opt/lampp/htdocs/wireless/vendor/laravel/framework/src/Illuminate/Foundation/Exceptions/Handler.php(473): Illuminate\\Foundation\\Exceptions\\Handler->renderExceptionResponse()
#44 /opt/lampp/htdocs/wireless/vendor/laravel/framework/src/Illuminate/Routing/Pipeline.php(51): Illuminate\\Foundation\\Exceptions\\Handler->render()
#45 /opt/lampp/htdocs/wireless/vendor/laravel/framework/src/Illuminate/Pipeline/Pipeline.php(188): Illuminate\\Routing\\Pipeline->handleException()
#46 /opt/lampp/htdocs/wireless/vendor/laravel/framework/src/Illuminate/Pipeline/Pipeline.php(119): Illuminate\\Pipeline\\Pipeline->Illuminate\\Pipeline\\{closure}()
#47 /opt/lampp/htdocs/wireless/vendor/laravel/framework/src/Illuminate/Routing/Router.php(805): Illuminate\\Pipeline\\Pipeline->then()
#48 /opt/lampp/htdocs/wireless/vendor/laravel/framework/src/Illuminate/Routing/Router.php(784): Illuminate\\Routing\\Router->runRouteWithinStack()
#49 /opt/lampp/htdocs/wireless/vendor/laravel/framework/src/Illuminate/Routing/Router.php(748): Illuminate\\Routing\\Router->runRoute()
#50 /opt/lampp/htdocs/wireless/vendor/laravel/framework/src/Illuminate/Routing/Router.php(737): Illuminate\\Routing\\Router->dispatchToRoute()
#51 /opt/lampp/htdocs/wireless/vendor/laravel/framework/src/Illuminate/Foundation/Http/Kernel.php(200): Illuminate\\Routing\\Router->dispatch()
#52 /opt/lampp/htdocs/wireless/vendor/laravel/framework/src/Illuminate/Pipeline/Pipeline.php(144): Illuminate\\Foundation\\Http\\Kernel->Illuminate\\Foundation\\Http\\{closure}()
#53 /opt/lampp/htdocs/wireless/vendor/livewire/livewire/src/Features/SupportDisablingBackButtonCache/DisableBackButtonCacheMiddleware.php(19): Illuminate\\Pipeline\\Pipeline->Illuminate\\Pipeline\\{closure}()
#54 /opt/lampp/htdocs/wireless/vendor/laravel/framework/src/Illuminate/Pipeline/Pipeline.php(183): Livewire\\Features\\SupportDisablingBackButtonCache\\DisableBackButtonCacheMiddleware->handle()
#55 /opt/lampp/htdocs/wireless/vendor/laravel/framework/src/Illuminate/Foundation/Http/Middleware/TransformsRequest.php(21): Illuminate\\Pipeline\\Pipeline->Illuminate\\Pipeline\\{closure}()
#56 /opt/lampp/htdocs/wireless/vendor/laravel/framework/src/Illuminate/Foundation/Http/Middleware/ConvertEmptyStringsToNull.php(31): Illuminate\\Foundation\\Http\\Middleware\\TransformsRequest->handle()
#57 /opt/lampp/htdocs/wireless/vendor/laravel/framework/src/Illuminate/Pipeline/Pipeline.php(183): Illuminate\\Foundation\\Http\\Middleware\\ConvertEmptyStringsToNull->handle()
#58 /opt/lampp/htdocs/wireless/vendor/laravel/framework/src/Illuminate/Foundation/Http/Middleware/TransformsRequest.php(21): Illuminate\\Pipeline\\Pipeline->Illuminate\\Pipeline\\{closure}()
#59 /opt/lampp/htdocs/wireless/vendor/laravel/framework/src/Illuminate/Foundation/Http/Middleware/TrimStrings.php(40): Illuminate\\Foundation\\Http\\Middleware\\TransformsRequest->handle()
#60 /opt/lampp/htdocs/wireless/vendor/laravel/framework/src/Illuminate/Pipeline/Pipeline.php(183): Illuminate\\Foundation\\Http\\Middleware\\TrimStrings->handle()
#61 /opt/lampp/htdocs/wireless/vendor/laravel/framework/src/Illuminate/Foundation/Http/Middleware/ValidatePostSize.php(27): Illuminate\\Pipeline\\Pipeline->Illuminate\\Pipeline\\{closure}()
#62 /opt/lampp/htdocs/wireless/vendor/laravel/framework/src/Illuminate/Pipeline/Pipeline.php(183): Illuminate\\Foundation\\Http\\Middleware\\ValidatePostSize->handle()
#63 /opt/lampp/htdocs/wireless/vendor/laravel/framework/src/Illuminate/Foundation/Http/Middleware/PreventRequestsDuringMaintenance.php(99): Illuminate\\Pipeline\\Pipeline->Illuminate\\Pipeline\\{closure}()
#64 /opt/lampp/htdocs/wireless/vendor/laravel/framework/src/Illuminate/Pipeline/Pipeline.php(183): Illuminate\\Foundation\\Http\\Middleware\\PreventRequestsDuringMaintenance->handle()
#65 /opt/lampp/htdocs/wireless/vendor/laravel/framework/src/Illuminate/Http/Middleware/HandleCors.php(49): Illuminate\\Pipeline\\Pipeline->Illuminate\\Pipeline\\{closure}()
#66 /opt/lampp/htdocs/wireless/vendor/laravel/framework/src/Illuminate/Pipeline/Pipeline.php(183): Illuminate\\Http\\Middleware\\HandleCors->handle()
#67 /opt/lampp/htdocs/wireless/vendor/laravel/framework/src/Illuminate/Http/Middleware/TrustProxies.php(39): Illuminate\\Pipeline\\Pipeline->Illuminate\\Pipeline\\{closure}()
#68 /opt/lampp/htdocs/wireless/vendor/laravel/framework/src/Illuminate/Pipeline/Pipeline.php(183): Illuminate\\Http\\Middleware\\TrustProxies->handle()
#69 /opt/lampp/htdocs/wireless/vendor/laravel/framework/src/Illuminate/Pipeline/Pipeline.php(119): Illuminate\\Pipeline\\Pipeline->Illuminate\\Pipeline\\{closure}()
#70 /opt/lampp/htdocs/wireless/vendor/laravel/framework/src/Illuminate/Foundation/Http/Kernel.php(175): Illuminate\\Pipeline\\Pipeline->then()
#71 /opt/lampp/htdocs/wireless/vendor/laravel/framework/src/Illuminate/Foundation/Http/Kernel.php(144): Illuminate\\Foundation\\Http\\Kernel->sendRequestThroughRouter()
#72 /opt/lampp/htdocs/wireless/public/index.php(51): Illuminate\\Foundation\\Http\\Kernel->handle()
#73 /opt/lampp/htdocs/wireless/vendor/laravel/framework/src/Illuminate/Foundation/resources/server.php(16): require_once('...')
#74 {main}

[previous exception] [object] (Illuminate\\Database\\QueryException(code: 42S02): SQLSTATE[42S02]: Base table or view not found: 1146 Table 'wireless.text_widgets' doesn't exist (Connection: mysql, SQL: select * from `text_widgets` where `key` = about-us-sidebar limit 1) at /opt/lampp/htdocs/wireless/vendor/laravel/framework/src/Illuminate/Database/Connection.php:822)
[stacktrace]
#0 /opt/lampp/htdocs/wireless/vendor/laravel/framework/src/Illuminate/Database/Connection.php(776): Illuminate\\Database\\Connection->runQueryCallback()
#1 /opt/lampp/htdocs/wireless/vendor/laravel/framework/src/Illuminate/Database/Connection.php(407): Illuminate\\Database\\Connection->run()
#2 /opt/lampp/htdocs/wireless/vendor/laravel/framework/src/Illuminate/Database/Query/Builder.php(2751): Illuminate\\Database\\Connection->select()
#3 /opt/lampp/htdocs/wireless/vendor/laravel/framework/src/Illuminate/Database/Query/Builder.php(2740): Illuminate\\Database\\Query\\Builder->runSelect()
#4 /opt/lampp/htdocs/wireless/vendor/laravel/framework/src/Illuminate/Database/Query/Builder.php(3294): Illuminate\\Database\\Query\\Builder->Illuminate\\Database\\Query\\{closure}()
#5 /opt/lampp/htdocs/wireless/vendor/laravel/framework/src/Illuminate/Database/Query/Builder.php(2739): Illuminate\\Database\\Query\\Builder->onceWithColumns()
#6 /opt/lampp/htdocs/wireless/vendor/laravel/framework/src/Illuminate/Database/Eloquent/Builder.php(737): Illuminate\\Database\\Query\\Builder->get()
#7 /opt/lampp/htdocs/wireless/vendor/laravel/framework/src/Illuminate/Database/Eloquent/Builder.php(721): Illuminate\\Database\\Eloquent\\Builder->getModels()
#8 /opt/lampp/htdocs/wireless/vendor/laravel/framework/src/Illuminate/Database/Concerns/BuildsQueries.php(333): Illuminate\\Database\\Eloquent\\Builder->get()
#9 /opt/lampp/htdocs/wireless/app/Models/TextWidget.php(35): Illuminate\\Database\\Eloquent\\Builder->first()
#10 /opt/lampp/htdocs/wireless/vendor/laravel/framework/src/Illuminate/Collections/helpers.php(224): App\\Models\\TextWidget::App\\Models\\{closure}()
#11 /opt/lampp/htdocs/wireless/vendor/laravel/framework/src/Illuminate/Cache/Repository.php(107): value()
#12 /opt/lampp/htdocs/wireless/vendor/laravel/framework/src/Illuminate/Cache/CacheManager.php(429): Illuminate\\Cache\\Repository->get()
#13 /opt/lampp/htdocs/wireless/vendor/laravel/framework/src/Illuminate/Support/Facades/Facade.php(355): Illuminate\\Cache\\CacheManager->__call()
#14 /opt/lampp/htdocs/wireless/app/Models/TextWidget.php(34): Illuminate\\Support\\Facades\\Facade::__callStatic()
#15 /opt/lampp/htdocs/wireless/storage/framework/views/4918ade9d894dbbdc113be650a0f2910.php(405): App\\Models\\TextWidget::getContent()
#16 /opt/lampp/htdocs/wireless/vendor/laravel/framework/src/Illuminate/Filesystem/Filesystem.php(124): require('...')
#17 /opt/lampp/htdocs/wireless/vendor/laravel/framework/src/Illuminate/Filesystem/Filesystem.php(125): Illuminate\\Filesystem\\Filesystem::Illuminate\\Filesystem\\{closure}()
#18 /opt/lampp/htdocs/wireless/vendor/laravel/framework/src/Illuminate/View/Engines/PhpEngine.php(58): Illuminate\\Filesystem\\Filesystem->getRequire()
#19 /opt/lampp/htdocs/wireless/vendor/livewire/livewire/src/Mechanisms/ExtendBlade/ExtendedCompilerEngine.php(22): Illuminate\\View\\Engines\\PhpEngine->evaluatePath()
#20 /opt/lampp/htdocs/wireless/vendor/laravel/framework/src/Illuminate/View/Engines/CompilerEngine.php(72): Livewire\\Mechanisms\\ExtendBlade\\ExtendedCompilerEngine->evaluatePath()
#21 /opt/lampp/htdocs/wireless/vendor/livewire/livewire/src/Mechanisms/ExtendBlade/ExtendedCompilerEngine.php(10): Illuminate\\View\\Engines\\CompilerEngine->get()
#22 /opt/lampp/htdocs/wireless/vendor/laravel/framework/src/Illuminate/View/View.php(207): Livewire\\Mechanisms\\ExtendBlade\\ExtendedCompilerEngine->get()
#23 /opt/lampp/htdocs/wireless/vendor/laravel/framework/src/Illuminate/View/View.php(190): Illuminate\\View\\View->getContents()
#24 /opt/lampp/htdocs/wireless/vendor/laravel/framework/src/Illuminate/View/View.php(159): Illuminate\\View\\View->renderContents()
#25 /opt/lampp/htdocs/wireless/vendor/laravel/framework/src/Illuminate/View/Concerns/ManagesComponents.php(99): Illuminate\\View\\View->render()
#26 /opt/lampp/htdocs/wireless/storage/framework/views/6c98e84b92353b4122cb1cc648a9d157.php(45): Illuminate\\View\\Factory->renderComponent()
#27 /opt/lampp/htdocs/wireless/vendor/laravel/framework/src/Illuminate/Filesystem/Filesystem.php(124): require('...')
#28 /opt/lampp/htdocs/wireless/vendor/laravel/framework/src/Illuminate/Filesystem/Filesystem.php(125): Illuminate\\Filesystem\\Filesystem::Illuminate\\Filesystem\\{closure}()
#29 /opt/lampp/htdocs/wireless/vendor/laravel/framework/src/Illuminate/View/Engines/PhpEngine.php(58): Illuminate\\Filesystem\\Filesystem->getRequire()
#30 /opt/lampp/htdocs/wireless/vendor/livewire/livewire/src/Mechanisms/ExtendBlade/ExtendedCompilerEngine.php(22): Illuminate\\View\\Engines\\PhpEngine->evaluatePath()
#31 /opt/lampp/htdocs/wireless/vendor/laravel/framework/src/Illuminate/View/Engines/CompilerEngine.php(72): Livewire\\Mechanisms\\ExtendBlade\\ExtendedCompilerEngine->evaluatePath()
#32 /opt/lampp/htdocs/wireless/vendor/livewire/livewire/src/Mechanisms/ExtendBlade/ExtendedCompilerEngine.php(10): Illuminate\\View\\Engines\\CompilerEngine->get()
#33 /opt/lampp/htdocs/wireless/vendor/laravel/framework/src/Illuminate/View/View.php(207): Livewire\\Mechanisms\\ExtendBlade\\ExtendedCompilerEngine->get()
#34 /opt/lampp/htdocs/wireless/vendor/laravel/framework/src/Illuminate/View/View.php(190): Illuminate\\View\\View->getContents()
#35 /opt/lampp/htdocs/wireless/vendor/laravel/framework/src/Illuminate/View/View.php(159): Illuminate\\View\\View->renderContents()
#36 /opt/lampp/htdocs/wireless/vendor/laravel/framework/src/Illuminate/Http/Response.php(69): Illuminate\\View\\View->render()
#37 /opt/lampp/htdocs/wireless/vendor/laravel/framework/src/Illuminate/Http/Response.php(35): Illuminate\\Http\\Response->setContent()
#38 /opt/lampp/htdocs/wireless/vendor/laravel/framework/src/Illuminate/Routing/ResponseFactory.php(57): Illuminate\\Http\\Response->__construct()
#39 /opt/lampp/htdocs/wireless/vendor/laravel/framework/src/Illuminate/Routing/ResponseFactory.php(87): Illuminate\\Routing\\ResponseFactory->make()
#40 /opt/lampp/htdocs/wireless/vendor/laravel/framework/src/Illuminate/Foundation/Exceptions/Handler.php(723): Illuminate\\Routing\\ResponseFactory->view()
#41 /opt/lampp/htdocs/wireless/vendor/laravel/framework/src/Illuminate/Foundation/Exceptions/Handler.php(650): Illuminate\\Foundation\\Exceptions\\Handler->renderHttpException()
#42 /opt/lampp/htdocs/wireless/vendor/laravel/framework/src/Illuminate/Foundation/Exceptions/Handler.php(556): Illuminate\\Foundation\\Exceptions\\Handler->prepareResponse()
#43 /opt/lampp/htdocs/wireless/vendor/laravel/framework/src/Illuminate/Foundation/Exceptions/Handler.php(473): Illuminate\\Foundation\\Exceptions\\Handler->renderExceptionResponse()
#44 /opt/lampp/htdocs/wireless/vendor/laravel/framework/src/Illuminate/Routing/Pipeline.php(51): Illuminate\\Foundation\\Exceptions\\Handler->render()
#45 /opt/lampp/htdocs/wireless/vendor/laravel/framework/src/Illuminate/Pipeline/Pipeline.php(188): Illuminate\\Routing\\Pipeline->handleException()
#46 /opt/lampp/htdocs/wireless/vendor/laravel/framework/src/Illuminate/Pipeline/Pipeline.php(119): Illuminate\\Pipeline\\Pipeline->Illuminate\\Pipeline\\{closure}()
#47 /opt/lampp/htdocs/wireless/vendor/laravel/framework/src/Illuminate/Routing/Router.php(805): Illuminate\\Pipeline\\Pipeline->then()
#48 /opt/lampp/htdocs/wireless/vendor/laravel/framework/src/Illuminate/Routing/Router.php(784): Illuminate\\Routing\\Router->runRouteWithinStack()
#49 /opt/lampp/htdocs/wireless/vendor/laravel/framework/src/Illuminate/Routing/Router.php(748): Illuminate\\Routing\\Router->runRoute()
#50 /opt/lampp/htdocs/wireless/vendor/laravel/framework/src/Illuminate/Routing/Router.php(737): Illuminate\\Routing\\Router->dispatchToRoute()
#51 /opt/lampp/htdocs/wireless/vendor/laravel/framework/src/Illuminate/Foundation/Http/Kernel.php(200): Illuminate\\Routing\\Router->dispatch()
#52 /opt/lampp/htdocs/wireless/vendor/laravel/framework/src/Illuminate/Pipeline/Pipeline.php(144): Illuminate\\Foundation\\Http\\Kernel->Illuminate\\Foundation\\Http\\{closure}()
#53 /opt/lampp/htdocs/wireless/vendor/livewire/livewire/src/Features/SupportDisablingBackButtonCache/DisableBackButtonCacheMiddleware.php(19): Illuminate\\Pipeline\\Pipeline->Illuminate\\Pipeline\\{closure}()
#54 /opt/lampp/htdocs/wireless/vendor/laravel/framework/src/Illuminate/Pipeline/Pipeline.php(183): Livewire\\Features\\SupportDisablingBackButtonCache\\DisableBackButtonCacheMiddleware->handle()
#55 /opt/lampp/htdocs/wireless/vendor/laravel/framework/src/Illuminate/Foundation/Http/Middleware/TransformsRequest.php(21): Illuminate\\Pipeline\\Pipeline->Illuminate\\Pipeline\\{closure}()
#56 /opt/lampp/htdocs/wireless/vendor/laravel/framework/src/Illuminate/Foundation/Http/Middleware/ConvertEmptyStringsToNull.php(31): Illuminate\\Foundation\\Http\\Middleware\\TransformsRequest->handle()
#57 /opt/lampp/htdocs/wireless/vendor/laravel/framework/src/Illuminate/Pipeline/Pipeline.php(183): Illuminate\\Foundation\\Http\\Middleware\\ConvertEmptyStringsToNull->handle()
#58 /opt/lampp/htdocs/wireless/vendor/laravel/framework/src/Illuminate/Foundation/Http/Middleware/TransformsRequest.php(21): Illuminate\\Pipeline\\Pipeline->Illuminate\\Pipeline\\{closure}()
#59 /opt/lampp/htdocs/wireless/vendor/laravel/framework/src/Illuminate/Foundation/Http/Middleware/TrimStrings.php(40): Illuminate\\Foundation\\Http\\Middleware\\TransformsRequest->handle()
#60 /opt/lampp/htdocs/wireless/vendor/laravel/framework/src/Illuminate/Pipeline/Pipeline.php(183): Illuminate\\Foundation\\Http\\Middleware\\TrimStrings->handle()
#61 /opt/lampp/htdocs/wireless/vendor/laravel/framework/src/Illuminate/Foundation/Http/Middleware/ValidatePostSize.php(27): Illuminate\\Pipeline\\Pipeline->Illuminate\\Pipeline\\{closure}()
#62 /opt/lampp/htdocs/wireless/vendor/laravel/framework/src/Illuminate/Pipeline/Pipeline.php(183): Illuminate\\Foundation\\Http\\Middleware\\ValidatePostSize->handle()
#63 /opt/lampp/htdocs/wireless/vendor/laravel/framework/src/Illuminate/Foundation/Http/Middleware/PreventRequestsDuringMaintenance.php(99): Illuminate\\Pipeline\\Pipeline->Illuminate\\Pipeline\\{closure}()
#64 /opt/lampp/htdocs/wireless/vendor/laravel/framework/src/Illuminate/Pipeline/Pipeline.php(183): Illuminate\\Foundation\\Http\\Middleware\\PreventRequestsDuringMaintenance->handle()
#65 /opt/lampp/htdocs/wireless/vendor/laravel/framework/src/Illuminate/Http/Middleware/HandleCors.php(49): Illuminate\\Pipeline\\Pipeline->Illuminate\\Pipeline\\{closure}()
#66 /opt/lampp/htdocs/wireless/vendor/laravel/framework/src/Illuminate/Pipeline/Pipeline.php(183): Illuminate\\Http\\Middleware\\HandleCors->handle()
#67 /opt/lampp/htdocs/wireless/vendor/laravel/framework/src/Illuminate/Http/Middleware/TrustProxies.php(39): Illuminate\\Pipeline\\Pipeline->Illuminate\\Pipeline\\{closure}()
#68 /opt/lampp/htdocs/wireless/vendor/laravel/framework/src/Illuminate/Pipeline/Pipeline.php(183): Illuminate\\Http\\Middleware\\TrustProxies->handle()
#69 /opt/lampp/htdocs/wireless/vendor/laravel/framework/src/Illuminate/Pipeline/Pipeline.php(119): Illuminate\\Pipeline\\Pipeline->Illuminate\\Pipeline\\{closure}()
#70 /opt/lampp/htdocs/wireless/vendor/laravel/framework/src/Illuminate/Foundation/Http/Kernel.php(175): Illuminate\\Pipeline\\Pipeline->then()
#71 /opt/lampp/htdocs/wireless/vendor/laravel/framework/src/Illuminate/Foundation/Http/Kernel.php(144): Illuminate\\Foundation\\Http\\Kernel->sendRequestThroughRouter()
#72 /opt/lampp/htdocs/wireless/public/index.php(51): Illuminate\\Foundation\\Http\\Kernel->handle()
#73 /opt/lampp/htdocs/wireless/vendor/laravel/framework/src/Illuminate/Foundation/resources/server.php(16): require_once('...')
#74 {main}

[previous exception] [object] (PDOException(code: 42S02): SQLSTATE[42S02]: Base table or view not found: 1146 Table 'wireless.text_widgets' doesn't exist at /opt/lampp/htdocs/wireless/vendor/laravel/framework/src/Illuminate/Database/Connection.php:416)
[stacktrace]
#0 /opt/lampp/htdocs/wireless/vendor/laravel/framework/src/Illuminate/Database/Connection.php(416): PDO->prepare()
#1 /opt/lampp/htdocs/wireless/vendor/laravel/framework/src/Illuminate/Database/Connection.php(809): Illuminate\\Database\\Connection->Illuminate\\Database\\{closure}()
#2 /opt/lampp/htdocs/wireless/vendor/laravel/framework/src/Illuminate/Database/Connection.php(776): Illuminate\\Database\\Connection->runQueryCallback()
#3 /opt/lampp/htdocs/wireless/vendor/laravel/framework/src/Illuminate/Database/Connection.php(407): Illuminate\\Database\\Connection->run()
#4 /opt/lampp/htdocs/wireless/vendor/laravel/framework/src/Illuminate/Database/Query/Builder.php(2751): Illuminate\\Database\\Connection->select()
#5 /opt/lampp/htdocs/wireless/vendor/laravel/framework/src/Illuminate/Database/Query/Builder.php(2740): Illuminate\\Database\\Query\\Builder->runSelect()
#6 /opt/lampp/htdocs/wireless/vendor/laravel/framework/src/Illuminate/Database/Query/Builder.php(3294): Illuminate\\Database\\Query\\Builder->Illuminate\\Database\\Query\\{closure}()
#7 /opt/lampp/htdocs/wireless/vendor/laravel/framework/src/Illuminate/Database/Query/Builder.php(2739): Illuminate\\Database\\Query\\Builder->onceWithColumns()
#8 /opt/lampp/htdocs/wireless/vendor/laravel/framework/src/Illuminate/Database/Eloquent/Builder.php(737): Illuminate\\Database\\Query\\Builder->get()
#9 /opt/lampp/htdocs/wireless/vendor/laravel/framework/src/Illuminate/Database/Eloquent/Builder.php(721): Illuminate\\Database\\Eloquent\\Builder->getModels()
#10 /opt/lampp/htdocs/wireless/vendor/laravel/framework/src/Illuminate/Database/Concerns/BuildsQueries.php(333): Illuminate\\Database\\Eloquent\\Builder->get()
#11 /opt/lampp/htdocs/wireless/app/Models/TextWidget.php(35): Illuminate\\Database\\Eloquent\\Builder->first()
#12 /opt/lampp/htdocs/wireless/vendor/laravel/framework/src/Illuminate/Collections/helpers.php(224): App\\Models\\TextWidget::App\\Models\\{closure}()
#13 /opt/lampp/htdocs/wireless/vendor/laravel/framework/src/Illuminate/Cache/Repository.php(107): value()
#14 /opt/lampp/htdocs/wireless/vendor/laravel/framework/src/Illuminate/Cache/CacheManager.php(429): Illuminate\\Cache\\Repository->get()
#15 /opt/lampp/htdocs/wireless/vendor/laravel/framework/src/Illuminate/Support/Facades/Facade.php(355): Illuminate\\Cache\\CacheManager->__call()
#16 /opt/lampp/htdocs/wireless/app/Models/TextWidget.php(34): Illuminate\\Support\\Facades\\Facade::__callStatic()
#17 /opt/lampp/htdocs/wireless/storage/framework/views/4918ade9d894dbbdc113be650a0f2910.php(405): App\\Models\\TextWidget::getContent()
#18 /opt/lampp/htdocs/wireless/vendor/laravel/framework/src/Illuminate/Filesystem/Filesystem.php(124): require('...')
#19 /opt/lampp/htdocs/wireless/vendor/laravel/framework/src/Illuminate/Filesystem/Filesystem.php(125): Illuminate\\Filesystem\\Filesystem::Illuminate\\Filesystem\\{closure}()
#20 /opt/lampp/htdocs/wireless/vendor/laravel/framework/src/Illuminate/View/Engines/PhpEngine.php(58): Illuminate\\Filesystem\\Filesystem->getRequire()
#21 /opt/lampp/htdocs/wireless/vendor/livewire/livewire/src/Mechanisms/ExtendBlade/ExtendedCompilerEngine.php(22): Illuminate\\View\\Engines\\PhpEngine->evaluatePath()
#22 /opt/lampp/htdocs/wireless/vendor/laravel/framework/src/Illuminate/View/Engines/CompilerEngine.php(72): Livewire\\Mechanisms\\ExtendBlade\\ExtendedCompilerEngine->evaluatePath()
#23 /opt/lampp/htdocs/wireless/vendor/livewire/livewire/src/Mechanisms/ExtendBlade/ExtendedCompilerEngine.php(10): Illuminate\\View\\Engines\\CompilerEngine->get()
#24 /opt/lampp/htdocs/wireless/vendor/laravel/framework/src/Illuminate/View/View.php(207): Livewire\\Mechanisms\\ExtendBlade\\ExtendedCompilerEngine->get()
#25 /opt/lampp/htdocs/wireless/vendor/laravel/framework/src/Illuminate/View/View.php(190): Illuminate\\View\\View->getContents()
#26 /opt/lampp/htdocs/wireless/vendor/laravel/framework/src/Illuminate/View/View.php(159): Illuminate\\View\\View->renderContents()
#27 /opt/lampp/htdocs/wireless/vendor/laravel/framework/src/Illuminate/View/Concerns/ManagesComponents.php(99): Illuminate\\View\\View->render()
#28 /opt/lampp/htdocs/wireless/storage/framework/views/6c98e84b92353b4122cb1cc648a9d157.php(45): Illuminate\\View\\Factory->renderComponent()
#29 /opt/lampp/htdocs/wireless/vendor/laravel/framework/src/Illuminate/Filesystem/Filesystem.php(124): require('...')
#30 /opt/lampp/htdocs/wireless/vendor/laravel/framework/src/Illuminate/Filesystem/Filesystem.php(125): Illuminate\\Filesystem\\Filesystem::Illuminate\\Filesystem\\{closure}()
#31 /opt/lampp/htdocs/wireless/vendor/laravel/framework/src/Illuminate/View/Engines/PhpEngine.php(58): Illuminate\\Filesystem\\Filesystem->getRequire()
#32 /opt/lampp/htdocs/wireless/vendor/livewire/livewire/src/Mechanisms/ExtendBlade/ExtendedCompilerEngine.php(22): Illuminate\\View\\Engines\\PhpEngine->evaluatePath()
#33 /opt/lampp/htdocs/wireless/vendor/laravel/framework/src/Illuminate/View/Engines/CompilerEngine.php(72): Livewire\\Mechanisms\\ExtendBlade\\ExtendedCompilerEngine->evaluatePath()
#34 /opt/lampp/htdocs/wireless/vendor/livewire/livewire/src/Mechanisms/ExtendBlade/ExtendedCompilerEngine.php(10): Illuminate\\View\\Engines\\CompilerEngine->get()
#35 /opt/lampp/htdocs/wireless/vendor/laravel/framework/src/Illuminate/View/View.php(207): Livewire\\Mechanisms\\ExtendBlade\\ExtendedCompilerEngine->get()
#36 /opt/lampp/htdocs/wireless/vendor/laravel/framework/src/Illuminate/View/View.php(190): Illuminate\\View\\View->getContents()
#37 /opt/lampp/htdocs/wireless/vendor/laravel/framework/src/Illuminate/View/View.php(159): Illuminate\\View\\View->renderContents()
#38 /opt/lampp/htdocs/wireless/vendor/laravel/framework/src/Illuminate/Http/Response.php(69): Illuminate\\View\\View->render()
#39 /opt/lampp/htdocs/wireless/vendor/laravel/framework/src/Illuminate/Http/Response.php(35): Illuminate\\Http\\Response->setContent()
#40 /opt/lampp/htdocs/wireless/vendor/laravel/framework/src/Illuminate/Routing/ResponseFactory.php(57): Illuminate\\Http\\Response->__construct()
#41 /opt/lampp/htdocs/wireless/vendor/laravel/framework/src/Illuminate/Routing/ResponseFactory.php(87): Illuminate\\Routing\\ResponseFactory->make()
#42 /opt/lampp/htdocs/wireless/vendor/laravel/framework/src/Illuminate/Foundation/Exceptions/Handler.php(723): Illuminate\\Routing\\ResponseFactory->view()
#43 /opt/lampp/htdocs/wireless/vendor/laravel/framework/src/Illuminate/Foundation/Exceptions/Handler.php(650): Illuminate\\Foundation\\Exceptions\\Handler->renderHttpException()
#44 /opt/lampp/htdocs/wireless/vendor/laravel/framework/src/Illuminate/Foundation/Exceptions/Handler.php(556): Illuminate\\Foundation\\Exceptions\\Handler->prepareResponse()
#45 /opt/lampp/htdocs/wireless/vendor/laravel/framework/src/Illuminate/Foundation/Exceptions/Handler.php(473): Illuminate\\Foundation\\Exceptions\\Handler->renderExceptionResponse()
#46 /opt/lampp/htdocs/wireless/vendor/laravel/framework/src/Illuminate/Routing/Pipeline.php(51): Illuminate\\Foundation\\Exceptions\\Handler->render()
#47 /opt/lampp/htdocs/wireless/vendor/laravel/framework/src/Illuminate/Pipeline/Pipeline.php(188): Illuminate\\Routing\\Pipeline->handleException()
#48 /opt/lampp/htdocs/wireless/vendor/laravel/framework/src/Illuminate/Pipeline/Pipeline.php(119): Illuminate\\Pipeline\\Pipeline->Illuminate\\Pipeline\\{closure}()
#49 /opt/lampp/htdocs/wireless/vendor/laravel/framework/src/Illuminate/Routing/Router.php(805): Illuminate\\Pipeline\\Pipeline->then()
#50 /opt/lampp/htdocs/wireless/vendor/laravel/framework/src/Illuminate/Routing/Router.php(784): Illuminate\\Routing\\Router->runRouteWithinStack()
#51 /opt/lampp/htdocs/wireless/vendor/laravel/framework/src/Illuminate/Routing/Router.php(748): Illuminate\\Routing\\Router->runRoute()
#52 /opt/lampp/htdocs/wireless/vendor/laravel/framework/src/Illuminate/Routing/Router.php(737): Illuminate\\Routing\\Router->dispatchToRoute()
#53 /opt/lampp/htdocs/wireless/vendor/laravel/framework/src/Illuminate/Foundation/Http/Kernel.php(200): Illuminate\\Routing\\Router->dispatch()
#54 /opt/lampp/htdocs/wireless/vendor/laravel/framework/src/Illuminate/Pipeline/Pipeline.php(144): Illuminate\\Foundation\\Http\\Kernel->Illuminate\\Foundation\\Http\\{closure}()
#55 /opt/lampp/htdocs/wireless/vendor/livewire/livewire/src/Features/SupportDisablingBackButtonCache/DisableBackButtonCacheMiddleware.php(19): Illuminate\\Pipeline\\Pipeline->Illuminate\\Pipeline\\{closure}()
#56 /opt/lampp/htdocs/wireless/vendor/laravel/framework/src/Illuminate/Pipeline/Pipeline.php(183): Livewire\\Features\\SupportDisablingBackButtonCache\\DisableBackButtonCacheMiddleware->handle()
#57 /opt/lampp/htdocs/wireless/vendor/laravel/framework/src/Illuminate/Foundation/Http/Middleware/TransformsRequest.php(21): Illuminate\\Pipeline\\Pipeline->Illuminate\\Pipeline\\{closure}()
#58 /opt/lampp/htdocs/wireless/vendor/laravel/framework/src/Illuminate/Foundation/Http/Middleware/ConvertEmptyStringsToNull.php(31): Illuminate\\Foundation\\Http\\Middleware\\TransformsRequest->handle()
#59 /opt/lampp/htdocs/wireless/vendor/laravel/framework/src/Illuminate/Pipeline/Pipeline.php(183): Illuminate\\Foundation\\Http\\Middleware\\ConvertEmptyStringsToNull->handle()
#60 /opt/lampp/htdocs/wireless/vendor/laravel/framework/src/Illuminate/Foundation/Http/Middleware/TransformsRequest.php(21): Illuminate\\Pipeline\\Pipeline->Illuminate\\Pipeline\\{closure}()
#61 /opt/lampp/htdocs/wireless/vendor/laravel/framework/src/Illuminate/Foundation/Http/Middleware/TrimStrings.php(40): Illuminate\\Foundation\\Http\\Middleware\\TransformsRequest->handle()
#62 /opt/lampp/htdocs/wireless/vendor/laravel/framework/src/Illuminate/Pipeline/Pipeline.php(183): Illuminate\\Foundation\\Http\\Middleware\\TrimStrings->handle()
#63 /opt/lampp/htdocs/wireless/vendor/laravel/framework/src/Illuminate/Foundation/Http/Middleware/ValidatePostSize.php(27): Illuminate\\Pipeline\\Pipeline->Illuminate\\Pipeline\\{closure}()
#64 /opt/lampp/htdocs/wireless/vendor/laravel/framework/src/Illuminate/Pipeline/Pipeline.php(183): Illuminate\\Foundation\\Http\\Middleware\\ValidatePostSize->handle()
#65 /opt/lampp/htdocs/wireless/vendor/laravel/framework/src/Illuminate/Foundation/Http/Middleware/PreventRequestsDuringMaintenance.php(99): Illuminate\\Pipeline\\Pipeline->Illuminate\\Pipeline\\{closure}()
#66 /opt/lampp/htdocs/wireless/vendor/laravel/framework/src/Illuminate/Pipeline/Pipeline.php(183): Illuminate\\Foundation\\Http\\Middleware\\PreventRequestsDuringMaintenance->handle()
#67 /opt/lampp/htdocs/wireless/vendor/laravel/framework/src/Illuminate/Http/Middleware/HandleCors.php(49): Illuminate\\Pipeline\\Pipeline->Illuminate\\Pipeline\\{closure}()
#68 /opt/lampp/htdocs/wireless/vendor/laravel/framework/src/Illuminate/Pipeline/Pipeline.php(183): Illuminate\\Http\\Middleware\\HandleCors->handle()
#69 /opt/lampp/htdocs/wireless/vendor/laravel/framework/src/Illuminate/Http/Middleware/TrustProxies.php(39): Illuminate\\Pipeline\\Pipeline->Illuminate\\Pipeline\\{closure}()
#70 /opt/lampp/htdocs/wireless/vendor/laravel/framework/src/Illuminate/Pipeline/Pipeline.php(183): Illuminate\\Http\\Middleware\\TrustProxies->handle()
#71 /opt/lampp/htdocs/wireless/vendor/laravel/framework/src/Illuminate/Pipeline/Pipeline.php(119): Illuminate\\Pipeline\\Pipeline->Illuminate\\Pipeline\\{closure}()
#72 /opt/lampp/htdocs/wireless/vendor/laravel/framework/src/Illuminate/Foundation/Http/Kernel.php(175): Illuminate\\Pipeline\\Pipeline->then()
#73 /opt/lampp/htdocs/wireless/vendor/laravel/framework/src/Illuminate/Foundation/Http/Kernel.php(144): Illuminate\\Foundation\\Http\\Kernel->sendRequestThroughRouter()
#74 /opt/lampp/htdocs/wireless/public/index.php(51): Illuminate\\Foundation\\Http\\Kernel->handle()
#75 /opt/lampp/htdocs/wireless/vendor/laravel/framework/src/Illuminate/Foundation/resources/server.php(16): require_once('...')
#76 {main}
"} 
[2026-03-06 13:53:34] production.ERROR: SQLSTATE[42S22]: Column not found: 1054 Unknown column 'active' in 'where clause' (Connection: mysql, SQL: select * from `posts` where `active` = 1 and date(`published_at`) < 2026-03-06 order by `published_at` desc limit 1) {"exception":"[object] (Illuminate\\Database\\QueryException(code: 42S22): SQLSTATE[42S22]: Column not found: 1054 Unknown column 'active' in 'where clause' (Connection: mysql, SQL: select * from `posts` where `active` = 1 and date(`published_at`) < 2026-03-06 order by `published_at` desc limit 1) at /opt/lampp/htdocs/wireless/vendor/laravel/framework/src/Illuminate/Database/Connection.php:822)
[stacktrace]
#0 /opt/lampp/htdocs/wireless/vendor/laravel/framework/src/Illuminate/Database/Connection.php(776): Illuminate\\Database\\Connection->runQueryCallback()
#1 /opt/lampp/htdocs/wireless/vendor/laravel/framework/src/Illuminate/Database/Connection.php(407): Illuminate\\Database\\Connection->run()
#2 /opt/lampp/htdocs/wireless/vendor/laravel/framework/src/Illuminate/Database/Query/Builder.php(2751): Illuminate\\Database\\Connection->select()
#3 /opt/lampp/htdocs/wireless/vendor/laravel/framework/src/Illuminate/Database/Query/Builder.php(2740): Illuminate\\Database\\Query\\Builder->runSelect()
#4 /opt/lampp/htdocs/wireless/vendor/laravel/framework/src/Illuminate/Database/Query/Builder.php(3294): Illuminate\\Database\\Query\\Builder->Illuminate\\Database\\Query\\{closure}()
#5 /opt/lampp/htdocs/wireless/vendor/laravel/framework/src/Illuminate/Database/Query/Builder.php(2739): Illuminate\\Database\\Query\\Builder->onceWithColumns()
#6 /opt/lampp/htdocs/wireless/vendor/laravel/framework/src/Illuminate/Database/Eloquent/Builder.php(737): Illuminate\\Database\\Query\\Builder->get()
#7 /opt/lampp/htdocs/wireless/vendor/laravel/framework/src/Illuminate/Database/Eloquent/Builder.php(721): Illuminate\\Database\\Eloquent\\Builder->getModels()
#8 /opt/lampp/htdocs/wireless/vendor/laravel/framework/src/Illuminate/Database/Concerns/BuildsQueries.php(333): Illuminate\\Database\\Eloquent\\Builder->get()
#9 /opt/lampp/htdocs/wireless/app/Http/Controllers/PostController.php(28): Illuminate\\Database\\Eloquent\\Builder->first()
#10 /opt/lampp/htdocs/wireless/vendor/laravel/framework/src/Illuminate/Routing/Controller.php(54): App\\Http\\Controllers\\PostController->home()
#11 /opt/lampp/htdocs/wireless/vendor/laravel/framework/src/Illuminate/Routing/ControllerDispatcher.php(43): Illuminate\\Routing\\Controller->callAction()
#12 /opt/lampp/htdocs/wireless/vendor/laravel/framework/src/Illuminate/Routing/Route.php(259): Illuminate\\Routing\\ControllerDispatcher->dispatch()
#13 /opt/lampp/htdocs/wireless/vendor/laravel/framework/src/Illuminate/Routing/Route.php(205): Illuminate\\Routing\\Route->runController()
#14 /opt/lampp/htdocs/wireless/vendor/laravel/framework/src/Illuminate/Routing/Router.php(806): Illuminate\\Routing\\Route->run()
#15 /opt/lampp/htdocs/wireless/vendor/laravel/framework/src/Illuminate/Pipeline/Pipeline.php(144): Illuminate\\Routing\\Router->Illuminate\\Routing\\{closure}()
#16 /opt/lampp/htdocs/wireless/vendor/laravel/framework/src/Illuminate/Routing/Middleware/SubstituteBindings.php(50): Illuminate\\Pipeline\\Pipeline->Illuminate\\Pipeline\\{closure}()
#17 /opt/lampp/htdocs/wireless/vendor/laravel/framework/src/Illuminate/Pipeline/Pipeline.php(183): Illuminate\\Routing\\Middleware\\SubstituteBindings->handle()
#18 /opt/lampp/htdocs/wireless/vendor/laravel/framework/src/Illuminate/Foundation/Http/Middleware/VerifyCsrfToken.php(78): Illuminate\\Pipeline\\Pipeline->Illuminate\\Pipeline\\{closure}()
#19 /opt/lampp/htdocs/wireless/vendor/laravel/framework/src/Illuminate/Pipeline/Pipeline.php(183): Illuminate\\Foundation\\Http\\Middleware\\VerifyCsrfToken->handle()
#20 /opt/lampp/htdocs/wireless/vendor/laravel/framework/src/Illuminate/View/Middleware/ShareErrorsFromSession.php(49): Illuminate\\Pipeline\\Pipeline->Illuminate\\Pipeline\\{closure}()
#21 /opt/lampp/htdocs/wireless/vendor/laravel/framework/src/Illuminate/Pipeline/Pipeline.php(183): Illuminate\\View\\Middleware\\ShareErrorsFromSession->handle()
#22 /opt/lampp/htdocs/wireless/vendor/laravel/framework/src/Illuminate/Session/Middleware/StartSession.php(121): Illuminate\\Pipeline\\Pipeline->Illuminate\\Pipeline\\{closure}()
#23 /opt/lampp/htdocs/wireless/vendor/laravel/framework/src/Illuminate/Session/Middleware/StartSession.php(64): Illuminate\\Session\\Middleware\\StartSession->handleStatefulRequest()
#24 /opt/lampp/htdocs/wireless/vendor/laravel/framework/src/Illuminate/Pipeline/Pipeline.php(183): Illuminate\\Session\\Middleware\\StartSession->handle()
#25 /opt/lampp/htdocs/wireless/vendor/laravel/framework/src/Illuminate/Cookie/Middleware/AddQueuedCookiesToResponse.php(37): Illuminate\\Pipeline\\Pipeline->Illuminate\\Pipeline\\{closure}()
#26 /opt/lampp/htdocs/wireless/vendor/laravel/framework/src/Illuminate/Pipeline/Pipeline.php(183): Illuminate\\Cookie\\Middleware\\AddQueuedCookiesToResponse->handle()
#27 /opt/lampp/htdocs/wireless/vendor/laravel/framework/src/Illuminate/Cookie/Middleware/EncryptCookies.php(67): Illuminate\\Pipeline\\Pipeline->Illuminate\\Pipeline\\{closure}()
#28 /opt/lampp/htdocs/wireless/vendor/laravel/framework/src/Illuminate/Pipeline/Pipeline.php(183): Illuminate\\Cookie\\Middleware\\EncryptCookies->handle()
#29 /opt/lampp/htdocs/wireless/vendor/laravel/framework/src/Illuminate/Pipeline/Pipeline.php(119): Illuminate\\Pipeline\\Pipeline->Illuminate\\Pipeline\\{closure}()
#30 /opt/lampp/htdocs/wireless/vendor/laravel/framework/src/Illuminate/Routing/Router.php(805): Illuminate\\Pipeline\\Pipeline->then()
#31 /opt/lampp/htdocs/wireless/vendor/laravel/framework/src/Illuminate/Routing/Router.php(784): Illuminate\\Routing\\Router->runRouteWithinStack()
#32 /opt/lampp/htdocs/wireless/vendor/laravel/framework/src/Illuminate/Routing/Router.php(748): Illuminate\\Routing\\Router->runRoute()
#33 /opt/lampp/htdocs/wireless/vendor/laravel/framework/src/Illuminate/Routing/Router.php(737): Illuminate\\Routing\\Router->dispatchToRoute()
#34 /opt/lampp/htdocs/wireless/vendor/laravel/framework/src/Illuminate/Foundation/Http/Kernel.php(200): Illuminate\\Routing\\Router->dispatch()
#35 /opt/lampp/htdocs/wireless/vendor/laravel/framework/src/Illuminate/Pipeline/Pipeline.php(144): Illuminate\\Foundation\\Http\\Kernel->Illuminate\\Foundation\\Http\\{closure}()
#36 /opt/lampp/htdocs/wireless/vendor/livewire/livewire/src/Features/SupportDisablingBackButtonCache/DisableBackButtonCacheMiddleware.php(19): Illuminate\\Pipeline\\Pipeline->Illuminate\\Pipeline\\{closure}()
#37 /opt/lampp/htdocs/wireless/vendor/laravel/framework/src/Illuminate/Pipeline/Pipeline.php(183): Livewire\\Features\\SupportDisablingBackButtonCache\\DisableBackButtonCacheMiddleware->handle()
#38 /opt/lampp/htdocs/wireless/vendor/laravel/framework/src/Illuminate/Foundation/Http/Middleware/TransformsRequest.php(21): Illuminate\\Pipeline\\Pipeline->Illuminate\\Pipeline\\{closure}()
#39 /opt/lampp/htdocs/wireless/vendor/laravel/framework/src/Illuminate/Foundation/Http/Middleware/ConvertEmptyStringsToNull.php(31): Illuminate\\Foundation\\Http\\Middleware\\TransformsRequest->handle()
#40 /opt/lampp/htdocs/wireless/vendor/laravel/framework/src/Illuminate/Pipeline/Pipeline.php(183): Illuminate\\Foundation\\Http\\Middleware\\ConvertEmptyStringsToNull->handle()
#41 /opt/lampp/htdocs/wireless/vendor/laravel/framework/src/Illuminate/Foundation/Http/Middleware/TransformsRequest.php(21): Illuminate\\Pipeline\\Pipeline->Illuminate\\Pipeline\\{closure}()
#42 /opt/lampp/htdocs/wireless/vendor/laravel/framework/src/Illuminate/Foundation/Http/Middleware/TrimStrings.php(40): Illuminate\\Foundation\\Http\\Middleware\\TransformsRequest->handle()
#43 /opt/lampp/htdocs/wireless/vendor/laravel/framework/src/Illuminate/Pipeline/Pipeline.php(183): Illuminate\\Foundation\\Http\\Middleware\\TrimStrings->handle()
#44 /opt/lampp/htdocs/wireless/vendor/laravel/framework/src/Illuminate/Foundation/Http/Middleware/ValidatePostSize.php(27): Illuminate\\Pipeline\\Pipeline->Illuminate\\Pipeline\\{closure}()
#45 /opt/lampp/htdocs/wireless/vendor/laravel/framework/src/Illuminate/Pipeline/Pipeline.php(183): Illuminate\\Foundation\\Http\\Middleware\\ValidatePostSize->handle()
#46 /opt/lampp/htdocs/wireless/vendor/laravel/framework/src/Illuminate/Foundation/Http/Middleware/PreventRequestsDuringMaintenance.php(99): Illuminate\\Pipeline\\Pipeline->Illuminate\\Pipeline\\{closure}()
#47 /opt/lampp/htdocs/wireless/vendor/laravel/framework/src/Illuminate/Pipeline/Pipeline.php(183): Illuminate\\Foundation\\Http\\Middleware\\PreventRequestsDuringMaintenance->handle()
#48 /opt/lampp/htdocs/wireless/vendor/laravel/framework/src/Illuminate/Http/Middleware/HandleCors.php(49): Illuminate\\Pipeline\\Pipeline->Illuminate\\Pipeline\\{closure}()
#49 /opt/lampp/htdocs/wireless/vendor/laravel/framework/src/Illuminate/Pipeline/Pipeline.php(183): Illuminate\\Http\\Middleware\\HandleCors->handle()
#50 /opt/lampp/htdocs/wireless/vendor/laravel/framework/src/Illuminate/Http/Middleware/TrustProxies.php(39): Illuminate\\Pipeline\\Pipeline->Illuminate\\Pipeline\\{closure}()
#51 /opt/lampp/htdocs/wireless/vendor/laravel/framework/src/Illuminate/Pipeline/Pipeline.php(183): Illuminate\\Http\\Middleware\\TrustProxies->handle()
#52 /opt/lampp/htdocs/wireless/vendor/laravel/framework/src/Illuminate/Pipeline/Pipeline.php(119): Illuminate\\Pipeline\\Pipeline->Illuminate\\Pipeline\\{closure}()
#53 /opt/lampp/htdocs/wireless/vendor/laravel/framework/src/Illuminate/Foundation/Http/Kernel.php(175): Illuminate\\Pipeline\\Pipeline->then()
#54 /opt/lampp/htdocs/wireless/vendor/laravel/framework/src/Illuminate/Foundation/Http/Kernel.php(144): Illuminate\\Foundation\\Http\\Kernel->sendRequestThroughRouter()
#55 /opt/lampp/htdocs/wireless/public/index.php(51): Illuminate\\Foundation\\Http\\Kernel->handle()
#56 /opt/lampp/htdocs/wireless/vendor/laravel/framework/src/Illuminate/Foundation/resources/server.php(16): require_once('...')
#57 {main}

[previous exception] [object] (PDOException(code: 42S22): SQLSTATE[42S22]: Column not found: 1054 Unknown column 'active' in 'where clause' at /opt/lampp/htdocs/wireless/vendor/laravel/framework/src/Illuminate/Database/Connection.php:416)
[stacktrace]
#0 /opt/lampp/htdocs/wireless/vendor/laravel/framework/src/Illuminate/Database/Connection.php(416): PDO->prepare()
#1 /opt/lampp/htdocs/wireless/vendor/laravel/framework/src/Illuminate/Database/Connection.php(809): Illuminate\\Database\\Connection->Illuminate\\Database\\{closure}()
#2 /opt/lampp/htdocs/wireless/vendor/laravel/framework/src/Illuminate/Database/Connection.php(776): Illuminate\\Database\\Connection->runQueryCallback()
#3 /opt/lampp/htdocs/wireless/vendor/laravel/framework/src/Illuminate/Database/Connection.php(407): Illuminate\\Database\\Connection->run()
#4 /opt/lampp/htdocs/wireless/vendor/laravel/framework/src/Illuminate/Database/Query/Builder.php(2751): Illuminate\\Database\\Connection->select()
#5 /opt/lampp/htdocs/wireless/vendor/laravel/framework/src/Illuminate/Database/Query/Builder.php(2740): Illuminate\\Database\\Query\\Builder->runSelect()
#6 /opt/lampp/htdocs/wireless/vendor/laravel/framework/src/Illuminate/Database/Query/Builder.php(3294): Illuminate\\Database\\Query\\Builder->Illuminate\\Database\\Query\\{closure}()
#7 /opt/lampp/htdocs/wireless/vendor/laravel/framework/src/Illuminate/Database/Query/Builder.php(2739): Illuminate\\Database\\Query\\Builder->onceWithColumns()
#8 /opt/lampp/htdocs/wireless/vendor/laravel/framework/src/Illuminate/Database/Eloquent/Builder.php(737): Illuminate\\Database\\Query\\Builder->get()
#9 /opt/lampp/htdocs/wireless/vendor/laravel/framework/src/Illuminate/Database/Eloquent/Builder.php(721): Illuminate\\Database\\Eloquent\\Builder->getModels()
#10 /opt/lampp/htdocs/wireless/vendor/laravel/framework/src/Illuminate/Database/Concerns/BuildsQueries.php(333): Illuminate\\Database\\Eloquent\\Builder->get()
#11 /opt/lampp/htdocs/wireless/app/Http/Controllers/PostController.php(28): Illuminate\\Database\\Eloquent\\Builder->first()
#12 /opt/lampp/htdocs/wireless/vendor/laravel/framework/src/Illuminate/Routing/Controller.php(54): App\\Http\\Controllers\\PostController->home()
#13 /opt/lampp/htdocs/wireless/vendor/laravel/framework/src/Illuminate/Routing/ControllerDispatcher.php(43): Illuminate\\Routing\\Controller->callAction()
#14 /opt/lampp/htdocs/wireless/vendor/laravel/framework/src/Illuminate/Routing/Route.php(259): Illuminate\\Routing\\ControllerDispatcher->dispatch()
#15 /opt/lampp/htdocs/wireless/vendor/laravel/framework/src/Illuminate/Routing/Route.php(205): Illuminate\\Routing\\Route->runController()
#16 /opt/lampp/htdocs/wireless/vendor/laravel/framework/src/Illuminate/Routing/Router.php(806): Illuminate\\Routing\\Route->run()
#17 /opt/lampp/htdocs/wireless/vendor/laravel/framework/src/Illuminate/Pipeline/Pipeline.php(144): Illuminate\\Routing\\Router->Illuminate\\Routing\\{closure}()
#18 /opt/lampp/htdocs/wireless/vendor/laravel/framework/src/Illuminate/Routing/Middleware/SubstituteBindings.php(50): Illuminate\\Pipeline\\Pipeline->Illuminate\\Pipeline\\{closure}()
#19 /opt/lampp/htdocs/wireless/vendor/laravel/framework/src/Illuminate/Pipeline/Pipeline.php(183): Illuminate\\Routing\\Middleware\\SubstituteBindings->handle()
#20 /opt/lampp/htdocs/wireless/vendor/laravel/framework/src/Illuminate/Foundation/Http/Middleware/VerifyCsrfToken.php(78): Illuminate\\Pipeline\\Pipeline->Illuminate\\Pipeline\\{closure}()
#21 /opt/lampp/htdocs/wireless/vendor/laravel/framework/src/Illuminate/Pipeline/Pipeline.php(183): Illuminate\\Foundation\\Http\\Middleware\\VerifyCsrfToken->handle()
#22 /opt/lampp/htdocs/wireless/vendor/laravel/framework/src/Illuminate/View/Middleware/ShareErrorsFromSession.php(49): Illuminate\\Pipeline\\Pipeline->Illuminate\\Pipeline\\{closure}()
#23 /opt/lampp/htdocs/wireless/vendor/laravel/framework/src/Illuminate/Pipeline/Pipeline.php(183): Illuminate\\View\\Middleware\\ShareErrorsFromSession->handle()
#24 /opt/lampp/htdocs/wireless/vendor/laravel/framework/src/Illuminate/Session/Middleware/StartSession.php(121): Illuminate\\Pipeline\\Pipeline->Illuminate\\Pipeline\\{closure}()
#25 /opt/lampp/htdocs/wireless/vendor/laravel/framework/src/Illuminate/Session/Middleware/StartSession.php(64): Illuminate\\Session\\Middleware\\StartSession->handleStatefulRequest()
#26 /opt/lampp/htdocs/wireless/vendor/laravel/framework/src/Illuminate/Pipeline/Pipeline.php(183): Illuminate\\Session\\Middleware\\StartSession->handle()
#27 /opt/lampp/htdocs/wireless/vendor/laravel/framework/src/Illuminate/Cookie/Middleware/AddQueuedCookiesToResponse.php(37): Illuminate\\Pipeline\\Pipeline->Illuminate\\Pipeline\\{closure}()
#28 /opt/lampp/htdocs/wireless/vendor/laravel/framework/src/Illuminate/Pipeline/Pipeline.php(183): Illuminate\\Cookie\\Middleware\\AddQueuedCookiesToResponse->handle()
#29 /opt/lampp/htdocs/wireless/vendor/laravel/framework/src/Illuminate/Cookie/Middleware/EncryptCookies.php(67): Illuminate\\Pipeline\\Pipeline->Illuminate\\Pipeline\\{closure}()
#30 /opt/lampp/htdocs/wireless/vendor/laravel/framework/src/Illuminate/Pipeline/Pipeline.php(183): Illuminate\\Cookie\\Middleware\\EncryptCookies->handle()
#31 /opt/lampp/htdocs/wireless/vendor/laravel/framework/src/Illuminate/Pipeline/Pipeline.php(119): Illuminate\\Pipeline\\Pipeline->Illuminate\\Pipeline\\{closure}()
#32 /opt/lampp/htdocs/wireless/vendor/laravel/framework/src/Illuminate/Routing/Router.php(805): Illuminate\\Pipeline\\Pipeline->then()
#33 /opt/lampp/htdocs/wireless/vendor/laravel/framework/src/Illuminate/Routing/Router.php(784): Illuminate\\Routing\\Router->runRouteWithinStack()
#34 /opt/lampp/htdocs/wireless/vendor/laravel/framework/src/Illuminate/Routing/Router.php(748): Illuminate\\Routing\\Router->runRoute()
#35 /opt/lampp/htdocs/wireless/vendor/laravel/framework/src/Illuminate/Routing/Router.php(737): Illuminate\\Routing\\Router->dispatchToRoute()
#36 /opt/lampp/htdocs/wireless/vendor/laravel/framework/src/Illuminate/Foundation/Http/Kernel.php(200): Illuminate\\Routing\\Router->dispatch()
#37 /opt/lampp/htdocs/wireless/vendor/laravel/framework/src/Illuminate/Pipeline/Pipeline.php(144): Illuminate\\Foundation\\Http\\Kernel->Illuminate\\Foundation\\Http\\{closure}()
#38 /opt/lampp/htdocs/wireless/vendor/livewire/livewire/src/Features/SupportDisablingBackButtonCache/DisableBackButtonCacheMiddleware.php(19): Illuminate\\Pipeline\\Pipeline->Illuminate\\Pipeline\\{closure}()
#39 /opt/lampp/htdocs/wireless/vendor/laravel/framework/src/Illuminate/Pipeline/Pipeline.php(183): Livewire\\Features\\SupportDisablingBackButtonCache\\DisableBackButtonCacheMiddleware->handle()
#40 /opt/lampp/htdocs/wireless/vendor/laravel/framework/src/Illuminate/Foundation/Http/Middleware/TransformsRequest.php(21): Illuminate\\Pipeline\\Pipeline->Illuminate\\Pipeline\\{closure}()
#41 /opt/lampp/htdocs/wireless/vendor/laravel/framework/src/Illuminate/Foundation/Http/Middleware/ConvertEmptyStringsToNull.php(31): Illuminate\\Foundation\\Http\\Middleware\\TransformsRequest->handle()
#42 /opt/lampp/htdocs/wireless/vendor/laravel/framework/src/Illuminate/Pipeline/Pipeline.php(183): Illuminate\\Foundation\\Http\\Middleware\\ConvertEmptyStringsToNull->handle()
#43 /opt/lampp/htdocs/wireless/vendor/laravel/framework/src/Illuminate/Foundation/Http/Middleware/TransformsRequest.php(21): Illuminate\\Pipeline\\Pipeline->Illuminate\\Pipeline\\{closure}()
#44 /opt/lampp/htdocs/wireless/vendor/laravel/framework/src/Illuminate/Foundation/Http/Middleware/TrimStrings.php(40): Illuminate\\Foundation\\Http\\Middleware\\TransformsRequest->handle()
#45 /opt/lampp/htdocs/wireless/vendor/laravel/framework/src/Illuminate/Pipeline/Pipeline.php(183): Illuminate\\Foundation\\Http\\Middleware\\TrimStrings->handle()
#46 /opt/lampp/htdocs/wireless/vendor/laravel/framework/src/Illuminate/Foundation/Http/Middleware/ValidatePostSize.php(27): Illuminate\\Pipeline\\Pipeline->Illuminate\\Pipeline\\{closure}()
#47 /opt/lampp/htdocs/wireless/vendor/laravel/framework/src/Illuminate/Pipeline/Pipeline.php(183): Illuminate\\Foundation\\Http\\Middleware\\ValidatePostSize->handle()
#48 /opt/lampp/htdocs/wireless/vendor/laravel/framework/src/Illuminate/Foundation/Http/Middleware/PreventRequestsDuringMaintenance.php(99): Illuminate\\Pipeline\\Pipeline->Illuminate\\Pipeline\\{closure}()
#49 /opt/lampp/htdocs/wireless/vendor/laravel/framework/src/Illuminate/Pipeline/Pipeline.php(183): Illuminate\\Foundation\\Http\\Middleware\\PreventRequestsDuringMaintenance->handle()
#50 /opt/lampp/htdocs/wireless/vendor/laravel/framework/src/Illuminate/Http/Middleware/HandleCors.php(49): Illuminate\\Pipeline\\Pipeline->Illuminate\\Pipeline\\{closure}()
#51 /opt/lampp/htdocs/wireless/vendor/laravel/framework/src/Illuminate/Pipeline/Pipeline.php(183): Illuminate\\Http\\Middleware\\HandleCors->handle()
#52 /opt/lampp/htdocs/wireless/vendor/laravel/framework/src/Illuminate/Http/Middleware/TrustProxies.php(39): Illuminate\\Pipeline\\Pipeline->Illuminate\\Pipeline\\{closure}()
#53 /opt/lampp/htdocs/wireless/vendor/laravel/framework/src/Illuminate/Pipeline/Pipeline.php(183): Illuminate\\Http\\Middleware\\TrustProxies->handle()
#54 /opt/lampp/htdocs/wireless/vendor/laravel/framework/src/Illuminate/Pipeline/Pipeline.php(119): Illuminate\\Pipeline\\Pipeline->Illuminate\\Pipeline\\{closure}()
#55 /opt/lampp/htdocs/wireless/vendor/laravel/framework/src/Illuminate/Foundation/Http/Kernel.php(175): Illuminate\\Pipeline\\Pipeline->then()
#56 /opt/lampp/htdocs/wireless/vendor/laravel/framework/src/Illuminate/Foundation/Http/Kernel.php(144): Illuminate\\Foundation\\Http\\Kernel->sendRequestThroughRouter()
#57 /opt/lampp/htdocs/wireless/public/index.php(51): Illuminate\\Foundation\\Http\\Kernel->handle()
#58 /opt/lampp/htdocs/wireless/vendor/laravel/framework/src/Illuminate/Foundation/resources/server.php(16): require_once('...')
#59 {main}
"} 
[2026-03-06 13:53:35] production.ERROR: SQLSTATE[42S02]: Base table or view not found: 1146 Table 'wireless.text_widgets' doesn't exist (Connection: mysql, SQL: select * from `text_widgets` where `key` = about-us-sidebar limit 1) {"view":{"view":"/opt/lampp/htdocs/wireless/resources/views/layouts/app.blade.php","data":[]},"exception":"[object] (Spatie\\LaravelIgnition\\Exceptions\\ViewException(code: 0): SQLSTATE[42S02]: Base table or view not found: 1146 Table 'wireless.text_widgets' doesn't exist (Connection: mysql, SQL: select * from `text_widgets` where `key` = about-us-sidebar limit 1) at /opt/lampp/htdocs/wireless/vendor/laravel/framework/src/Illuminate/Database/Connection.php:822)
[stacktrace]
#0 /opt/lampp/htdocs/wireless/vendor/laravel/framework/src/Illuminate/Database/Connection.php(776): Illuminate\\Database\\Connection->runQueryCallback()
#1 /opt/lampp/htdocs/wireless/vendor/laravel/framework/src/Illuminate/Database/Connection.php(407): Illuminate\\Database\\Connection->run()
#2 /opt/lampp/htdocs/wireless/vendor/laravel/framework/src/Illuminate/Database/Query/Builder.php(2751): Illuminate\\Database\\Connection->select()
#3 /opt/lampp/htdocs/wireless/vendor/laravel/framework/src/Illuminate/Database/Query/Builder.php(2740): Illuminate\\Database\\Query\\Builder->runSelect()
#4 /opt/lampp/htdocs/wireless/vendor/laravel/framework/src/Illuminate/Database/Query/Builder.php(3294): Illuminate\\Database\\Query\\Builder->Illuminate\\Database\\Query\\{closure}()
#5 /opt/lampp/htdocs/wireless/vendor/laravel/framework/src/Illuminate/Database/Query/Builder.php(2739): Illuminate\\Database\\Query\\Builder->onceWithColumns()
#6 /opt/lampp/htdocs/wireless/vendor/laravel/framework/src/Illuminate/Database/Eloquent/Builder.php(737): Illuminate\\Database\\Query\\Builder->get()
#7 /opt/lampp/htdocs/wireless/vendor/laravel/framework/src/Illuminate/Database/Eloquent/Builder.php(721): Illuminate\\Database\\Eloquent\\Builder->getModels()
#8 /opt/lampp/htdocs/wireless/vendor/laravel/framework/src/Illuminate/Database/Concerns/BuildsQueries.php(333): Illuminate\\Database\\Eloquent\\Builder->get()
#9 /opt/lampp/htdocs/wireless/app/Models/TextWidget.php(35): Illuminate\\Database\\Eloquent\\Builder->first()
#10 /opt/lampp/htdocs/wireless/vendor/laravel/framework/src/Illuminate/Collections/helpers.php(224): App\\Models\\TextWidget::App\\Models\\{closure}()
#11 /opt/lampp/htdocs/wireless/vendor/laravel/framework/src/Illuminate/Cache/Repository.php(107): value()
#12 /opt/lampp/htdocs/wireless/vendor/laravel/framework/src/Illuminate/Cache/CacheManager.php(429): Illuminate\\Cache\\Repository->get()
#13 /opt/lampp/htdocs/wireless/vendor/laravel/framework/src/Illuminate/Support/Facades/Facade.php(355): Illuminate\\Cache\\CacheManager->__call()
#14 /opt/lampp/htdocs/wireless/app/Models/TextWidget.php(34): Illuminate\\Support\\Facades\\Facade::__callStatic()
#15 /opt/lampp/htdocs/wireless/resources/views/layouts/app.blade.php(291): App\\Models\\TextWidget::getContent()
#16 /opt/lampp/htdocs/wireless/vendor/laravel/framework/src/Illuminate/Filesystem/Filesystem.php(124): require('...')
#17 /opt/lampp/htdocs/wireless/vendor/laravel/framework/src/Illuminate/Filesystem/Filesystem.php(125): Illuminate\\Filesystem\\Filesystem::Illuminate\\Filesystem\\{closure}()
#18 /opt/lampp/htdocs/wireless/vendor/laravel/framework/src/Illuminate/View/Engines/PhpEngine.php(58): Illuminate\\Filesystem\\Filesystem->getRequire()
#19 /opt/lampp/htdocs/wireless/vendor/livewire/livewire/src/Mechanisms/ExtendBlade/ExtendedCompilerEngine.php(22): Illuminate\\View\\Engines\\PhpEngine->evaluatePath()
#20 /opt/lampp/htdocs/wireless/vendor/laravel/framework/src/Illuminate/View/Engines/CompilerEngine.php(72): Livewire\\Mechanisms\\ExtendBlade\\ExtendedCompilerEngine->evaluatePath()
#21 /opt/lampp/htdocs/wireless/vendor/livewire/livewire/src/Mechanisms/ExtendBlade/ExtendedCompilerEngine.php(10): Illuminate\\View\\Engines\\CompilerEngine->get()
#22 /opt/lampp/htdocs/wireless/vendor/laravel/framework/src/Illuminate/View/View.php(207): Livewire\\Mechanisms\\ExtendBlade\\ExtendedCompilerEngine->get()
#23 /opt/lampp/htdocs/wireless/vendor/laravel/framework/src/Illuminate/View/View.php(190): Illuminate\\View\\View->getContents()
#24 /opt/lampp/htdocs/wireless/vendor/laravel/framework/src/Illuminate/View/View.php(159): Illuminate\\View\\View->renderContents()
#25 /opt/lampp/htdocs/wireless/vendor/laravel/framework/src/Illuminate/View/Concerns/ManagesComponents.php(99): Illuminate\\View\\View->render()
#26 /opt/lampp/htdocs/wireless/resources/views/errors/404.blade.php(45): Illuminate\\View\\Factory->renderComponent()
#27 /opt/lampp/htdocs/wireless/vendor/laravel/framework/src/Illuminate/Filesystem/Filesystem.php(124): require('...')
#28 /opt/lampp/htdocs/wireless/vendor/laravel/framework/src/Illuminate/Filesystem/Filesystem.php(125): Illuminate\\Filesystem\\Filesystem::Illuminate\\Filesystem\\{closure}()
#29 /opt/lampp/htdocs/wireless/vendor/laravel/framework/src/Illuminate/View/Engines/PhpEngine.php(58): Illuminate\\Filesystem\\Filesystem->getRequire()
#30 /opt/lampp/htdocs/wireless/vendor/livewire/livewire/src/Mechanisms/ExtendBlade/ExtendedCompilerEngine.php(22): Illuminate\\View\\Engines\\PhpEngine->evaluatePath()
#31 /opt/lampp/htdocs/wireless/vendor/laravel/framework/src/Illuminate/View/Engines/CompilerEngine.php(72): Livewire\\Mechanisms\\ExtendBlade\\ExtendedCompilerEngine->evaluatePath()
#32 /opt/lampp/htdocs/wireless/vendor/livewire/livewire/src/Mechanisms/ExtendBlade/ExtendedCompilerEngine.php(10): Illuminate\\View\\Engines\\CompilerEngine->get()
#33 /opt/lampp/htdocs/wireless/vendor/laravel/framework/src/Illuminate/View/View.php(207): Livewire\\Mechanisms\\ExtendBlade\\ExtendedCompilerEngine->get()
#34 /opt/lampp/htdocs/wireless/vendor/laravel/framework/src/Illuminate/View/View.php(190): Illuminate\\View\\View->getContents()
#35 /opt/lampp/htdocs/wireless/vendor/laravel/framework/src/Illuminate/View/View.php(159): Illuminate\\View\\View->renderContents()
#36 /opt/lampp/htdocs/wireless/vendor/laravel/framework/src/Illuminate/Http/Response.php(69): Illuminate\\View\\View->render()
#37 /opt/lampp/htdocs/wireless/vendor/laravel/framework/src/Illuminate/Http/Response.php(35): Illuminate\\Http\\Response->setContent()
#38 /opt/lampp/htdocs/wireless/vendor/laravel/framework/src/Illuminate/Routing/ResponseFactory.php(57): Illuminate\\Http\\Response->__construct()
#39 /opt/lampp/htdocs/wireless/vendor/laravel/framework/src/Illuminate/Routing/ResponseFactory.php(87): Illuminate\\Routing\\ResponseFactory->make()
#40 /opt/lampp/htdocs/wireless/vendor/laravel/framework/src/Illuminate/Foundation/Exceptions/Handler.php(723): Illuminate\\Routing\\ResponseFactory->view()
#41 /opt/lampp/htdocs/wireless/vendor/laravel/framework/src/Illuminate/Foundation/Exceptions/Handler.php(650): Illuminate\\Foundation\\Exceptions\\Handler->renderHttpException()
#42 /opt/lampp/htdocs/wireless/vendor/laravel/framework/src/Illuminate/Foundation/Exceptions/Handler.php(556): Illuminate\\Foundation\\Exceptions\\Handler->prepareResponse()
#43 /opt/lampp/htdocs/wireless/vendor/laravel/framework/src/Illuminate/Foundation/Exceptions/Handler.php(473): Illuminate\\Foundation\\Exceptions\\Handler->renderExceptionResponse()
#44 /opt/lampp/htdocs/wireless/vendor/laravel/framework/src/Illuminate/Routing/Pipeline.php(51): Illuminate\\Foundation\\Exceptions\\Handler->render()
#45 /opt/lampp/htdocs/wireless/vendor/laravel/framework/src/Illuminate/Pipeline/Pipeline.php(188): Illuminate\\Routing\\Pipeline->handleException()
#46 /opt/lampp/htdocs/wireless/vendor/laravel/framework/src/Illuminate/Pipeline/Pipeline.php(119): Illuminate\\Pipeline\\Pipeline->Illuminate\\Pipeline\\{closure}()
#47 /opt/lampp/htdocs/wireless/vendor/laravel/framework/src/Illuminate/Routing/Router.php(805): Illuminate\\Pipeline\\Pipeline->then()
#48 /opt/lampp/htdocs/wireless/vendor/laravel/framework/src/Illuminate/Routing/Router.php(784): Illuminate\\Routing\\Router->runRouteWithinStack()
#49 /opt/lampp/htdocs/wireless/vendor/laravel/framework/src/Illuminate/Routing/Router.php(748): Illuminate\\Routing\\Router->runRoute()
#50 /opt/lampp/htdocs/wireless/vendor/laravel/framework/src/Illuminate/Routing/Router.php(737): Illuminate\\Routing\\Router->dispatchToRoute()
#51 /opt/lampp/htdocs/wireless/vendor/laravel/framework/src/Illuminate/Foundation/Http/Kernel.php(200): Illuminate\\Routing\\Router->dispatch()
#52 /opt/lampp/htdocs/wireless/vendor/laravel/framework/src/Illuminate/Pipeline/Pipeline.php(144): Illuminate\\Foundation\\Http\\Kernel->Illuminate\\Foundation\\Http\\{closure}()
#53 /opt/lampp/htdocs/wireless/vendor/livewire/livewire/src/Features/SupportDisablingBackButtonCache/DisableBackButtonCacheMiddleware.php(19): Illuminate\\Pipeline\\Pipeline->Illuminate\\Pipeline\\{closure}()
#54 /opt/lampp/htdocs/wireless/vendor/laravel/framework/src/Illuminate/Pipeline/Pipeline.php(183): Livewire\\Features\\SupportDisablingBackButtonCache\\DisableBackButtonCacheMiddleware->handle()
#55 /opt/lampp/htdocs/wireless/vendor/laravel/framework/src/Illuminate/Foundation/Http/Middleware/TransformsRequest.php(21): Illuminate\\Pipeline\\Pipeline->Illuminate\\Pipeline\\{closure}()
#56 /opt/lampp/htdocs/wireless/vendor/laravel/framework/src/Illuminate/Foundation/Http/Middleware/ConvertEmptyStringsToNull.php(31): Illuminate\\Foundation\\Http\\Middleware\\TransformsRequest->handle()
#57 /opt/lampp/htdocs/wireless/vendor/laravel/framework/src/Illuminate/Pipeline/Pipeline.php(183): Illuminate\\Foundation\\Http\\Middleware\\ConvertEmptyStringsToNull->handle()
#58 /opt/lampp/htdocs/wireless/vendor/laravel/framework/src/Illuminate/Foundation/Http/Middleware/TransformsRequest.php(21): Illuminate\\Pipeline\\Pipeline->Illuminate\\Pipeline\\{closure}()
#59 /opt/lampp/htdocs/wireless/vendor/laravel/framework/src/Illuminate/Foundation/Http/Middleware/TrimStrings.php(40): Illuminate\\Foundation\\Http\\Middleware\\TransformsRequest->handle()
#60 /opt/lampp/htdocs/wireless/vendor/laravel/framework/src/Illuminate/Pipeline/Pipeline.php(183): Illuminate\\Foundation\\Http\\Middleware\\TrimStrings->handle()
#61 /opt/lampp/htdocs/wireless/vendor/laravel/framework/src/Illuminate/Foundation/Http/Middleware/ValidatePostSize.php(27): Illuminate\\Pipeline\\Pipeline->Illuminate\\Pipeline\\{closure}()
#62 /opt/lampp/htdocs/wireless/vendor/laravel/framework/src/Illuminate/Pipeline/Pipeline.php(183): Illuminate\\Foundation\\Http\\Middleware\\ValidatePostSize->handle()
#63 /opt/lampp/htdocs/wireless/vendor/laravel/framework/src/Illuminate/Foundation/Http/Middleware/PreventRequestsDuringMaintenance.php(99): Illuminate\\Pipeline\\Pipeline->Illuminate\\Pipeline\\{closure}()
#64 /opt/lampp/htdocs/wireless/vendor/laravel/framework/src/Illuminate/Pipeline/Pipeline.php(183): Illuminate\\Foundation\\Http\\Middleware\\PreventRequestsDuringMaintenance->handle()
#65 /opt/lampp/htdocs/wireless/vendor/laravel/framework/src/Illuminate/Http/Middleware/HandleCors.php(49): Illuminate\\Pipeline\\Pipeline->Illuminate\\Pipeline\\{closure}()
#66 /opt/lampp/htdocs/wireless/vendor/laravel/framework/src/Illuminate/Pipeline/Pipeline.php(183): Illuminate\\Http\\Middleware\\HandleCors->handle()
#67 /opt/lampp/htdocs/wireless/vendor/laravel/framework/src/Illuminate/Http/Middleware/TrustProxies.php(39): Illuminate\\Pipeline\\Pipeline->Illuminate\\Pipeline\\{closure}()
#68 /opt/lampp/htdocs/wireless/vendor/laravel/framework/src/Illuminate/Pipeline/Pipeline.php(183): Illuminate\\Http\\Middleware\\TrustProxies->handle()
#69 /opt/lampp/htdocs/wireless/vendor/laravel/framework/src/Illuminate/Pipeline/Pipeline.php(119): Illuminate\\Pipeline\\Pipeline->Illuminate\\Pipeline\\{closure}()
#70 /opt/lampp/htdocs/wireless/vendor/laravel/framework/src/Illuminate/Foundation/Http/Kernel.php(175): Illuminate\\Pipeline\\Pipeline->then()
#71 /opt/lampp/htdocs/wireless/vendor/laravel/framework/src/Illuminate/Foundation/Http/Kernel.php(144): Illuminate\\Foundation\\Http\\Kernel->sendRequestThroughRouter()
#72 /opt/lampp/htdocs/wireless/public/index.php(51): Illuminate\\Foundation\\Http\\Kernel->handle()
#73 /opt/lampp/htdocs/wireless/vendor/laravel/framework/src/Illuminate/Foundation/resources/server.php(16): require_once('...')
#74 {main}

[previous exception] [object] (Illuminate\\Database\\QueryException(code: 42S02): SQLSTATE[42S02]: Base table or view not found: 1146 Table 'wireless.text_widgets' doesn't exist (Connection: mysql, SQL: select * from `text_widgets` where `key` = about-us-sidebar limit 1) at /opt/lampp/htdocs/wireless/vendor/laravel/framework/src/Illuminate/Database/Connection.php:822)
[stacktrace]
#0 /opt/lampp/htdocs/wireless/vendor/laravel/framework/src/Illuminate/Database/Connection.php(776): Illuminate\\Database\\Connection->runQueryCallback()
#1 /opt/lampp/htdocs/wireless/vendor/laravel/framework/src/Illuminate/Database/Connection.php(407): Illuminate\\Database\\Connection->run()
#2 /opt/lampp/htdocs/wireless/vendor/laravel/framework/src/Illuminate/Database/Query/Builder.php(2751): Illuminate\\Database\\Connection->select()
#3 /opt/lampp/htdocs/wireless/vendor/laravel/framework/src/Illuminate/Database/Query/Builder.php(2740): Illuminate\\Database\\Query\\Builder->runSelect()
#4 /opt/lampp/htdocs/wireless/vendor/laravel/framework/src/Illuminate/Database/Query/Builder.php(3294): Illuminate\\Database\\Query\\Builder->Illuminate\\Database\\Query\\{closure}()
#5 /opt/lampp/htdocs/wireless/vendor/laravel/framework/src/Illuminate/Database/Query/Builder.php(2739): Illuminate\\Database\\Query\\Builder->onceWithColumns()
#6 /opt/lampp/htdocs/wireless/vendor/laravel/framework/src/Illuminate/Database/Eloquent/Builder.php(737): Illuminate\\Database\\Query\\Builder->get()
#7 /opt/lampp/htdocs/wireless/vendor/laravel/framework/src/Illuminate/Database/Eloquent/Builder.php(721): Illuminate\\Database\\Eloquent\\Builder->getModels()
#8 /opt/lampp/htdocs/wireless/vendor/laravel/framework/src/Illuminate/Database/Concerns/BuildsQueries.php(333): Illuminate\\Database\\Eloquent\\Builder->get()
#9 /opt/lampp/htdocs/wireless/app/Models/TextWidget.php(35): Illuminate\\Database\\Eloquent\\Builder->first()
#10 /opt/lampp/htdocs/wireless/vendor/laravel/framework/src/Illuminate/Collections/helpers.php(224): App\\Models\\TextWidget::App\\Models\\{closure}()
#11 /opt/lampp/htdocs/wireless/vendor/laravel/framework/src/Illuminate/Cache/Repository.php(107): value()
#12 /opt/lampp/htdocs/wireless/vendor/laravel/framework/src/Illuminate/Cache/CacheManager.php(429): Illuminate\\Cache\\Repository->get()
#13 /opt/lampp/htdocs/wireless/vendor/laravel/framework/src/Illuminate/Support/Facades/Facade.php(355): Illuminate\\Cache\\CacheManager->__call()
#14 /opt/lampp/htdocs/wireless/app/Models/TextWidget.php(34): Illuminate\\Support\\Facades\\Facade::__callStatic()
#15 /opt/lampp/htdocs/wireless/storage/framework/views/4918ade9d894dbbdc113be650a0f2910.php(405): App\\Models\\TextWidget::getContent()
#16 /opt/lampp/htdocs/wireless/vendor/laravel/framework/src/Illuminate/Filesystem/Filesystem.php(124): require('...')
#17 /opt/lampp/htdocs/wireless/vendor/laravel/framework/src/Illuminate/Filesystem/Filesystem.php(125): Illuminate\\Filesystem\\Filesystem::Illuminate\\Filesystem\\{closure}()
#18 /opt/lampp/htdocs/wireless/vendor/laravel/framework/src/Illuminate/View/Engines/PhpEngine.php(58): Illuminate\\Filesystem\\Filesystem->getRequire()
#19 /opt/lampp/htdocs/wireless/vendor/livewire/livewire/src/Mechanisms/ExtendBlade/ExtendedCompilerEngine.php(22): Illuminate\\View\\Engines\\PhpEngine->evaluatePath()
#20 /opt/lampp/htdocs/wireless/vendor/laravel/framework/src/Illuminate/View/Engines/CompilerEngine.php(72): Livewire\\Mechanisms\\ExtendBlade\\ExtendedCompilerEngine->evaluatePath()
#21 /opt/lampp/htdocs/wireless/vendor/livewire/livewire/src/Mechanisms/ExtendBlade/ExtendedCompilerEngine.php(10): Illuminate\\View\\Engines\\CompilerEngine->get()
#22 /opt/lampp/htdocs/wireless/vendor/laravel/framework/src/Illuminate/View/View.php(207): Livewire\\Mechanisms\\ExtendBlade\\ExtendedCompilerEngine->get()
#23 /opt/lampp/htdocs/wireless/vendor/laravel/framework/src/Illuminate/View/View.php(190): Illuminate\\View\\View->getContents()
#24 /opt/lampp/htdocs/wireless/vendor/laravel/framework/src/Illuminate/View/View.php(159): Illuminate\\View\\View->renderContents()
#25 /opt/lampp/htdocs/wireless/vendor/laravel/framework/src/Illuminate/View/Concerns/ManagesComponents.php(99): Illuminate\\View\\View->render()
#26 /opt/lampp/htdocs/wireless/storage/framework/views/6c98e84b92353b4122cb1cc648a9d157.php(45): Illuminate\\View\\Factory->renderComponent()
#27 /opt/lampp/htdocs/wireless/vendor/laravel/framework/src/Illuminate/Filesystem/Filesystem.php(124): require('...')
#28 /opt/lampp/htdocs/wireless/vendor/laravel/framework/src/Illuminate/Filesystem/Filesystem.php(125): Illuminate\\Filesystem\\Filesystem::Illuminate\\Filesystem\\{closure}()
#29 /opt/lampp/htdocs/wireless/vendor/laravel/framework/src/Illuminate/View/Engines/PhpEngine.php(58): Illuminate\\Filesystem\\Filesystem->getRequire()
#30 /opt/lampp/htdocs/wireless/vendor/livewire/livewire/src/Mechanisms/ExtendBlade/ExtendedCompilerEngine.php(22): Illuminate\\View\\Engines\\PhpEngine->evaluatePath()
#31 /opt/lampp/htdocs/wireless/vendor/laravel/framework/src/Illuminate/View/Engines/CompilerEngine.php(72): Livewire\\Mechanisms\\ExtendBlade\\ExtendedCompilerEngine->evaluatePath()
#32 /opt/lampp/htdocs/wireless/vendor/livewire/livewire/src/Mechanisms/ExtendBlade/ExtendedCompilerEngine.php(10): Illuminate\\View\\Engines\\CompilerEngine->get()
#33 /opt/lampp/htdocs/wireless/vendor/laravel/framework/src/Illuminate/View/View.php(207): Livewire\\Mechanisms\\ExtendBlade\\ExtendedCompilerEngine->get()
#34 /opt/lampp/htdocs/wireless/vendor/laravel/framework/src/Illuminate/View/View.php(190): Illuminate\\View\\View->getContents()
#35 /opt/lampp/htdocs/wireless/vendor/laravel/framework/src/Illuminate/View/View.php(159): Illuminate\\View\\View->renderContents()
#36 /opt/lampp/htdocs/wireless/vendor/laravel/framework/src/Illuminate/Http/Response.php(69): Illuminate\\View\\View->render()
#37 /opt/lampp/htdocs/wireless/vendor/laravel/framework/src/Illuminate/Http/Response.php(35): Illuminate\\Http\\Response->setContent()
#38 /opt/lampp/htdocs/wireless/vendor/laravel/framework/src/Illuminate/Routing/ResponseFactory.php(57): Illuminate\\Http\\Response->__construct()
#39 /opt/lampp/htdocs/wireless/vendor/laravel/framework/src/Illuminate/Routing/ResponseFactory.php(87): Illuminate\\Routing\\ResponseFactory->make()
#40 /opt/lampp/htdocs/wireless/vendor/laravel/framework/src/Illuminate/Foundation/Exceptions/Handler.php(723): Illuminate\\Routing\\ResponseFactory->view()
#41 /opt/lampp/htdocs/wireless/vendor/laravel/framework/src/Illuminate/Foundation/Exceptions/Handler.php(650): Illuminate\\Foundation\\Exceptions\\Handler->renderHttpException()
#42 /opt/lampp/htdocs/wireless/vendor/laravel/framework/src/Illuminate/Foundation/Exceptions/Handler.php(556): Illuminate\\Foundation\\Exceptions\\Handler->prepareResponse()
#43 /opt/lampp/htdocs/wireless/vendor/laravel/framework/src/Illuminate/Foundation/Exceptions/Handler.php(473): Illuminate\\Foundation\\Exceptions\\Handler->renderExceptionResponse()
#44 /opt/lampp/htdocs/wireless/vendor/laravel/framework/src/Illuminate/Routing/Pipeline.php(51): Illuminate\\Foundation\\Exceptions\\Handler->render()
#45 /opt/lampp/htdocs/wireless/vendor/laravel/framework/src/Illuminate/Pipeline/Pipeline.php(188): Illuminate\\Routing\\Pipeline->handleException()
#46 /opt/lampp/htdocs/wireless/vendor/laravel/framework/src/Illuminate/Pipeline/Pipeline.php(119): Illuminate\\Pipeline\\Pipeline->Illuminate\\Pipeline\\{closure}()
#47 /opt/lampp/htdocs/wireless/vendor/laravel/framework/src/Illuminate/Routing/Router.php(805): Illuminate\\Pipeline\\Pipeline->then()
#48 /opt/lampp/htdocs/wireless/vendor/laravel/framework/src/Illuminate/Routing/Router.php(784): Illuminate\\Routing\\Router->runRouteWithinStack()
#49 /opt/lampp/htdocs/wireless/vendor/laravel/framework/src/Illuminate/Routing/Router.php(748): Illuminate\\Routing\\Router->runRoute()
#50 /opt/lampp/htdocs/wireless/vendor/laravel/framework/src/Illuminate/Routing/Router.php(737): Illuminate\\Routing\\Router->dispatchToRoute()
#51 /opt/lampp/htdocs/wireless/vendor/laravel/framework/src/Illuminate/Foundation/Http/Kernel.php(200): Illuminate\\Routing\\Router->dispatch()
#52 /opt/lampp/htdocs/wireless/vendor/laravel/framework/src/Illuminate/Pipeline/Pipeline.php(144): Illuminate\\Foundation\\Http\\Kernel->Illuminate\\Foundation\\Http\\{closure}()
#53 /opt/lampp/htdocs/wireless/vendor/livewire/livewire/src/Features/SupportDisablingBackButtonCache/DisableBackButtonCacheMiddleware.php(19): Illuminate\\Pipeline\\Pipeline->Illuminate\\Pipeline\\{closure}()
#54 /opt/lampp/htdocs/wireless/vendor/laravel/framework/src/Illuminate/Pipeline/Pipeline.php(183): Livewire\\Features\\SupportDisablingBackButtonCache\\DisableBackButtonCacheMiddleware->handle()
#55 /opt/lampp/htdocs/wireless/vendor/laravel/framework/src/Illuminate/Foundation/Http/Middleware/TransformsRequest.php(21): Illuminate\\Pipeline\\Pipeline->Illuminate\\Pipeline\\{closure}()
#56 /opt/lampp/htdocs/wireless/vendor/laravel/framework/src/Illuminate/Foundation/Http/Middleware/ConvertEmptyStringsToNull.php(31): Illuminate\\Foundation\\Http\\Middleware\\TransformsRequest->handle()
#57 /opt/lampp/htdocs/wireless/vendor/laravel/framework/src/Illuminate/Pipeline/Pipeline.php(183): Illuminate\\Foundation\\Http\\Middleware\\ConvertEmptyStringsToNull->handle()
#58 /opt/lampp/htdocs/wireless/vendor/laravel/framework/src/Illuminate/Foundation/Http/Middleware/TransformsRequest.php(21): Illuminate\\Pipeline\\Pipeline->Illuminate\\Pipeline\\{closure}()
#59 /opt/lampp/htdocs/wireless/vendor/laravel/framework/src/Illuminate/Foundation/Http/Middleware/TrimStrings.php(40): Illuminate\\Foundation\\Http\\Middleware\\TransformsRequest->handle()
#60 /opt/lampp/htdocs/wireless/vendor/laravel/framework/src/Illuminate/Pipeline/Pipeline.php(183): Illuminate\\Foundation\\Http\\Middleware\\TrimStrings->handle()
#61 /opt/lampp/htdocs/wireless/vendor/laravel/framework/src/Illuminate/Foundation/Http/Middleware/ValidatePostSize.php(27): Illuminate\\Pipeline\\Pipeline->Illuminate\\Pipeline\\{closure}()
#62 /opt/lampp/htdocs/wireless/vendor/laravel/framework/src/Illuminate/Pipeline/Pipeline.php(183): Illuminate\\Foundation\\Http\\Middleware\\ValidatePostSize->handle()
#63 /opt/lampp/htdocs/wireless/vendor/laravel/framework/src/Illuminate/Foundation/Http/Middleware/PreventRequestsDuringMaintenance.php(99): Illuminate\\Pipeline\\Pipeline->Illuminate\\Pipeline\\{closure}()
#64 /opt/lampp/htdocs/wireless/vendor/laravel/framework/src/Illuminate/Pipeline/Pipeline.php(183): Illuminate\\Foundation\\Http\\Middleware\\PreventRequestsDuringMaintenance->handle()
#65 /opt/lampp/htdocs/wireless/vendor/laravel/framework/src/Illuminate/Http/Middleware/HandleCors.php(49): Illuminate\\Pipeline\\Pipeline->Illuminate\\Pipeline\\{closure}()
#66 /opt/lampp/htdocs/wireless/vendor/laravel/framework/src/Illuminate/Pipeline/Pipeline.php(183): Illuminate\\Http\\Middleware\\HandleCors->handle()
#67 /opt/lampp/htdocs/wireless/vendor/laravel/framework/src/Illuminate/Http/Middleware/TrustProxies.php(39): Illuminate\\Pipeline\\Pipeline->Illuminate\\Pipeline\\{closure}()
#68 /opt/lampp/htdocs/wireless/vendor/laravel/framework/src/Illuminate/Pipeline/Pipeline.php(183): Illuminate\\Http\\Middleware\\TrustProxies->handle()
#69 /opt/lampp/htdocs/wireless/vendor/laravel/framework/src/Illuminate/Pipeline/Pipeline.php(119): Illuminate\\Pipeline\\Pipeline->Illuminate\\Pipeline\\{closure}()
#70 /opt/lampp/htdocs/wireless/vendor/laravel/framework/src/Illuminate/Foundation/Http/Kernel.php(175): Illuminate\\Pipeline\\Pipeline->then()
#71 /opt/lampp/htdocs/wireless/vendor/laravel/framework/src/Illuminate/Foundation/Http/Kernel.php(144): Illuminate\\Foundation\\Http\\Kernel->sendRequestThroughRouter()
#72 /opt/lampp/htdocs/wireless/public/index.php(51): Illuminate\\Foundation\\Http\\Kernel->handle()
#73 /opt/lampp/htdocs/wireless/vendor/laravel/framework/src/Illuminate/Foundation/resources/server.php(16): require_once('...')
#74 {main}

[previous exception] [object] (PDOException(code: 42S02): SQLSTATE[42S02]: Base table or view not found: 1146 Table 'wireless.text_widgets' doesn't exist at /opt/lampp/htdocs/wireless/vendor/laravel/framework/src/Illuminate/Database/Connection.php:416)
[stacktrace]
#0 /opt/lampp/htdocs/wireless/vendor/laravel/framework/src/Illuminate/Database/Connection.php(416): PDO->prepare()
#1 /opt/lampp/htdocs/wireless/vendor/laravel/framework/src/Illuminate/Database/Connection.php(809): Illuminate\\Database\\Connection->Illuminate\\Database\\{closure}()
#2 /opt/lampp/htdocs/wireless/vendor/laravel/framework/src/Illuminate/Database/Connection.php(776): Illuminate\\Database\\Connection->runQueryCallback()
#3 /opt/lampp/htdocs/wireless/vendor/laravel/framework/src/Illuminate/Database/Connection.php(407): Illuminate\\Database\\Connection->run()
#4 /opt/lampp/htdocs/wireless/vendor/laravel/framework/src/Illuminate/Database/Query/Builder.php(2751): Illuminate\\Database\\Connection->select()
#5 /opt/lampp/htdocs/wireless/vendor/laravel/framework/src/Illuminate/Database/Query/Builder.php(2740): Illuminate\\Database\\Query\\Builder->runSelect()
#6 /opt/lampp/htdocs/wireless/vendor/laravel/framework/src/Illuminate/Database/Query/Builder.php(3294): Illuminate\\Database\\Query\\Builder->Illuminate\\Database\\Query\\{closure}()
#7 /opt/lampp/htdocs/wireless/vendor/laravel/framework/src/Illuminate/Database/Query/Builder.php(2739): Illuminate\\Database\\Query\\Builder->onceWithColumns()
#8 /opt/lampp/htdocs/wireless/vendor/laravel/framework/src/Illuminate/Database/Eloquent/Builder.php(737): Illuminate\\Database\\Query\\Builder->get()
#9 /opt/lampp/htdocs/wireless/vendor/laravel/framework/src/Illuminate/Database/Eloquent/Builder.php(721): Illuminate\\Database\\Eloquent\\Builder->getModels()
#10 /opt/lampp/htdocs/wireless/vendor/laravel/framework/src/Illuminate/Database/Concerns/BuildsQueries.php(333): Illuminate\\Database\\Eloquent\\Builder->get()
#11 /opt/lampp/htdocs/wireless/app/Models/TextWidget.php(35): Illuminate\\Database\\Eloquent\\Builder->first()
#12 /opt/lampp/htdocs/wireless/vendor/laravel/framework/src/Illuminate/Collections/helpers.php(224): App\\Models\\TextWidget::App\\Models\\{closure}()
#13 /opt/lampp/htdocs/wireless/vendor/laravel/framework/src/Illuminate/Cache/Repository.php(107): value()
#14 /opt/lampp/htdocs/wireless/vendor/laravel/framework/src/Illuminate/Cache/CacheManager.php(429): Illuminate\\Cache\\Repository->get()
#15 /opt/lampp/htdocs/wireless/vendor/laravel/framework/src/Illuminate/Support/Facades/Facade.php(355): Illuminate\\Cache\\CacheManager->__call()
#16 /opt/lampp/htdocs/wireless/app/Models/TextWidget.php(34): Illuminate\\Support\\Facades\\Facade::__callStatic()
#17 /opt/lampp/htdocs/wireless/storage/framework/views/4918ade9d894dbbdc113be650a0f2910.php(405): App\\Models\\TextWidget::getContent()
#18 /opt/lampp/htdocs/wireless/vendor/laravel/framework/src/Illuminate/Filesystem/Filesystem.php(124): require('...')
#19 /opt/lampp/htdocs/wireless/vendor/laravel/framework/src/Illuminate/Filesystem/Filesystem.php(125): Illuminate\\Filesystem\\Filesystem::Illuminate\\Filesystem\\{closure}()
#20 /opt/lampp/htdocs/wireless/vendor/laravel/framework/src/Illuminate/View/Engines/PhpEngine.php(58): Illuminate\\Filesystem\\Filesystem->getRequire()
#21 /opt/lampp/htdocs/wireless/vendor/livewire/livewire/src/Mechanisms/ExtendBlade/ExtendedCompilerEngine.php(22): Illuminate\\View\\Engines\\PhpEngine->evaluatePath()
#22 /opt/lampp/htdocs/wireless/vendor/laravel/framework/src/Illuminate/View/Engines/CompilerEngine.php(72): Livewire\\Mechanisms\\ExtendBlade\\ExtendedCompilerEngine->evaluatePath()
#23 /opt/lampp/htdocs/wireless/vendor/livewire/livewire/src/Mechanisms/ExtendBlade/ExtendedCompilerEngine.php(10): Illuminate\\View\\Engines\\CompilerEngine->get()
#24 /opt/lampp/htdocs/wireless/vendor/laravel/framework/src/Illuminate/View/View.php(207): Livewire\\Mechanisms\\ExtendBlade\\ExtendedCompilerEngine->get()
#25 /opt/lampp/htdocs/wireless/vendor/laravel/framework/src/Illuminate/View/View.php(190): Illuminate\\View\\View->getContents()
#26 /opt/lampp/htdocs/wireless/vendor/laravel/framework/src/Illuminate/View/View.php(159): Illuminate\\View\\View->renderContents()
#27 /opt/lampp/htdocs/wireless/vendor/laravel/framework/src/Illuminate/View/Concerns/ManagesComponents.php(99): Illuminate\\View\\View->render()
#28 /opt/lampp/htdocs/wireless/storage/framework/views/6c98e84b92353b4122cb1cc648a9d157.php(45): Illuminate\\View\\Factory->renderComponent()
#29 /opt/lampp/htdocs/wireless/vendor/laravel/framework/src/Illuminate/Filesystem/Filesystem.php(124): require('...')
#30 /opt/lampp/htdocs/wireless/vendor/laravel/framework/src/Illuminate/Filesystem/Filesystem.php(125): Illuminate\\Filesystem\\Filesystem::Illuminate\\Filesystem\\{closure}()
#31 /opt/lampp/htdocs/wireless/vendor/laravel/framework/src/Illuminate/View/Engines/PhpEngine.php(58): Illuminate\\Filesystem\\Filesystem->getRequire()
#32 /opt/lampp/htdocs/wireless/vendor/livewire/livewire/src/Mechanisms/ExtendBlade/ExtendedCompilerEngine.php(22): Illuminate\\View\\Engines\\PhpEngine->evaluatePath()
#33 /opt/lampp/htdocs/wireless/vendor/laravel/framework/src/Illuminate/View/Engines/CompilerEngine.php(72): Livewire\\Mechanisms\\ExtendBlade\\ExtendedCompilerEngine->evaluatePath()
#34 /opt/lampp/htdocs/wireless/vendor/livewire/livewire/src/Mechanisms/ExtendBlade/ExtendedCompilerEngine.php(10): Illuminate\\View\\Engines\\CompilerEngine->get()
#35 /opt/lampp/htdocs/wireless/vendor/laravel/framework/src/Illuminate/View/View.php(207): Livewire\\Mechanisms\\ExtendBlade\\ExtendedCompilerEngine->get()
#36 /opt/lampp/htdocs/wireless/vendor/laravel/framework/src/Illuminate/View/View.php(190): Illuminate\\View\\View->getContents()
#37 /opt/lampp/htdocs/wireless/vendor/laravel/framework/src/Illuminate/View/View.php(159): Illuminate\\View\\View->renderContents()
#38 /opt/lampp/htdocs/wireless/vendor/laravel/framework/src/Illuminate/Http/Response.php(69): Illuminate\\View\\View->render()
#39 /opt/lampp/htdocs/wireless/vendor/laravel/framework/src/Illuminate/Http/Response.php(35): Illuminate\\Http\\Response->setContent()
#40 /opt/lampp/htdocs/wireless/vendor/laravel/framework/src/Illuminate/Routing/ResponseFactory.php(57): Illuminate\\Http\\Response->__construct()
#41 /opt/lampp/htdocs/wireless/vendor/laravel/framework/src/Illuminate/Routing/ResponseFactory.php(87): Illuminate\\Routing\\ResponseFactory->make()
#42 /opt/lampp/htdocs/wireless/vendor/laravel/framework/src/Illuminate/Foundation/Exceptions/Handler.php(723): Illuminate\\Routing\\ResponseFactory->view()
#43 /opt/lampp/htdocs/wireless/vendor/laravel/framework/src/Illuminate/Foundation/Exceptions/Handler.php(650): Illuminate\\Foundation\\Exceptions\\Handler->renderHttpException()
#44 /opt/lampp/htdocs/wireless/vendor/laravel/framework/src/Illuminate/Foundation/Exceptions/Handler.php(556): Illuminate\\Foundation\\Exceptions\\Handler->prepareResponse()
#45 /opt/lampp/htdocs/wireless/vendor/laravel/framework/src/Illuminate/Foundation/Exceptions/Handler.php(473): Illuminate\\Foundation\\Exceptions\\Handler->renderExceptionResponse()
#46 /opt/lampp/htdocs/wireless/vendor/laravel/framework/src/Illuminate/Routing/Pipeline.php(51): Illuminate\\Foundation\\Exceptions\\Handler->render()
#47 /opt/lampp/htdocs/wireless/vendor/laravel/framework/src/Illuminate/Pipeline/Pipeline.php(188): Illuminate\\Routing\\Pipeline->handleException()
#48 /opt/lampp/htdocs/wireless/vendor/laravel/framework/src/Illuminate/Pipeline/Pipeline.php(119): Illuminate\\Pipeline\\Pipeline->Illuminate\\Pipeline\\{closure}()
#49 /opt/lampp/htdocs/wireless/vendor/laravel/framework/src/Illuminate/Routing/Router.php(805): Illuminate\\Pipeline\\Pipeline->then()
#50 /opt/lampp/htdocs/wireless/vendor/laravel/framework/src/Illuminate/Routing/Router.php(784): Illuminate\\Routing\\Router->runRouteWithinStack()
#51 /opt/lampp/htdocs/wireless/vendor/laravel/framework/src/Illuminate/Routing/Router.php(748): Illuminate\\Routing\\Router->runRoute()
#52 /opt/lampp/htdocs/wireless/vendor/laravel/framework/src/Illuminate/Routing/Router.php(737): Illuminate\\Routing\\Router->dispatchToRoute()
#53 /opt/lampp/htdocs/wireless/vendor/laravel/framework/src/Illuminate/Foundation/Http/Kernel.php(200): Illuminate\\Routing\\Router->dispatch()
#54 /opt/lampp/htdocs/wireless/vendor/laravel/framework/src/Illuminate/Pipeline/Pipeline.php(144): Illuminate\\Foundation\\Http\\Kernel->Illuminate\\Foundation\\Http\\{closure}()
#55 /opt/lampp/htdocs/wireless/vendor/livewire/livewire/src/Features/SupportDisablingBackButtonCache/DisableBackButtonCacheMiddleware.php(19): Illuminate\\Pipeline\\Pipeline->Illuminate\\Pipeline\\{closure}()
#56 /opt/lampp/htdocs/wireless/vendor/laravel/framework/src/Illuminate/Pipeline/Pipeline.php(183): Livewire\\Features\\SupportDisablingBackButtonCache\\DisableBackButtonCacheMiddleware->handle()
#57 /opt/lampp/htdocs/wireless/vendor/laravel/framework/src/Illuminate/Foundation/Http/Middleware/TransformsRequest.php(21): Illuminate\\Pipeline\\Pipeline->Illuminate\\Pipeline\\{closure}()
#58 /opt/lampp/htdocs/wireless/vendor/laravel/framework/src/Illuminate/Foundation/Http/Middleware/ConvertEmptyStringsToNull.php(31): Illuminate\\Foundation\\Http\\Middleware\\TransformsRequest->handle()
#59 /opt/lampp/htdocs/wireless/vendor/laravel/framework/src/Illuminate/Pipeline/Pipeline.php(183): Illuminate\\Foundation\\Http\\Middleware\\ConvertEmptyStringsToNull->handle()
#60 /opt/lampp/htdocs/wireless/vendor/laravel/framework/src/Illuminate/Foundation/Http/Middleware/TransformsRequest.php(21): Illuminate\\Pipeline\\Pipeline->Illuminate\\Pipeline\\{closure}()
#61 /opt/lampp/htdocs/wireless/vendor/laravel/framework/src/Illuminate/Foundation/Http/Middleware/TrimStrings.php(40): Illuminate\\Foundation\\Http\\Middleware\\TransformsRequest->handle()
#62 /opt/lampp/htdocs/wireless/vendor/laravel/framework/src/Illuminate/Pipeline/Pipeline.php(183): Illuminate\\Foundation\\Http\\Middleware\\TrimStrings->handle()
#63 /opt/lampp/htdocs/wireless/vendor/laravel/framework/src/Illuminate/Foundation/Http/Middleware/ValidatePostSize.php(27): Illuminate\\Pipeline\\Pipeline->Illuminate\\Pipeline\\{closure}()
#64 /opt/lampp/htdocs/wireless/vendor/laravel/framework/src/Illuminate/Pipeline/Pipeline.php(183): Illuminate\\Foundation\\Http\\Middleware\\ValidatePostSize->handle()
#65 /opt/lampp/htdocs/wireless/vendor/laravel/framework/src/Illuminate/Foundation/Http/Middleware/PreventRequestsDuringMaintenance.php(99): Illuminate\\Pipeline\\Pipeline->Illuminate\\Pipeline\\{closure}()
#66 /opt/lampp/htdocs/wireless/vendor/laravel/framework/src/Illuminate/Pipeline/Pipeline.php(183): Illuminate\\Foundation\\Http\\Middleware\\PreventRequestsDuringMaintenance->handle()
#67 /opt/lampp/htdocs/wireless/vendor/laravel/framework/src/Illuminate/Http/Middleware/HandleCors.php(49): Illuminate\\Pipeline\\Pipeline->Illuminate\\Pipeline\\{closure}()
#68 /opt/lampp/htdocs/wireless/vendor/laravel/framework/src/Illuminate/Pipeline/Pipeline.php(183): Illuminate\\Http\\Middleware\\HandleCors->handle()
#69 /opt/lampp/htdocs/wireless/vendor/laravel/framework/src/Illuminate/Http/Middleware/TrustProxies.php(39): Illuminate\\Pipeline\\Pipeline->Illuminate\\Pipeline\\{closure}()
#70 /opt/lampp/htdocs/wireless/vendor/laravel/framework/src/Illuminate/Pipeline/Pipeline.php(183): Illuminate\\Http\\Middleware\\TrustProxies->handle()
#71 /opt/lampp/htdocs/wireless/vendor/laravel/framework/src/Illuminate/Pipeline/Pipeline.php(119): Illuminate\\Pipeline\\Pipeline->Illuminate\\Pipeline\\{closure}()
#72 /opt/lampp/htdocs/wireless/vendor/laravel/framework/src/Illuminate/Foundation/Http/Kernel.php(175): Illuminate\\Pipeline\\Pipeline->then()
#73 /opt/lampp/htdocs/wireless/vendor/laravel/framework/src/Illuminate/Foundation/Http/Kernel.php(144): Illuminate\\Foundation\\Http\\Kernel->sendRequestThroughRouter()
#74 /opt/lampp/htdocs/wireless/public/index.php(51): Illuminate\\Foundation\\Http\\Kernel->handle()
#75 /opt/lampp/htdocs/wireless/vendor/laravel/framework/src/Illuminate/Foundation/resources/server.php(16): require_once('...')
#76 {main}
"} 
[2026-03-06 13:54:18] production.ERROR: SQLSTATE[42S22]: Column not found: 1054 Unknown column 'active' in 'where clause' (Connection: mysql, SQL: select * from `posts` where `active` = 1 and date(`published_at`) < 2026-03-06 order by `published_at` desc limit 1) {"exception":"[object] (Illuminate\\Database\\QueryException(code: 42S22): SQLSTATE[42S22]: Column not found: 1054 Unknown column 'active' in 'where clause' (Connection: mysql, SQL: select * from `posts` where `active` = 1 and date(`published_at`) < 2026-03-06 order by `published_at` desc limit 1) at /opt/lampp/htdocs/wireless/vendor/laravel/framework/src/Illuminate/Database/Connection.php:822)
[stacktrace]
#0 /opt/lampp/htdocs/wireless/vendor/laravel/framework/src/Illuminate/Database/Connection.php(776): Illuminate\\Database\\Connection->runQueryCallback()
#1 /opt/lampp/htdocs/wireless/vendor/laravel/framework/src/Illuminate/Database/Connection.php(407): Illuminate\\Database\\Connection->run()
#2 /opt/lampp/htdocs/wireless/vendor/laravel/framework/src/Illuminate/Database/Query/Builder.php(2751): Illuminate\\Database\\Connection->select()
#3 /opt/lampp/htdocs/wireless/vendor/laravel/framework/src/Illuminate/Database/Query/Builder.php(2740): Illuminate\\Database\\Query\\Builder->runSelect()
#4 /opt/lampp/htdocs/wireless/vendor/laravel/framework/src/Illuminate/Database/Query/Builder.php(3294): Illuminate\\Database\\Query\\Builder->Illuminate\\Database\\Query\\{closure}()
#5 /opt/lampp/htdocs/wireless/vendor/laravel/framework/src/Illuminate/Database/Query/Builder.php(2739): Illuminate\\Database\\Query\\Builder->onceWithColumns()
#6 /opt/lampp/htdocs/wireless/vendor/laravel/framework/src/Illuminate/Database/Eloquent/Builder.php(737): Illuminate\\Database\\Query\\Builder->get()
#7 /opt/lampp/htdocs/wireless/vendor/laravel/framework/src/Illuminate/Database/Eloquent/Builder.php(721): Illuminate\\Database\\Eloquent\\Builder->getModels()
#8 /opt/lampp/htdocs/wireless/vendor/laravel/framework/src/Illuminate/Database/Concerns/BuildsQueries.php(333): Illuminate\\Database\\Eloquent\\Builder->get()
#9 /opt/lampp/htdocs/wireless/app/Http/Controllers/PostController.php(28): Illuminate\\Database\\Eloquent\\Builder->first()
#10 /opt/lampp/htdocs/wireless/vendor/laravel/framework/src/Illuminate/Routing/Controller.php(54): App\\Http\\Controllers\\PostController->home()
#11 /opt/lampp/htdocs/wireless/vendor/laravel/framework/src/Illuminate/Routing/ControllerDispatcher.php(43): Illuminate\\Routing\\Controller->callAction()
#12 /opt/lampp/htdocs/wireless/vendor/laravel/framework/src/Illuminate/Routing/Route.php(259): Illuminate\\Routing\\ControllerDispatcher->dispatch()
#13 /opt/lampp/htdocs/wireless/vendor/laravel/framework/src/Illuminate/Routing/Route.php(205): Illuminate\\Routing\\Route->runController()
#14 /opt/lampp/htdocs/wireless/vendor/laravel/framework/src/Illuminate/Routing/Router.php(806): Illuminate\\Routing\\Route->run()
#15 /opt/lampp/htdocs/wireless/vendor/laravel/framework/src/Illuminate/Pipeline/Pipeline.php(144): Illuminate\\Routing\\Router->Illuminate\\Routing\\{closure}()
#16 /opt/lampp/htdocs/wireless/vendor/laravel/framework/src/Illuminate/Routing/Middleware/SubstituteBindings.php(50): Illuminate\\Pipeline\\Pipeline->Illuminate\\Pipeline\\{closure}()
#17 /opt/lampp/htdocs/wireless/vendor/laravel/framework/src/Illuminate/Pipeline/Pipeline.php(183): Illuminate\\Routing\\Middleware\\SubstituteBindings->handle()
#18 /opt/lampp/htdocs/wireless/vendor/laravel/framework/src/Illuminate/Foundation/Http/Middleware/VerifyCsrfToken.php(78): Illuminate\\Pipeline\\Pipeline->Illuminate\\Pipeline\\{closure}()
#19 /opt/lampp/htdocs/wireless/vendor/laravel/framework/src/Illuminate/Pipeline/Pipeline.php(183): Illuminate\\Foundation\\Http\\Middleware\\VerifyCsrfToken->handle()
#20 /opt/lampp/htdocs/wireless/vendor/laravel/framework/src/Illuminate/View/Middleware/ShareErrorsFromSession.php(49): Illuminate\\Pipeline\\Pipeline->Illuminate\\Pipeline\\{closure}()
#21 /opt/lampp/htdocs/wireless/vendor/laravel/framework/src/Illuminate/Pipeline/Pipeline.php(183): Illuminate\\View\\Middleware\\ShareErrorsFromSession->handle()
#22 /opt/lampp/htdocs/wireless/vendor/laravel/framework/src/Illuminate/Session/Middleware/StartSession.php(121): Illuminate\\Pipeline\\Pipeline->Illuminate\\Pipeline\\{closure}()
#23 /opt/lampp/htdocs/wireless/vendor/laravel/framework/src/Illuminate/Session/Middleware/StartSession.php(64): Illuminate\\Session\\Middleware\\StartSession->handleStatefulRequest()
#24 /opt/lampp/htdocs/wireless/vendor/laravel/framework/src/Illuminate/Pipeline/Pipeline.php(183): Illuminate\\Session\\Middleware\\StartSession->handle()
#25 /opt/lampp/htdocs/wireless/vendor/laravel/framework/src/Illuminate/Cookie/Middleware/AddQueuedCookiesToResponse.php(37): Illuminate\\Pipeline\\Pipeline->Illuminate\\Pipeline\\{closure}()
#26 /opt/lampp/htdocs/wireless/vendor/laravel/framework/src/Illuminate/Pipeline/Pipeline.php(183): Illuminate\\Cookie\\Middleware\\AddQueuedCookiesToResponse->handle()
#27 /opt/lampp/htdocs/wireless/vendor/laravel/framework/src/Illuminate/Cookie/Middleware/EncryptCookies.php(67): Illuminate\\Pipeline\\Pipeline->Illuminate\\Pipeline\\{closure}()
#28 /opt/lampp/htdocs/wireless/vendor/laravel/framework/src/Illuminate/Pipeline/Pipeline.php(183): Illuminate\\Cookie\\Middleware\\EncryptCookies->handle()
#29 /opt/lampp/htdocs/wireless/vendor/laravel/framework/src/Illuminate/Pipeline/Pipeline.php(119): Illuminate\\Pipeline\\Pipeline->Illuminate\\Pipeline\\{closure}()
#30 /opt/lampp/htdocs/wireless/vendor/laravel/framework/src/Illuminate/Routing/Router.php(805): Illuminate\\Pipeline\\Pipeline->then()
#31 /opt/lampp/htdocs/wireless/vendor/laravel/framework/src/Illuminate/Routing/Router.php(784): Illuminate\\Routing\\Router->runRouteWithinStack()
#32 /opt/lampp/htdocs/wireless/vendor/laravel/framework/src/Illuminate/Routing/Router.php(748): Illuminate\\Routing\\Router->runRoute()
#33 /opt/lampp/htdocs/wireless/vendor/laravel/framework/src/Illuminate/Routing/Router.php(737): Illuminate\\Routing\\Router->dispatchToRoute()
#34 /opt/lampp/htdocs/wireless/vendor/laravel/framework/src/Illuminate/Foundation/Http/Kernel.php(200): Illuminate\\Routing\\Router->dispatch()
#35 /opt/lampp/htdocs/wireless/vendor/laravel/framework/src/Illuminate/Pipeline/Pipeline.php(144): Illuminate\\Foundation\\Http\\Kernel->Illuminate\\Foundation\\Http\\{closure}()
#36 /opt/lampp/htdocs/wireless/vendor/livewire/livewire/src/Features/SupportDisablingBackButtonCache/DisableBackButtonCacheMiddleware.php(19): Illuminate\\Pipeline\\Pipeline->Illuminate\\Pipeline\\{closure}()
#37 /opt/lampp/htdocs/wireless/vendor/laravel/framework/src/Illuminate/Pipeline/Pipeline.php(183): Livewire\\Features\\SupportDisablingBackButtonCache\\DisableBackButtonCacheMiddleware->handle()
#38 /opt/lampp/htdocs/wireless/vendor/laravel/framework/src/Illuminate/Foundation/Http/Middleware/TransformsRequest.php(21): Illuminate\\Pipeline\\Pipeline->Illuminate\\Pipeline\\{closure}()
#39 /opt/lampp/htdocs/wireless/vendor/laravel/framework/src/Illuminate/Foundation/Http/Middleware/ConvertEmptyStringsToNull.php(31): Illuminate\\Foundation\\Http\\Middleware\\TransformsRequest->handle()
#40 /opt/lampp/htdocs/wireless/vendor/laravel/framework/src/Illuminate/Pipeline/Pipeline.php(183): Illuminate\\Foundation\\Http\\Middleware\\ConvertEmptyStringsToNull->handle()
#41 /opt/lampp/htdocs/wireless/vendor/laravel/framework/src/Illuminate/Foundation/Http/Middleware/TransformsRequest.php(21): Illuminate\\Pipeline\\Pipeline->Illuminate\\Pipeline\\{closure}()
#42 /opt/lampp/htdocs/wireless/vendor/laravel/framework/src/Illuminate/Foundation/Http/Middleware/TrimStrings.php(40): Illuminate\\Foundation\\Http\\Middleware\\TransformsRequest->handle()
#43 /opt/lampp/htdocs/wireless/vendor/laravel/framework/src/Illuminate/Pipeline/Pipeline.php(183): Illuminate\\Foundation\\Http\\Middleware\\TrimStrings->handle()
#44 /opt/lampp/htdocs/wireless/vendor/laravel/framework/src/Illuminate/Foundation/Http/Middleware/ValidatePostSize.php(27): Illuminate\\Pipeline\\Pipeline->Illuminate\\Pipeline\\{closure}()
#45 /opt/lampp/htdocs/wireless/vendor/laravel/framework/src/Illuminate/Pipeline/Pipeline.php(183): Illuminate\\Foundation\\Http\\Middleware\\ValidatePostSize->handle()
#46 /opt/lampp/htdocs/wireless/vendor/laravel/framework/src/Illuminate/Foundation/Http/Middleware/PreventRequestsDuringMaintenance.php(99): Illuminate\\Pipeline\\Pipeline->Illuminate\\Pipeline\\{closure}()
#47 /opt/lampp/htdocs/wireless/vendor/laravel/framework/src/Illuminate/Pipeline/Pipeline.php(183): Illuminate\\Foundation\\Http\\Middleware\\PreventRequestsDuringMaintenance->handle()
#48 /opt/lampp/htdocs/wireless/vendor/laravel/framework/src/Illuminate/Http/Middleware/HandleCors.php(49): Illuminate\\Pipeline\\Pipeline->Illuminate\\Pipeline\\{closure}()
#49 /opt/lampp/htdocs/wireless/vendor/laravel/framework/src/Illuminate/Pipeline/Pipeline.php(183): Illuminate\\Http\\Middleware\\HandleCors->handle()
#50 /opt/lampp/htdocs/wireless/vendor/laravel/framework/src/Illuminate/Http/Middleware/TrustProxies.php(39): Illuminate\\Pipeline\\Pipeline->Illuminate\\Pipeline\\{closure}()
#51 /opt/lampp/htdocs/wireless/vendor/laravel/framework/src/Illuminate/Pipeline/Pipeline.php(183): Illuminate\\Http\\Middleware\\TrustProxies->handle()
#52 /opt/lampp/htdocs/wireless/vendor/laravel/framework/src/Illuminate/Pipeline/Pipeline.php(119): Illuminate\\Pipeline\\Pipeline->Illuminate\\Pipeline\\{closure}()
#53 /opt/lampp/htdocs/wireless/vendor/laravel/framework/src/Illuminate/Foundation/Http/Kernel.php(175): Illuminate\\Pipeline\\Pipeline->then()
#54 /opt/lampp/htdocs/wireless/vendor/laravel/framework/src/Illuminate/Foundation/Http/Kernel.php(144): Illuminate\\Foundation\\Http\\Kernel->sendRequestThroughRouter()
#55 /opt/lampp/htdocs/wireless/public/index.php(51): Illuminate\\Foundation\\Http\\Kernel->handle()
#56 /opt/lampp/htdocs/wireless/vendor/laravel/framework/src/Illuminate/Foundation/resources/server.php(16): require_once('...')
#57 {main}

[previous exception] [object] (PDOException(code: 42S22): SQLSTATE[42S22]: Column not found: 1054 Unknown column 'active' in 'where clause' at /opt/lampp/htdocs/wireless/vendor/laravel/framework/src/Illuminate/Database/Connection.php:416)
[stacktrace]
#0 /opt/lampp/htdocs/wireless/vendor/laravel/framework/src/Illuminate/Database/Connection.php(416): PDO->prepare()
#1 /opt/lampp/htdocs/wireless/vendor/laravel/framework/src/Illuminate/Database/Connection.php(809): Illuminate\\Database\\Connection->Illuminate\\Database\\{closure}()
#2 /opt/lampp/htdocs/wireless/vendor/laravel/framework/src/Illuminate/Database/Connection.php(776): Illuminate\\Database\\Connection->runQueryCallback()
#3 /opt/lampp/htdocs/wireless/vendor/laravel/framework/src/Illuminate/Database/Connection.php(407): Illuminate\\Database\\Connection->run()
#4 /opt/lampp/htdocs/wireless/vendor/laravel/framework/src/Illuminate/Database/Query/Builder.php(2751): Illuminate\\Database\\Connection->select()
#5 /opt/lampp/htdocs/wireless/vendor/laravel/framework/src/Illuminate/Database/Query/Builder.php(2740): Illuminate\\Database\\Query\\Builder->runSelect()
#6 /opt/lampp/htdocs/wireless/vendor/laravel/framework/src/Illuminate/Database/Query/Builder.php(3294): Illuminate\\Database\\Query\\Builder->Illuminate\\Database\\Query\\{closure}()
#7 /opt/lampp/htdocs/wireless/vendor/laravel/framework/src/Illuminate/Database/Query/Builder.php(2739): Illuminate\\Database\\Query\\Builder->onceWithColumns()
#8 /opt/lampp/htdocs/wireless/vendor/laravel/framework/src/Illuminate/Database/Eloquent/Builder.php(737): Illuminate\\Database\\Query\\Builder->get()
#9 /opt/lampp/htdocs/wireless/vendor/laravel/framework/src/Illuminate/Database/Eloquent/Builder.php(721): Illuminate\\Database\\Eloquent\\Builder->getModels()
#10 /opt/lampp/htdocs/wireless/vendor/laravel/framework/src/Illuminate/Database/Concerns/BuildsQueries.php(333): Illuminate\\Database\\Eloquent\\Builder->get()
#11 /opt/lampp/htdocs/wireless/app/Http/Controllers/PostController.php(28): Illuminate\\Database\\Eloquent\\Builder->first()
#12 /opt/lampp/htdocs/wireless/vendor/laravel/framework/src/Illuminate/Routing/Controller.php(54): App\\Http\\Controllers\\PostController->home()
#13 /opt/lampp/htdocs/wireless/vendor/laravel/framework/src/Illuminate/Routing/ControllerDispatcher.php(43): Illuminate\\Routing\\Controller->callAction()
#14 /opt/lampp/htdocs/wireless/vendor/laravel/framework/src/Illuminate/Routing/Route.php(259): Illuminate\\Routing\\ControllerDispatcher->dispatch()
#15 /opt/lampp/htdocs/wireless/vendor/laravel/framework/src/Illuminate/Routing/Route.php(205): Illuminate\\Routing\\Route->runController()
#16 /opt/lampp/htdocs/wireless/vendor/laravel/framework/src/Illuminate/Routing/Router.php(806): Illuminate\\Routing\\Route->run()
#17 /opt/lampp/htdocs/wireless/vendor/laravel/framework/src/Illuminate/Pipeline/Pipeline.php(144): Illuminate\\Routing\\Router->Illuminate\\Routing\\{closure}()
#18 /opt/lampp/htdocs/wireless/vendor/laravel/framework/src/Illuminate/Routing/Middleware/SubstituteBindings.php(50): Illuminate\\Pipeline\\Pipeline->Illuminate\\Pipeline\\{closure}()
#19 /opt/lampp/htdocs/wireless/vendor/laravel/framework/src/Illuminate/Pipeline/Pipeline.php(183): Illuminate\\Routing\\Middleware\\SubstituteBindings->handle()
#20 /opt/lampp/htdocs/wireless/vendor/laravel/framework/src/Illuminate/Foundation/Http/Middleware/VerifyCsrfToken.php(78): Illuminate\\Pipeline\\Pipeline->Illuminate\\Pipeline\\{closure}()
#21 /opt/lampp/htdocs/wireless/vendor/laravel/framework/src/Illuminate/Pipeline/Pipeline.php(183): Illuminate\\Foundation\\Http\\Middleware\\VerifyCsrfToken->handle()
#22 /opt/lampp/htdocs/wireless/vendor/laravel/framework/src/Illuminate/View/Middleware/ShareErrorsFromSession.php(49): Illuminate\\Pipeline\\Pipeline->Illuminate\\Pipeline\\{closure}()
#23 /opt/lampp/htdocs/wireless/vendor/laravel/framework/src/Illuminate/Pipeline/Pipeline.php(183): Illuminate\\View\\Middleware\\ShareErrorsFromSession->handle()
#24 /opt/lampp/htdocs/wireless/vendor/laravel/framework/src/Illuminate/Session/Middleware/StartSession.php(121): Illuminate\\Pipeline\\Pipeline->Illuminate\\Pipeline\\{closure}()
#25 /opt/lampp/htdocs/wireless/vendor/laravel/framework/src/Illuminate/Session/Middleware/StartSession.php(64): Illuminate\\Session\\Middleware\\StartSession->handleStatefulRequest()
#26 /opt/lampp/htdocs/wireless/vendor/laravel/framework/src/Illuminate/Pipeline/Pipeline.php(183): Illuminate\\Session\\Middleware\\StartSession->handle()
#27 /opt/lampp/htdocs/wireless/vendor/laravel/framework/src/Illuminate/Cookie/Middleware/AddQueuedCookiesToResponse.php(37): Illuminate\\Pipeline\\Pipeline->Illuminate\\Pipeline\\{closure}()
#28 /opt/lampp/htdocs/wireless/vendor/laravel/framework/src/Illuminate/Pipeline/Pipeline.php(183): Illuminate\\Cookie\\Middleware\\AddQueuedCookiesToResponse->handle()
#29 /opt/lampp/htdocs/wireless/vendor/laravel/framework/src/Illuminate/Cookie/Middleware/EncryptCookies.php(67): Illuminate\\Pipeline\\Pipeline->Illuminate\\Pipeline\\{closure}()
#30 /opt/lampp/htdocs/wireless/vendor/laravel/framework/src/Illuminate/Pipeline/Pipeline.php(183): Illuminate\\Cookie\\Middleware\\EncryptCookies->handle()
#31 /opt/lampp/htdocs/wireless/vendor/laravel/framework/src/Illuminate/Pipeline/Pipeline.php(119): Illuminate\\Pipeline\\Pipeline->Illuminate\\Pipeline\\{closure}()
#32 /opt/lampp/htdocs/wireless/vendor/laravel/framework/src/Illuminate/Routing/Router.php(805): Illuminate\\Pipeline\\Pipeline->then()
#33 /opt/lampp/htdocs/wireless/vendor/laravel/framework/src/Illuminate/Routing/Router.php(784): Illuminate\\Routing\\Router->runRouteWithinStack()
#34 /opt/lampp/htdocs/wireless/vendor/laravel/framework/src/Illuminate/Routing/Router.php(748): Illuminate\\Routing\\Router->runRoute()
#35 /opt/lampp/htdocs/wireless/vendor/laravel/framework/src/Illuminate/Routing/Router.php(737): Illuminate\\Routing\\Router->dispatchToRoute()
#36 /opt/lampp/htdocs/wireless/vendor/laravel/framework/src/Illuminate/Foundation/Http/Kernel.php(200): Illuminate\\Routing\\Router->dispatch()
#37 /opt/lampp/htdocs/wireless/vendor/laravel/framework/src/Illuminate/Pipeline/Pipeline.php(144): Illuminate\\Foundation\\Http\\Kernel->Illuminate\\Foundation\\Http\\{closure}()
#38 /opt/lampp/htdocs/wireless/vendor/livewire/livewire/src/Features/SupportDisablingBackButtonCache/DisableBackButtonCacheMiddleware.php(19): Illuminate\\Pipeline\\Pipeline->Illuminate\\Pipeline\\{closure}()
#39 /opt/lampp/htdocs/wireless/vendor/laravel/framework/src/Illuminate/Pipeline/Pipeline.php(183): Livewire\\Features\\SupportDisablingBackButtonCache\\DisableBackButtonCacheMiddleware->handle()
#40 /opt/lampp/htdocs/wireless/vendor/laravel/framework/src/Illuminate/Foundation/Http/Middleware/TransformsRequest.php(21): Illuminate\\Pipeline\\Pipeline->Illuminate\\Pipeline\\{closure}()
#41 /opt/lampp/htdocs/wireless/vendor/laravel/framework/src/Illuminate/Foundation/Http/Middleware/ConvertEmptyStringsToNull.php(31): Illuminate\\Foundation\\Http\\Middleware\\TransformsRequest->handle()
#42 /opt/lampp/htdocs/wireless/vendor/laravel/framework/src/Illuminate/Pipeline/Pipeline.php(183): Illuminate\\Foundation\\Http\\Middleware\\ConvertEmptyStringsToNull->handle()
#43 /opt/lampp/htdocs/wireless/vendor/laravel/framework/src/Illuminate/Foundation/Http/Middleware/TransformsRequest.php(21): Illuminate\\Pipeline\\Pipeline->Illuminate\\Pipeline\\{closure}()
#44 /opt/lampp/htdocs/wireless/vendor/laravel/framework/src/Illuminate/Foundation/Http/Middleware/TrimStrings.php(40): Illuminate\\Foundation\\Http\\Middleware\\TransformsRequest->handle()
#45 /opt/lampp/htdocs/wireless/vendor/laravel/framework/src/Illuminate/Pipeline/Pipeline.php(183): Illuminate\\Foundation\\Http\\Middleware\\TrimStrings->handle()
#46 /opt/lampp/htdocs/wireless/vendor/laravel/framework/src/Illuminate/Foundation/Http/Middleware/ValidatePostSize.php(27): Illuminate\\Pipeline\\Pipeline->Illuminate\\Pipeline\\{closure}()
#47 /opt/lampp/htdocs/wireless/vendor/laravel/framework/src/Illuminate/Pipeline/Pipeline.php(183): Illuminate\\Foundation\\Http\\Middleware\\ValidatePostSize->handle()
#48 /opt/lampp/htdocs/wireless/vendor/laravel/framework/src/Illuminate/Foundation/Http/Middleware/PreventRequestsDuringMaintenance.php(99): Illuminate\\Pipeline\\Pipeline->Illuminate\\Pipeline\\{closure}()
#49 /opt/lampp/htdocs/wireless/vendor/laravel/framework/src/Illuminate/Pipeline/Pipeline.php(183): Illuminate\\Foundation\\Http\\Middleware\\PreventRequestsDuringMaintenance->handle()
#50 /opt/lampp/htdocs/wireless/vendor/laravel/framework/src/Illuminate/Http/Middleware/HandleCors.php(49): Illuminate\\Pipeline\\Pipeline->Illuminate\\Pipeline\\{closure}()
#51 /opt/lampp/htdocs/wireless/vendor/laravel/framework/src/Illuminate/Pipeline/Pipeline.php(183): Illuminate\\Http\\Middleware\\HandleCors->handle()
#52 /opt/lampp/htdocs/wireless/vendor/laravel/framework/src/Illuminate/Http/Middleware/TrustProxies.php(39): Illuminate\\Pipeline\\Pipeline->Illuminate\\Pipeline\\{closure}()
#53 /opt/lampp/htdocs/wireless/vendor/laravel/framework/src/Illuminate/Pipeline/Pipeline.php(183): Illuminate\\Http\\Middleware\\TrustProxies->handle()
#54 /opt/lampp/htdocs/wireless/vendor/laravel/framework/src/Illuminate/Pipeline/Pipeline.php(119): Illuminate\\Pipeline\\Pipeline->Illuminate\\Pipeline\\{closure}()
#55 /opt/lampp/htdocs/wireless/vendor/laravel/framework/src/Illuminate/Foundation/Http/Kernel.php(175): Illuminate\\Pipeline\\Pipeline->then()
#56 /opt/lampp/htdocs/wireless/vendor/laravel/framework/src/Illuminate/Foundation/Http/Kernel.php(144): Illuminate\\Foundation\\Http\\Kernel->sendRequestThroughRouter()
#57 /opt/lampp/htdocs/wireless/public/index.php(51): Illuminate\\Foundation\\Http\\Kernel->handle()
#58 /opt/lampp/htdocs/wireless/vendor/laravel/framework/src/Illuminate/Foundation/resources/server.php(16): require_once('...')
#59 {main}
"} 
[2026-03-06 13:54:18] production.ERROR: SQLSTATE[42S02]: Base table or view not found: 1146 Table 'wireless.text_widgets' doesn't exist (Connection: mysql, SQL: select * from `text_widgets` where `key` = about-us-sidebar limit 1) {"view":{"view":"/opt/lampp/htdocs/wireless/resources/views/layouts/app.blade.php","data":[]},"exception":"[object] (Spatie\\LaravelIgnition\\Exceptions\\ViewException(code: 0): SQLSTATE[42S02]: Base table or view not found: 1146 Table 'wireless.text_widgets' doesn't exist (Connection: mysql, SQL: select * from `text_widgets` where `key` = about-us-sidebar limit 1) at /opt/lampp/htdocs/wireless/vendor/laravel/framework/src/Illuminate/Database/Connection.php:822)
[stacktrace]
#0 /opt/lampp/htdocs/wireless/vendor/laravel/framework/src/Illuminate/Database/Connection.php(776): Illuminate\\Database\\Connection->runQueryCallback()
#1 /opt/lampp/htdocs/wireless/vendor/laravel/framework/src/Illuminate/Database/Connection.php(407): Illuminate\\Database\\Connection->run()
#2 /opt/lampp/htdocs/wireless/vendor/laravel/framework/src/Illuminate/Database/Query/Builder.php(2751): Illuminate\\Database\\Connection->select()
#3 /opt/lampp/htdocs/wireless/vendor/laravel/framework/src/Illuminate/Database/Query/Builder.php(2740): Illuminate\\Database\\Query\\Builder->runSelect()
#4 /opt/lampp/htdocs/wireless/vendor/laravel/framework/src/Illuminate/Database/Query/Builder.php(3294): Illuminate\\Database\\Query\\Builder->Illuminate\\Database\\Query\\{closure}()
#5 /opt/lampp/htdocs/wireless/vendor/laravel/framework/src/Illuminate/Database/Query/Builder.php(2739): Illuminate\\Database\\Query\\Builder->onceWithColumns()
#6 /opt/lampp/htdocs/wireless/vendor/laravel/framework/src/Illuminate/Database/Eloquent/Builder.php(737): Illuminate\\Database\\Query\\Builder->get()
#7 /opt/lampp/htdocs/wireless/vendor/laravel/framework/src/Illuminate/Database/Eloquent/Builder.php(721): Illuminate\\Database\\Eloquent\\Builder->getModels()
#8 /opt/lampp/htdocs/wireless/vendor/laravel/framework/src/Illuminate/Database/Concerns/BuildsQueries.php(333): Illuminate\\Database\\Eloquent\\Builder->get()
#9 /opt/lampp/htdocs/wireless/app/Models/TextWidget.php(35): Illuminate\\Database\\Eloquent\\Builder->first()
#10 /opt/lampp/htdocs/wireless/vendor/laravel/framework/src/Illuminate/Collections/helpers.php(224): App\\Models\\TextWidget::App\\Models\\{closure}()
#11 /opt/lampp/htdocs/wireless/vendor/laravel/framework/src/Illuminate/Cache/Repository.php(107): value()
#12 /opt/lampp/htdocs/wireless/vendor/laravel/framework/src/Illuminate/Cache/CacheManager.php(429): Illuminate\\Cache\\Repository->get()
#13 /opt/lampp/htdocs/wireless/vendor/laravel/framework/src/Illuminate/Support/Facades/Facade.php(355): Illuminate\\Cache\\CacheManager->__call()
#14 /opt/lampp/htdocs/wireless/app/Models/TextWidget.php(34): Illuminate\\Support\\Facades\\Facade::__callStatic()
#15 /opt/lampp/htdocs/wireless/resources/views/layouts/app.blade.php(291): App\\Models\\TextWidget::getContent()
#16 /opt/lampp/htdocs/wireless/vendor/laravel/framework/src/Illuminate/Filesystem/Filesystem.php(124): require('...')
#17 /opt/lampp/htdocs/wireless/vendor/laravel/framework/src/Illuminate/Filesystem/Filesystem.php(125): Illuminate\\Filesystem\\Filesystem::Illuminate\\Filesystem\\{closure}()
#18 /opt/lampp/htdocs/wireless/vendor/laravel/framework/src/Illuminate/View/Engines/PhpEngine.php(58): Illuminate\\Filesystem\\Filesystem->getRequire()
#19 /opt/lampp/htdocs/wireless/vendor/livewire/livewire/src/Mechanisms/ExtendBlade/ExtendedCompilerEngine.php(22): Illuminate\\View\\Engines\\PhpEngine->evaluatePath()
#20 /opt/lampp/htdocs/wireless/vendor/laravel/framework/src/Illuminate/View/Engines/CompilerEngine.php(72): Livewire\\Mechanisms\\ExtendBlade\\ExtendedCompilerEngine->evaluatePath()
#21 /opt/lampp/htdocs/wireless/vendor/livewire/livewire/src/Mechanisms/ExtendBlade/ExtendedCompilerEngine.php(10): Illuminate\\View\\Engines\\CompilerEngine->get()
#22 /opt/lampp/htdocs/wireless/vendor/laravel/framework/src/Illuminate/View/View.php(207): Livewire\\Mechanisms\\ExtendBlade\\ExtendedCompilerEngine->get()
#23 /opt/lampp/htdocs/wireless/vendor/laravel/framework/src/Illuminate/View/View.php(190): Illuminate\\View\\View->getContents()
#24 /opt/lampp/htdocs/wireless/vendor/laravel/framework/src/Illuminate/View/View.php(159): Illuminate\\View\\View->renderContents()
#25 /opt/lampp/htdocs/wireless/vendor/laravel/framework/src/Illuminate/View/Concerns/ManagesComponents.php(99): Illuminate\\View\\View->render()
#26 /opt/lampp/htdocs/wireless/resources/views/errors/404.blade.php(45): Illuminate\\View\\Factory->renderComponent()
#27 /opt/lampp/htdocs/wireless/vendor/laravel/framework/src/Illuminate/Filesystem/Filesystem.php(124): require('...')
#28 /opt/lampp/htdocs/wireless/vendor/laravel/framework/src/Illuminate/Filesystem/Filesystem.php(125): Illuminate\\Filesystem\\Filesystem::Illuminate\\Filesystem\\{closure}()
#29 /opt/lampp/htdocs/wireless/vendor/laravel/framework/src/Illuminate/View/Engines/PhpEngine.php(58): Illuminate\\Filesystem\\Filesystem->getRequire()
#30 /opt/lampp/htdocs/wireless/vendor/livewire/livewire/src/Mechanisms/ExtendBlade/ExtendedCompilerEngine.php(22): Illuminate\\View\\Engines\\PhpEngine->evaluatePath()
#31 /opt/lampp/htdocs/wireless/vendor/laravel/framework/src/Illuminate/View/Engines/CompilerEngine.php(72): Livewire\\Mechanisms\\ExtendBlade\\ExtendedCompilerEngine->evaluatePath()
#32 /opt/lampp/htdocs/wireless/vendor/livewire/livewire/src/Mechanisms/ExtendBlade/ExtendedCompilerEngine.php(10): Illuminate\\View\\Engines\\CompilerEngine->get()
#33 /opt/lampp/htdocs/wireless/vendor/laravel/framework/src/Illuminate/View/View.php(207): Livewire\\Mechanisms\\ExtendBlade\\ExtendedCompilerEngine->get()
#34 /opt/lampp/htdocs/wireless/vendor/laravel/framework/src/Illuminate/View/View.php(190): Illuminate\\View\\View->getContents()
#35 /opt/lampp/htdocs/wireless/vendor/laravel/framework/src/Illuminate/View/View.php(159): Illuminate\\View\\View->renderContents()
#36 /opt/lampp/htdocs/wireless/vendor/laravel/framework/src/Illuminate/Http/Response.php(69): Illuminate\\View\\View->render()
#37 /opt/lampp/htdocs/wireless/vendor/laravel/framework/src/Illuminate/Http/Response.php(35): Illuminate\\Http\\Response->setContent()
#38 /opt/lampp/htdocs/wireless/vendor/laravel/framework/src/Illuminate/Routing/ResponseFactory.php(57): Illuminate\\Http\\Response->__construct()
#39 /opt/lampp/htdocs/wireless/vendor/laravel/framework/src/Illuminate/Routing/ResponseFactory.php(87): Illuminate\\Routing\\ResponseFactory->make()
#40 /opt/lampp/htdocs/wireless/vendor/laravel/framework/src/Illuminate/Foundation/Exceptions/Handler.php(723): Illuminate\\Routing\\ResponseFactory->view()
#41 /opt/lampp/htdocs/wireless/vendor/laravel/framework/src/Illuminate/Foundation/Exceptions/Handler.php(650): Illuminate\\Foundation\\Exceptions\\Handler->renderHttpException()
#42 /opt/lampp/htdocs/wireless/vendor/laravel/framework/src/Illuminate/Foundation/Exceptions/Handler.php(556): Illuminate\\Foundation\\Exceptions\\Handler->prepareResponse()
#43 /opt/lampp/htdocs/wireless/vendor/laravel/framework/src/Illuminate/Foundation/Exceptions/Handler.php(473): Illuminate\\Foundation\\Exceptions\\Handler->renderExceptionResponse()
#44 /opt/lampp/htdocs/wireless/vendor/laravel/framework/src/Illuminate/Routing/Pipeline.php(51): Illuminate\\Foundation\\Exceptions\\Handler->render()
#45 /opt/lampp/htdocs/wireless/vendor/laravel/framework/src/Illuminate/Pipeline/Pipeline.php(188): Illuminate\\Routing\\Pipeline->handleException()
#46 /opt/lampp/htdocs/wireless/vendor/laravel/framework/src/Illuminate/Pipeline/Pipeline.php(119): Illuminate\\Pipeline\\Pipeline->Illuminate\\Pipeline\\{closure}()
#47 /opt/lampp/htdocs/wireless/vendor/laravel/framework/src/Illuminate/Routing/Router.php(805): Illuminate\\Pipeline\\Pipeline->then()
#48 /opt/lampp/htdocs/wireless/vendor/laravel/framework/src/Illuminate/Routing/Router.php(784): Illuminate\\Routing\\Router->runRouteWithinStack()
#49 /opt/lampp/htdocs/wireless/vendor/laravel/framework/src/Illuminate/Routing/Router.php(748): Illuminate\\Routing\\Router->runRoute()
#50 /opt/lampp/htdocs/wireless/vendor/laravel/framework/src/Illuminate/Routing/Router.php(737): Illuminate\\Routing\\Router->dispatchToRoute()
#51 /opt/lampp/htdocs/wireless/vendor/laravel/framework/src/Illuminate/Foundation/Http/Kernel.php(200): Illuminate\\Routing\\Router->dispatch()
#52 /opt/lampp/htdocs/wireless/vendor/laravel/framework/src/Illuminate/Pipeline/Pipeline.php(144): Illuminate\\Foundation\\Http\\Kernel->Illuminate\\Foundation\\Http\\{closure}()
#53 /opt/lampp/htdocs/wireless/vendor/livewire/livewire/src/Features/SupportDisablingBackButtonCache/DisableBackButtonCacheMiddleware.php(19): Illuminate\\Pipeline\\Pipeline->Illuminate\\Pipeline\\{closure}()
#54 /opt/lampp/htdocs/wireless/vendor/laravel/framework/src/Illuminate/Pipeline/Pipeline.php(183): Livewire\\Features\\SupportDisablingBackButtonCache\\DisableBackButtonCacheMiddleware->handle()
#55 /opt/lampp/htdocs/wireless/vendor/laravel/framework/src/Illuminate/Foundation/Http/Middleware/TransformsRequest.php(21): Illuminate\\Pipeline\\Pipeline->Illuminate\\Pipeline\\{closure}()
#56 /opt/lampp/htdocs/wireless/vendor/laravel/framework/src/Illuminate/Foundation/Http/Middleware/ConvertEmptyStringsToNull.php(31): Illuminate\\Foundation\\Http\\Middleware\\TransformsRequest->handle()
#57 /opt/lampp/htdocs/wireless/vendor/laravel/framework/src/Illuminate/Pipeline/Pipeline.php(183): Illuminate\\Foundation\\Http\\Middleware\\ConvertEmptyStringsToNull->handle()
#58 /opt/lampp/htdocs/wireless/vendor/laravel/framework/src/Illuminate/Foundation/Http/Middleware/TransformsRequest.php(21): Illuminate\\Pipeline\\Pipeline->Illuminate\\Pipeline\\{closure}()
#59 /opt/lampp/htdocs/wireless/vendor/laravel/framework/src/Illuminate/Foundation/Http/Middleware/TrimStrings.php(40): Illuminate\\Foundation\\Http\\Middleware\\TransformsRequest->handle()
#60 /opt/lampp/htdocs/wireless/vendor/laravel/framework/src/Illuminate/Pipeline/Pipeline.php(183): Illuminate\\Foundation\\Http\\Middleware\\TrimStrings->handle()
#61 /opt/lampp/htdocs/wireless/vendor/laravel/framework/src/Illuminate/Foundation/Http/Middleware/ValidatePostSize.php(27): Illuminate\\Pipeline\\Pipeline->Illuminate\\Pipeline\\{closure}()
#62 /opt/lampp/htdocs/wireless/vendor/laravel/framework/src/Illuminate/Pipeline/Pipeline.php(183): Illuminate\\Foundation\\Http\\Middleware\\ValidatePostSize->handle()
#63 /opt/lampp/htdocs/wireless/vendor/laravel/framework/src/Illuminate/Foundation/Http/Middleware/PreventRequestsDuringMaintenance.php(99): Illuminate\\Pipeline\\Pipeline->Illuminate\\Pipeline\\{closure}()
#64 /opt/lampp/htdocs/wireless/vendor/laravel/framework/src/Illuminate/Pipeline/Pipeline.php(183): Illuminate\\Foundation\\Http\\Middleware\\PreventRequestsDuringMaintenance->handle()
#65 /opt/lampp/htdocs/wireless/vendor/laravel/framework/src/Illuminate/Http/Middleware/HandleCors.php(49): Illuminate\\Pipeline\\Pipeline->Illuminate\\Pipeline\\{closure}()
#66 /opt/lampp/htdocs/wireless/vendor/laravel/framework/src/Illuminate/Pipeline/Pipeline.php(183): Illuminate\\Http\\Middleware\\HandleCors->handle()
#67 /opt/lampp/htdocs/wireless/vendor/laravel/framework/src/Illuminate/Http/Middleware/TrustProxies.php(39): Illuminate\\Pipeline\\Pipeline->Illuminate\\Pipeline\\{closure}()
#68 /opt/lampp/htdocs/wireless/vendor/laravel/framework/src/Illuminate/Pipeline/Pipeline.php(183): Illuminate\\Http\\Middleware\\TrustProxies->handle()
#69 /opt/lampp/htdocs/wireless/vendor/laravel/framework/src/Illuminate/Pipeline/Pipeline.php(119): Illuminate\\Pipeline\\Pipeline->Illuminate\\Pipeline\\{closure}()
#70 /opt/lampp/htdocs/wireless/vendor/laravel/framework/src/Illuminate/Foundation/Http/Kernel.php(175): Illuminate\\Pipeline\\Pipeline->then()
#71 /opt/lampp/htdocs/wireless/vendor/laravel/framework/src/Illuminate/Foundation/Http/Kernel.php(144): Illuminate\\Foundation\\Http\\Kernel->sendRequestThroughRouter()
#72 /opt/lampp/htdocs/wireless/public/index.php(51): Illuminate\\Foundation\\Http\\Kernel->handle()
#73 /opt/lampp/htdocs/wireless/vendor/laravel/framework/src/Illuminate/Foundation/resources/server.php(16): require_once('...')
#74 {main}

[previous exception] [object] (Illuminate\\Database\\QueryException(code: 42S02): SQLSTATE[42S02]: Base table or view not found: 1146 Table 'wireless.text_widgets' doesn't exist (Connection: mysql, SQL: select * from `text_widgets` where `key` = about-us-sidebar limit 1) at /opt/lampp/htdocs/wireless/vendor/laravel/framework/src/Illuminate/Database/Connection.php:822)
[stacktrace]
#0 /opt/lampp/htdocs/wireless/vendor/laravel/framework/src/Illuminate/Database/Connection.php(776): Illuminate\\Database\\Connection->runQueryCallback()
#1 /opt/lampp/htdocs/wireless/vendor/laravel/framework/src/Illuminate/Database/Connection.php(407): Illuminate\\Database\\Connection->run()
#2 /opt/lampp/htdocs/wireless/vendor/laravel/framework/src/Illuminate/Database/Query/Builder.php(2751): Illuminate\\Database\\Connection->select()
#3 /opt/lampp/htdocs/wireless/vendor/laravel/framework/src/Illuminate/Database/Query/Builder.php(2740): Illuminate\\Database\\Query\\Builder->runSelect()
#4 /opt/lampp/htdocs/wireless/vendor/laravel/framework/src/Illuminate/Database/Query/Builder.php(3294): Illuminate\\Database\\Query\\Builder->Illuminate\\Database\\Query\\{closure}()
#5 /opt/lampp/htdocs/wireless/vendor/laravel/framework/src/Illuminate/Database/Query/Builder.php(2739): Illuminate\\Database\\Query\\Builder->onceWithColumns()
#6 /opt/lampp/htdocs/wireless/vendor/laravel/framework/src/Illuminate/Database/Eloquent/Builder.php(737): Illuminate\\Database\\Query\\Builder->get()
#7 /opt/lampp/htdocs/wireless/vendor/laravel/framework/src/Illuminate/Database/Eloquent/Builder.php(721): Illuminate\\Database\\Eloquent\\Builder->getModels()
#8 /opt/lampp/htdocs/wireless/vendor/laravel/framework/src/Illuminate/Database/Concerns/BuildsQueries.php(333): Illuminate\\Database\\Eloquent\\Builder->get()
#9 /opt/lampp/htdocs/wireless/app/Models/TextWidget.php(35): Illuminate\\Database\\Eloquent\\Builder->first()
#10 /opt/lampp/htdocs/wireless/vendor/laravel/framework/src/Illuminate/Collections/helpers.php(224): App\\Models\\TextWidget::App\\Models\\{closure}()
#11 /opt/lampp/htdocs/wireless/vendor/laravel/framework/src/Illuminate/Cache/Repository.php(107): value()
#12 /opt/lampp/htdocs/wireless/vendor/laravel/framework/src/Illuminate/Cache/CacheManager.php(429): Illuminate\\Cache\\Repository->get()
#13 /opt/lampp/htdocs/wireless/vendor/laravel/framework/src/Illuminate/Support/Facades/Facade.php(355): Illuminate\\Cache\\CacheManager->__call()
#14 /opt/lampp/htdocs/wireless/app/Models/TextWidget.php(34): Illuminate\\Support\\Facades\\Facade::__callStatic()
#15 /opt/lampp/htdocs/wireless/storage/framework/views/4918ade9d894dbbdc113be650a0f2910.php(405): App\\Models\\TextWidget::getContent()
#16 /opt/lampp/htdocs/wireless/vendor/laravel/framework/src/Illuminate/Filesystem/Filesystem.php(124): require('...')
#17 /opt/lampp/htdocs/wireless/vendor/laravel/framework/src/Illuminate/Filesystem/Filesystem.php(125): Illuminate\\Filesystem\\Filesystem::Illuminate\\Filesystem\\{closure}()
#18 /opt/lampp/htdocs/wireless/vendor/laravel/framework/src/Illuminate/View/Engines/PhpEngine.php(58): Illuminate\\Filesystem\\Filesystem->getRequire()
#19 /opt/lampp/htdocs/wireless/vendor/livewire/livewire/src/Mechanisms/ExtendBlade/ExtendedCompilerEngine.php(22): Illuminate\\View\\Engines\\PhpEngine->evaluatePath()
#20 /opt/lampp/htdocs/wireless/vendor/laravel/framework/src/Illuminate/View/Engines/CompilerEngine.php(72): Livewire\\Mechanisms\\ExtendBlade\\ExtendedCompilerEngine->evaluatePath()
#21 /opt/lampp/htdocs/wireless/vendor/livewire/livewire/src/Mechanisms/ExtendBlade/ExtendedCompilerEngine.php(10): Illuminate\\View\\Engines\\CompilerEngine->get()
#22 /opt/lampp/htdocs/wireless/vendor/laravel/framework/src/Illuminate/View/View.php(207): Livewire\\Mechanisms\\ExtendBlade\\ExtendedCompilerEngine->get()
#23 /opt/lampp/htdocs/wireless/vendor/laravel/framework/src/Illuminate/View/View.php(190): Illuminate\\View\\View->getContents()
#24 /opt/lampp/htdocs/wireless/vendor/laravel/framework/src/Illuminate/View/View.php(159): Illuminate\\View\\View->renderContents()
#25 /opt/lampp/htdocs/wireless/vendor/laravel/framework/src/Illuminate/View/Concerns/ManagesComponents.php(99): Illuminate\\View\\View->render()
#26 /opt/lampp/htdocs/wireless/storage/framework/views/6c98e84b92353b4122cb1cc648a9d157.php(45): Illuminate\\View\\Factory->renderComponent()
#27 /opt/lampp/htdocs/wireless/vendor/laravel/framework/src/Illuminate/Filesystem/Filesystem.php(124): require('...')
#28 /opt/lampp/htdocs/wireless/vendor/laravel/framework/src/Illuminate/Filesystem/Filesystem.php(125): Illuminate\\Filesystem\\Filesystem::Illuminate\\Filesystem\\{closure}()
#29 /opt/lampp/htdocs/wireless/vendor/laravel/framework/src/Illuminate/View/Engines/PhpEngine.php(58): Illuminate\\Filesystem\\Filesystem->getRequire()
#30 /opt/lampp/htdocs/wireless/vendor/livewire/livewire/src/Mechanisms/ExtendBlade/ExtendedCompilerEngine.php(22): Illuminate\\View\\Engines\\PhpEngine->evaluatePath()
#31 /opt/lampp/htdocs/wireless/vendor/laravel/framework/src/Illuminate/View/Engines/CompilerEngine.php(72): Livewire\\Mechanisms\\ExtendBlade\\ExtendedCompilerEngine->evaluatePath()
#32 /opt/lampp/htdocs/wireless/vendor/livewire/livewire/src/Mechanisms/ExtendBlade/ExtendedCompilerEngine.php(10): Illuminate\\View\\Engines\\CompilerEngine->get()
#33 /opt/lampp/htdocs/wireless/vendor/laravel/framework/src/Illuminate/View/View.php(207): Livewire\\Mechanisms\\ExtendBlade\\ExtendedCompilerEngine->get()
#34 /opt/lampp/htdocs/wireless/vendor/laravel/framework/src/Illuminate/View/View.php(190): Illuminate\\View\\View->getContents()
#35 /opt/lampp/htdocs/wireless/vendor/laravel/framework/src/Illuminate/View/View.php(159): Illuminate\\View\\View->renderContents()
#36 /opt/lampp/htdocs/wireless/vendor/laravel/framework/src/Illuminate/Http/Response.php(69): Illuminate\\View\\View->render()
#37 /opt/lampp/htdocs/wireless/vendor/laravel/framework/src/Illuminate/Http/Response.php(35): Illuminate\\Http\\Response->setContent()
#38 /opt/lampp/htdocs/wireless/vendor/laravel/framework/src/Illuminate/Routing/ResponseFactory.php(57): Illuminate\\Http\\Response->__construct()
#39 /opt/lampp/htdocs/wireless/vendor/laravel/framework/src/Illuminate/Routing/ResponseFactory.php(87): Illuminate\\Routing\\ResponseFactory->make()
#40 /opt/lampp/htdocs/wireless/vendor/laravel/framework/src/Illuminate/Foundation/Exceptions/Handler.php(723): Illuminate\\Routing\\ResponseFactory->view()
#41 /opt/lampp/htdocs/wireless/vendor/laravel/framework/src/Illuminate/Foundation/Exceptions/Handler.php(650): Illuminate\\Foundation\\Exceptions\\Handler->renderHttpException()
#42 /opt/lampp/htdocs/wireless/vendor/laravel/framework/src/Illuminate/Foundation/Exceptions/Handler.php(556): Illuminate\\Foundation\\Exceptions\\Handler->prepareResponse()
#43 /opt/lampp/htdocs/wireless/vendor/laravel/framework/src/Illuminate/Foundation/Exceptions/Handler.php(473): Illuminate\\Foundation\\Exceptions\\Handler->renderExceptionResponse()
#44 /opt/lampp/htdocs/wireless/vendor/laravel/framework/src/Illuminate/Routing/Pipeline.php(51): Illuminate\\Foundation\\Exceptions\\Handler->render()
#45 /opt/lampp/htdocs/wireless/vendor/laravel/framework/src/Illuminate/Pipeline/Pipeline.php(188): Illuminate\\Routing\\Pipeline->handleException()
#46 /opt/lampp/htdocs/wireless/vendor/laravel/framework/src/Illuminate/Pipeline/Pipeline.php(119): Illuminate\\Pipeline\\Pipeline->Illuminate\\Pipeline\\{closure}()
#47 /opt/lampp/htdocs/wireless/vendor/laravel/framework/src/Illuminate/Routing/Router.php(805): Illuminate\\Pipeline\\Pipeline->then()
#48 /opt/lampp/htdocs/wireless/vendor/laravel/framework/src/Illuminate/Routing/Router.php(784): Illuminate\\Routing\\Router->runRouteWithinStack()
#49 /opt/lampp/htdocs/wireless/vendor/laravel/framework/src/Illuminate/Routing/Router.php(748): Illuminate\\Routing\\Router->runRoute()
#50 /opt/lampp/htdocs/wireless/vendor/laravel/framework/src/Illuminate/Routing/Router.php(737): Illuminate\\Routing\\Router->dispatchToRoute()
#51 /opt/lampp/htdocs/wireless/vendor/laravel/framework/src/Illuminate/Foundation/Http/Kernel.php(200): Illuminate\\Routing\\Router->dispatch()
#52 /opt/lampp/htdocs/wireless/vendor/laravel/framework/src/Illuminate/Pipeline/Pipeline.php(144): Illuminate\\Foundation\\Http\\Kernel->Illuminate\\Foundation\\Http\\{closure}()
#53 /opt/lampp/htdocs/wireless/vendor/livewire/livewire/src/Features/SupportDisablingBackButtonCache/DisableBackButtonCacheMiddleware.php(19): Illuminate\\Pipeline\\Pipeline->Illuminate\\Pipeline\\{closure}()
#54 /opt/lampp/htdocs/wireless/vendor/laravel/framework/src/Illuminate/Pipeline/Pipeline.php(183): Livewire\\Features\\SupportDisablingBackButtonCache\\DisableBackButtonCacheMiddleware->handle()
#55 /opt/lampp/htdocs/wireless/vendor/laravel/framework/src/Illuminate/Foundation/Http/Middleware/TransformsRequest.php(21): Illuminate\\Pipeline\\Pipeline->Illuminate\\Pipeline\\{closure}()
#56 /opt/lampp/htdocs/wireless/vendor/laravel/framework/src/Illuminate/Foundation/Http/Middleware/ConvertEmptyStringsToNull.php(31): Illuminate\\Foundation\\Http\\Middleware\\TransformsRequest->handle()
#57 /opt/lampp/htdocs/wireless/vendor/laravel/framework/src/Illuminate/Pipeline/Pipeline.php(183): Illuminate\\Foundation\\Http\\Middleware\\ConvertEmptyStringsToNull->handle()
#58 /opt/lampp/htdocs/wireless/vendor/laravel/framework/src/Illuminate/Foundation/Http/Middleware/TransformsRequest.php(21): Illuminate\\Pipeline\\Pipeline->Illuminate\\Pipeline\\{closure}()
#59 /opt/lampp/htdocs/wireless/vendor/laravel/framework/src/Illuminate/Foundation/Http/Middleware/TrimStrings.php(40): Illuminate\\Foundation\\Http\\Middleware\\TransformsRequest->handle()
#60 /opt/lampp/htdocs/wireless/vendor/laravel/framework/src/Illuminate/Pipeline/Pipeline.php(183): Illuminate\\Foundation\\Http\\Middleware\\TrimStrings->handle()
#61 /opt/lampp/htdocs/wireless/vendor/laravel/framework/src/Illuminate/Foundation/Http/Middleware/ValidatePostSize.php(27): Illuminate\\Pipeline\\Pipeline->Illuminate\\Pipeline\\{closure}()
#62 /opt/lampp/htdocs/wireless/vendor/laravel/framework/src/Illuminate/Pipeline/Pipeline.php(183): Illuminate\\Foundation\\Http\\Middleware\\ValidatePostSize->handle()
#63 /opt/lampp/htdocs/wireless/vendor/laravel/framework/src/Illuminate/Foundation/Http/Middleware/PreventRequestsDuringMaintenance.php(99): Illuminate\\Pipeline\\Pipeline->Illuminate\\Pipeline\\{closure}()
#64 /opt/lampp/htdocs/wireless/vendor/laravel/framework/src/Illuminate/Pipeline/Pipeline.php(183): Illuminate\\Foundation\\Http\\Middleware\\PreventRequestsDuringMaintenance->handle()
#65 /opt/lampp/htdocs/wireless/vendor/laravel/framework/src/Illuminate/Http/Middleware/HandleCors.php(49): Illuminate\\Pipeline\\Pipeline->Illuminate\\Pipeline\\{closure}()
#66 /opt/lampp/htdocs/wireless/vendor/laravel/framework/src/Illuminate/Pipeline/Pipeline.php(183): Illuminate\\Http\\Middleware\\HandleCors->handle()
#67 /opt/lampp/htdocs/wireless/vendor/laravel/framework/src/Illuminate/Http/Middleware/TrustProxies.php(39): Illuminate\\Pipeline\\Pipeline->Illuminate\\Pipeline\\{closure}()
#68 /opt/lampp/htdocs/wireless/vendor/laravel/framework/src/Illuminate/Pipeline/Pipeline.php(183): Illuminate\\Http\\Middleware\\TrustProxies->handle()
#69 /opt/lampp/htdocs/wireless/vendor/laravel/framework/src/Illuminate/Pipeline/Pipeline.php(119): Illuminate\\Pipeline\\Pipeline->Illuminate\\Pipeline\\{closure}()
#70 /opt/lampp/htdocs/wireless/vendor/laravel/framework/src/Illuminate/Foundation/Http/Kernel.php(175): Illuminate\\Pipeline\\Pipeline->then()
#71 /opt/lampp/htdocs/wireless/vendor/laravel/framework/src/Illuminate/Foundation/Http/Kernel.php(144): Illuminate\\Foundation\\Http\\Kernel->sendRequestThroughRouter()
#72 /opt/lampp/htdocs/wireless/public/index.php(51): Illuminate\\Foundation\\Http\\Kernel->handle()
#73 /opt/lampp/htdocs/wireless/vendor/laravel/framework/src/Illuminate/Foundation/resources/server.php(16): require_once('...')
#74 {main}

[previous exception] [object] (PDOException(code: 42S02): SQLSTATE[42S02]: Base table or view not found: 1146 Table 'wireless.text_widgets' doesn't exist at /opt/lampp/htdocs/wireless/vendor/laravel/framework/src/Illuminate/Database/Connection.php:416)
[stacktrace]
#0 /opt/lampp/htdocs/wireless/vendor/laravel/framework/src/Illuminate/Database/Connection.php(416): PDO->prepare()
#1 /opt/lampp/htdocs/wireless/vendor/laravel/framework/src/Illuminate/Database/Connection.php(809): Illuminate\\Database\\Connection->Illuminate\\Database\\{closure}()
#2 /opt/lampp/htdocs/wireless/vendor/laravel/framework/src/Illuminate/Database/Connection.php(776): Illuminate\\Database\\Connection->runQueryCallback()
#3 /opt/lampp/htdocs/wireless/vendor/laravel/framework/src/Illuminate/Database/Connection.php(407): Illuminate\\Database\\Connection->run()
#4 /opt/lampp/htdocs/wireless/vendor/laravel/framework/src/Illuminate/Database/Query/Builder.php(2751): Illuminate\\Database\\Connection->select()
#5 /opt/lampp/htdocs/wireless/vendor/laravel/framework/src/Illuminate/Database/Query/Builder.php(2740): Illuminate\\Database\\Query\\Builder->runSelect()
#6 /opt/lampp/htdocs/wireless/vendor/laravel/framework/src/Illuminate/Database/Query/Builder.php(3294): Illuminate\\Database\\Query\\Builder->Illuminate\\Database\\Query\\{closure}()
#7 /opt/lampp/htdocs/wireless/vendor/laravel/framework/src/Illuminate/Database/Query/Builder.php(2739): Illuminate\\Database\\Query\\Builder->onceWithColumns()
#8 /opt/lampp/htdocs/wireless/vendor/laravel/framework/src/Illuminate/Database/Eloquent/Builder.php(737): Illuminate\\Database\\Query\\Builder->get()
#9 /opt/lampp/htdocs/wireless/vendor/laravel/framework/src/Illuminate/Database/Eloquent/Builder.php(721): Illuminate\\Database\\Eloquent\\Builder->getModels()
#10 /opt/lampp/htdocs/wireless/vendor/laravel/framework/src/Illuminate/Database/Concerns/BuildsQueries.php(333): Illuminate\\Database\\Eloquent\\Builder->get()
#11 /opt/lampp/htdocs/wireless/app/Models/TextWidget.php(35): Illuminate\\Database\\Eloquent\\Builder->first()
#12 /opt/lampp/htdocs/wireless/vendor/laravel/framework/src/Illuminate/Collections/helpers.php(224): App\\Models\\TextWidget::App\\Models\\{closure}()
#13 /opt/lampp/htdocs/wireless/vendor/laravel/framework/src/Illuminate/Cache/Repository.php(107): value()
#14 /opt/lampp/htdocs/wireless/vendor/laravel/framework/src/Illuminate/Cache/CacheManager.php(429): Illuminate\\Cache\\Repository->get()
#15 /opt/lampp/htdocs/wireless/vendor/laravel/framework/src/Illuminate/Support/Facades/Facade.php(355): Illuminate\\Cache\\CacheManager->__call()
#16 /opt/lampp/htdocs/wireless/app/Models/TextWidget.php(34): Illuminate\\Support\\Facades\\Facade::__callStatic()
#17 /opt/lampp/htdocs/wireless/storage/framework/views/4918ade9d894dbbdc113be650a0f2910.php(405): App\\Models\\TextWidget::getContent()
#18 /opt/lampp/htdocs/wireless/vendor/laravel/framework/src/Illuminate/Filesystem/Filesystem.php(124): require('...')
#19 /opt/lampp/htdocs/wireless/vendor/laravel/framework/src/Illuminate/Filesystem/Filesystem.php(125): Illuminate\\Filesystem\\Filesystem::Illuminate\\Filesystem\\{closure}()
#20 /opt/lampp/htdocs/wireless/vendor/laravel/framework/src/Illuminate/View/Engines/PhpEngine.php(58): Illuminate\\Filesystem\\Filesystem->getRequire()
#21 /opt/lampp/htdocs/wireless/vendor/livewire/livewire/src/Mechanisms/ExtendBlade/ExtendedCompilerEngine.php(22): Illuminate\\View\\Engines\\PhpEngine->evaluatePath()
#22 /opt/lampp/htdocs/wireless/vendor/laravel/framework/src/Illuminate/View/Engines/CompilerEngine.php(72): Livewire\\Mechanisms\\ExtendBlade\\ExtendedCompilerEngine->evaluatePath()
#23 /opt/lampp/htdocs/wireless/vendor/livewire/livewire/src/Mechanisms/ExtendBlade/ExtendedCompilerEngine.php(10): Illuminate\\View\\Engines\\CompilerEngine->get()
#24 /opt/lampp/htdocs/wireless/vendor/laravel/framework/src/Illuminate/View/View.php(207): Livewire\\Mechanisms\\ExtendBlade\\ExtendedCompilerEngine->get()
#25 /opt/lampp/htdocs/wireless/vendor/laravel/framework/src/Illuminate/View/View.php(190): Illuminate\\View\\View->getContents()
#26 /opt/lampp/htdocs/wireless/vendor/laravel/framework/src/Illuminate/View/View.php(159): Illuminate\\View\\View->renderContents()
#27 /opt/lampp/htdocs/wireless/vendor/laravel/framework/src/Illuminate/View/Concerns/ManagesComponents.php(99): Illuminate\\View\\View->render()
#28 /opt/lampp/htdocs/wireless/storage/framework/views/6c98e84b92353b4122cb1cc648a9d157.php(45): Illuminate\\View\\Factory->renderComponent()
#29 /opt/lampp/htdocs/wireless/vendor/laravel/framework/src/Illuminate/Filesystem/Filesystem.php(124): require('...')
#30 /opt/lampp/htdocs/wireless/vendor/laravel/framework/src/Illuminate/Filesystem/Filesystem.php(125): Illuminate\\Filesystem\\Filesystem::Illuminate\\Filesystem\\{closure}()
#31 /opt/lampp/htdocs/wireless/vendor/laravel/framework/src/Illuminate/View/Engines/PhpEngine.php(58): Illuminate\\Filesystem\\Filesystem->getRequire()
#32 /opt/lampp/htdocs/wireless/vendor/livewire/livewire/src/Mechanisms/ExtendBlade/ExtendedCompilerEngine.php(22): Illuminate\\View\\Engines\\PhpEngine->evaluatePath()
#33 /opt/lampp/htdocs/wireless/vendor/laravel/framework/src/Illuminate/View/Engines/CompilerEngine.php(72): Livewire\\Mechanisms\\ExtendBlade\\ExtendedCompilerEngine->evaluatePath()
#34 /opt/lampp/htdocs/wireless/vendor/livewire/livewire/src/Mechanisms/ExtendBlade/ExtendedCompilerEngine.php(10): Illuminate\\View\\Engines\\CompilerEngine->get()
#35 /opt/lampp/htdocs/wireless/vendor/laravel/framework/src/Illuminate/View/View.php(207): Livewire\\Mechanisms\\ExtendBlade\\ExtendedCompilerEngine->get()
#36 /opt/lampp/htdocs/wireless/vendor/laravel/framework/src/Illuminate/View/View.php(190): Illuminate\\View\\View->getContents()
#37 /opt/lampp/htdocs/wireless/vendor/laravel/framework/src/Illuminate/View/View.php(159): Illuminate\\View\\View->renderContents()
#38 /opt/lampp/htdocs/wireless/vendor/laravel/framework/src/Illuminate/Http/Response.php(69): Illuminate\\View\\View->render()
#39 /opt/lampp/htdocs/wireless/vendor/laravel/framework/src/Illuminate/Http/Response.php(35): Illuminate\\Http\\Response->setContent()
#40 /opt/lampp/htdocs/wireless/vendor/laravel/framework/src/Illuminate/Routing/ResponseFactory.php(57): Illuminate\\Http\\Response->__construct()
#41 /opt/lampp/htdocs/wireless/vendor/laravel/framework/src/Illuminate/Routing/ResponseFactory.php(87): Illuminate\\Routing\\ResponseFactory->make()
#42 /opt/lampp/htdocs/wireless/vendor/laravel/framework/src/Illuminate/Foundation/Exceptions/Handler.php(723): Illuminate\\Routing\\ResponseFactory->view()
#43 /opt/lampp/htdocs/wireless/vendor/laravel/framework/src/Illuminate/Foundation/Exceptions/Handler.php(650): Illuminate\\Foundation\\Exceptions\\Handler->renderHttpException()
#44 /opt/lampp/htdocs/wireless/vendor/laravel/framework/src/Illuminate/Foundation/Exceptions/Handler.php(556): Illuminate\\Foundation\\Exceptions\\Handler->prepareResponse()
#45 /opt/lampp/htdocs/wireless/vendor/laravel/framework/src/Illuminate/Foundation/Exceptions/Handler.php(473): Illuminate\\Foundation\\Exceptions\\Handler->renderExceptionResponse()
#46 /opt/lampp/htdocs/wireless/vendor/laravel/framework/src/Illuminate/Routing/Pipeline.php(51): Illuminate\\Foundation\\Exceptions\\Handler->render()
#47 /opt/lampp/htdocs/wireless/vendor/laravel/framework/src/Illuminate/Pipeline/Pipeline.php(188): Illuminate\\Routing\\Pipeline->handleException()
#48 /opt/lampp/htdocs/wireless/vendor/laravel/framework/src/Illuminate/Pipeline/Pipeline.php(119): Illuminate\\Pipeline\\Pipeline->Illuminate\\Pipeline\\{closure}()
#49 /opt/lampp/htdocs/wireless/vendor/laravel/framework/src/Illuminate/Routing/Router.php(805): Illuminate\\Pipeline\\Pipeline->then()
#50 /opt/lampp/htdocs/wireless/vendor/laravel/framework/src/Illuminate/Routing/Router.php(784): Illuminate\\Routing\\Router->runRouteWithinStack()
#51 /opt/lampp/htdocs/wireless/vendor/laravel/framework/src/Illuminate/Routing/Router.php(748): Illuminate\\Routing\\Router->runRoute()
#52 /opt/lampp/htdocs/wireless/vendor/laravel/framework/src/Illuminate/Routing/Router.php(737): Illuminate\\Routing\\Router->dispatchToRoute()
#53 /opt/lampp/htdocs/wireless/vendor/laravel/framework/src/Illuminate/Foundation/Http/Kernel.php(200): Illuminate\\Routing\\Router->dispatch()
#54 /opt/lampp/htdocs/wireless/vendor/laravel/framework/src/Illuminate/Pipeline/Pipeline.php(144): Illuminate\\Foundation\\Http\\Kernel->Illuminate\\Foundation\\Http\\{closure}()
#55 /opt/lampp/htdocs/wireless/vendor/livewire/livewire/src/Features/SupportDisablingBackButtonCache/DisableBackButtonCacheMiddleware.php(19): Illuminate\\Pipeline\\Pipeline->Illuminate\\Pipeline\\{closure}()
#56 /opt/lampp/htdocs/wireless/vendor/laravel/framework/src/Illuminate/Pipeline/Pipeline.php(183): Livewire\\Features\\SupportDisablingBackButtonCache\\DisableBackButtonCacheMiddleware->handle()
#57 /opt/lampp/htdocs/wireless/vendor/laravel/framework/src/Illuminate/Foundation/Http/Middleware/TransformsRequest.php(21): Illuminate\\Pipeline\\Pipeline->Illuminate\\Pipeline\\{closure}()
#58 /opt/lampp/htdocs/wireless/vendor/laravel/framework/src/Illuminate/Foundation/Http/Middleware/ConvertEmptyStringsToNull.php(31): Illuminate\\Foundation\\Http\\Middleware\\TransformsRequest->handle()
#59 /opt/lampp/htdocs/wireless/vendor/laravel/framework/src/Illuminate/Pipeline/Pipeline.php(183): Illuminate\\Foundation\\Http\\Middleware\\ConvertEmptyStringsToNull->handle()
#60 /opt/lampp/htdocs/wireless/vendor/laravel/framework/src/Illuminate/Foundation/Http/Middleware/TransformsRequest.php(21): Illuminate\\Pipeline\\Pipeline->Illuminate\\Pipeline\\{closure}()
#61 /opt/lampp/htdocs/wireless/vendor/laravel/framework/src/Illuminate/Foundation/Http/Middleware/TrimStrings.php(40): Illuminate\\Foundation\\Http\\Middleware\\TransformsRequest->handle()
#62 /opt/lampp/htdocs/wireless/vendor/laravel/framework/src/Illuminate/Pipeline/Pipeline.php(183): Illuminate\\Foundation\\Http\\Middleware\\TrimStrings->handle()
#63 /opt/lampp/htdocs/wireless/vendor/laravel/framework/src/Illuminate/Foundation/Http/Middleware/ValidatePostSize.php(27): Illuminate\\Pipeline\\Pipeline->Illuminate\\Pipeline\\{closure}()
#64 /opt/lampp/htdocs/wireless/vendor/laravel/framework/src/Illuminate/Pipeline/Pipeline.php(183): Illuminate\\Foundation\\Http\\Middleware\\ValidatePostSize->handle()
#65 /opt/lampp/htdocs/wireless/vendor/laravel/framework/src/Illuminate/Foundation/Http/Middleware/PreventRequestsDuringMaintenance.php(99): Illuminate\\Pipeline\\Pipeline->Illuminate\\Pipeline\\{closure}()
#66 /opt/lampp/htdocs/wireless/vendor/laravel/framework/src/Illuminate/Pipeline/Pipeline.php(183): Illuminate\\Foundation\\Http\\Middleware\\PreventRequestsDuringMaintenance->handle()
#67 /opt/lampp/htdocs/wireless/vendor/laravel/framework/src/Illuminate/Http/Middleware/HandleCors.php(49): Illuminate\\Pipeline\\Pipeline->Illuminate\\Pipeline\\{closure}()
#68 /opt/lampp/htdocs/wireless/vendor/laravel/framework/src/Illuminate/Pipeline/Pipeline.php(183): Illuminate\\Http\\Middleware\\HandleCors->handle()
#69 /opt/lampp/htdocs/wireless/vendor/laravel/framework/src/Illuminate/Http/Middleware/TrustProxies.php(39): Illuminate\\Pipeline\\Pipeline->Illuminate\\Pipeline\\{closure}()
#70 /opt/lampp/htdocs/wireless/vendor/laravel/framework/src/Illuminate/Pipeline/Pipeline.php(183): Illuminate\\Http\\Middleware\\TrustProxies->handle()
#71 /opt/lampp/htdocs/wireless/vendor/laravel/framework/src/Illuminate/Pipeline/Pipeline.php(119): Illuminate\\Pipeline\\Pipeline->Illuminate\\Pipeline\\{closure}()
#72 /opt/lampp/htdocs/wireless/vendor/laravel/framework/src/Illuminate/Foundation/Http/Kernel.php(175): Illuminate\\Pipeline\\Pipeline->then()
#73 /opt/lampp/htdocs/wireless/vendor/laravel/framework/src/Illuminate/Foundation/Http/Kernel.php(144): Illuminate\\Foundation\\Http\\Kernel->sendRequestThroughRouter()
#74 /opt/lampp/htdocs/wireless/public/index.php(51): Illuminate\\Foundation\\Http\\Kernel->handle()
#75 /opt/lampp/htdocs/wireless/vendor/laravel/framework/src/Illuminate/Foundation/resources/server.php(16): require_once('...')
#76 {main}
"} 
[2026-03-06 13:54:28] production.ERROR: SQLSTATE[42S22]: Column not found: 1054 Unknown column 'active' in 'where clause' (Connection: mysql, SQL: select * from `posts` where `active` = 1 and date(`published_at`) < 2026-03-06 order by `published_at` desc limit 1) {"exception":"[object] (Illuminate\\Database\\QueryException(code: 42S22): SQLSTATE[42S22]: Column not found: 1054 Unknown column 'active' in 'where clause' (Connection: mysql, SQL: select * from `posts` where `active` = 1 and date(`published_at`) < 2026-03-06 order by `published_at` desc limit 1) at /opt/lampp/htdocs/wireless/vendor/laravel/framework/src/Illuminate/Database/Connection.php:822)
[stacktrace]
#0 /opt/lampp/htdocs/wireless/vendor/laravel/framework/src/Illuminate/Database/Connection.php(776): Illuminate\\Database\\Connection->runQueryCallback()
#1 /opt/lampp/htdocs/wireless/vendor/laravel/framework/src/Illuminate/Database/Connection.php(407): Illuminate\\Database\\Connection->run()
#2 /opt/lampp/htdocs/wireless/vendor/laravel/framework/src/Illuminate/Database/Query/Builder.php(2751): Illuminate\\Database\\Connection->select()
#3 /opt/lampp/htdocs/wireless/vendor/laravel/framework/src/Illuminate/Database/Query/Builder.php(2740): Illuminate\\Database\\Query\\Builder->runSelect()
#4 /opt/lampp/htdocs/wireless/vendor/laravel/framework/src/Illuminate/Database/Query/Builder.php(3294): Illuminate\\Database\\Query\\Builder->Illuminate\\Database\\Query\\{closure}()
#5 /opt/lampp/htdocs/wireless/vendor/laravel/framework/src/Illuminate/Database/Query/Builder.php(2739): Illuminate\\Database\\Query\\Builder->onceWithColumns()
#6 /opt/lampp/htdocs/wireless/vendor/laravel/framework/src/Illuminate/Database/Eloquent/Builder.php(737): Illuminate\\Database\\Query\\Builder->get()
#7 /opt/lampp/htdocs/wireless/vendor/laravel/framework/src/Illuminate/Database/Eloquent/Builder.php(721): Illuminate\\Database\\Eloquent\\Builder->getModels()
#8 /opt/lampp/htdocs/wireless/vendor/laravel/framework/src/Illuminate/Database/Concerns/BuildsQueries.php(333): Illuminate\\Database\\Eloquent\\Builder->get()
#9 /opt/lampp/htdocs/wireless/app/Http/Controllers/PostController.php(28): Illuminate\\Database\\Eloquent\\Builder->first()
#10 /opt/lampp/htdocs/wireless/vendor/laravel/framework/src/Illuminate/Routing/Controller.php(54): App\\Http\\Controllers\\PostController->home()
#11 /opt/lampp/htdocs/wireless/vendor/laravel/framework/src/Illuminate/Routing/ControllerDispatcher.php(43): Illuminate\\Routing\\Controller->callAction()
#12 /opt/lampp/htdocs/wireless/vendor/laravel/framework/src/Illuminate/Routing/Route.php(259): Illuminate\\Routing\\ControllerDispatcher->dispatch()
#13 /opt/lampp/htdocs/wireless/vendor/laravel/framework/src/Illuminate/Routing/Route.php(205): Illuminate\\Routing\\Route->runController()
#14 /opt/lampp/htdocs/wireless/vendor/laravel/framework/src/Illuminate/Routing/Router.php(806): Illuminate\\Routing\\Route->run()
#15 /opt/lampp/htdocs/wireless/vendor/laravel/framework/src/Illuminate/Pipeline/Pipeline.php(144): Illuminate\\Routing\\Router->Illuminate\\Routing\\{closure}()
#16 /opt/lampp/htdocs/wireless/vendor/laravel/framework/src/Illuminate/Routing/Middleware/SubstituteBindings.php(50): Illuminate\\Pipeline\\Pipeline->Illuminate\\Pipeline\\{closure}()
#17 /opt/lampp/htdocs/wireless/vendor/laravel/framework/src/Illuminate/Pipeline/Pipeline.php(183): Illuminate\\Routing\\Middleware\\SubstituteBindings->handle()
#18 /opt/lampp/htdocs/wireless/vendor/laravel/framework/src/Illuminate/Foundation/Http/Middleware/VerifyCsrfToken.php(78): Illuminate\\Pipeline\\Pipeline->Illuminate\\Pipeline\\{closure}()
#19 /opt/lampp/htdocs/wireless/vendor/laravel/framework/src/Illuminate/Pipeline/Pipeline.php(183): Illuminate\\Foundation\\Http\\Middleware\\VerifyCsrfToken->handle()
#20 /opt/lampp/htdocs/wireless/vendor/laravel/framework/src/Illuminate/View/Middleware/ShareErrorsFromSession.php(49): Illuminate\\Pipeline\\Pipeline->Illuminate\\Pipeline\\{closure}()
#21 /opt/lampp/htdocs/wireless/vendor/laravel/framework/src/Illuminate/Pipeline/Pipeline.php(183): Illuminate\\View\\Middleware\\ShareErrorsFromSession->handle()
#22 /opt/lampp/htdocs/wireless/vendor/laravel/framework/src/Illuminate/Session/Middleware/StartSession.php(121): Illuminate\\Pipeline\\Pipeline->Illuminate\\Pipeline\\{closure}()
#23 /opt/lampp/htdocs/wireless/vendor/laravel/framework/src/Illuminate/Session/Middleware/StartSession.php(64): Illuminate\\Session\\Middleware\\StartSession->handleStatefulRequest()
#24 /opt/lampp/htdocs/wireless/vendor/laravel/framework/src/Illuminate/Pipeline/Pipeline.php(183): Illuminate\\Session\\Middleware\\StartSession->handle()
#25 /opt/lampp/htdocs/wireless/vendor/laravel/framework/src/Illuminate/Cookie/Middleware/AddQueuedCookiesToResponse.php(37): Illuminate\\Pipeline\\Pipeline->Illuminate\\Pipeline\\{closure}()
#26 /opt/lampp/htdocs/wireless/vendor/laravel/framework/src/Illuminate/Pipeline/Pipeline.php(183): Illuminate\\Cookie\\Middleware\\AddQueuedCookiesToResponse->handle()
#27 /opt/lampp/htdocs/wireless/vendor/laravel/framework/src/Illuminate/Cookie/Middleware/EncryptCookies.php(67): Illuminate\\Pipeline\\Pipeline->Illuminate\\Pipeline\\{closure}()
#28 /opt/lampp/htdocs/wireless/vendor/laravel/framework/src/Illuminate/Pipeline/Pipeline.php(183): Illuminate\\Cookie\\Middleware\\EncryptCookies->handle()
#29 /opt/lampp/htdocs/wireless/vendor/laravel/framework/src/Illuminate/Pipeline/Pipeline.php(119): Illuminate\\Pipeline\\Pipeline->Illuminate\\Pipeline\\{closure}()
#30 /opt/lampp/htdocs/wireless/vendor/laravel/framework/src/Illuminate/Routing/Router.php(805): Illuminate\\Pipeline\\Pipeline->then()
#31 /opt/lampp/htdocs/wireless/vendor/laravel/framework/src/Illuminate/Routing/Router.php(784): Illuminate\\Routing\\Router->runRouteWithinStack()
#32 /opt/lampp/htdocs/wireless/vendor/laravel/framework/src/Illuminate/Routing/Router.php(748): Illuminate\\Routing\\Router->runRoute()
#33 /opt/lampp/htdocs/wireless/vendor/laravel/framework/src/Illuminate/Routing/Router.php(737): Illuminate\\Routing\\Router->dispatchToRoute()
#34 /opt/lampp/htdocs/wireless/vendor/laravel/framework/src/Illuminate/Foundation/Http/Kernel.php(200): Illuminate\\Routing\\Router->dispatch()
#35 /opt/lampp/htdocs/wireless/vendor/laravel/framework/src/Illuminate/Pipeline/Pipeline.php(144): Illuminate\\Foundation\\Http\\Kernel->Illuminate\\Foundation\\Http\\{closure}()
#36 /opt/lampp/htdocs/wireless/vendor/livewire/livewire/src/Features/SupportDisablingBackButtonCache/DisableBackButtonCacheMiddleware.php(19): Illuminate\\Pipeline\\Pipeline->Illuminate\\Pipeline\\{closure}()
#37 /opt/lampp/htdocs/wireless/vendor/laravel/framework/src/Illuminate/Pipeline/Pipeline.php(183): Livewire\\Features\\SupportDisablingBackButtonCache\\DisableBackButtonCacheMiddleware->handle()
#38 /opt/lampp/htdocs/wireless/vendor/laravel/framework/src/Illuminate/Foundation/Http/Middleware/TransformsRequest.php(21): Illuminate\\Pipeline\\Pipeline->Illuminate\\Pipeline\\{closure}()
#39 /opt/lampp/htdocs/wireless/vendor/laravel/framework/src/Illuminate/Foundation/Http/Middleware/ConvertEmptyStringsToNull.php(31): Illuminate\\Foundation\\Http\\Middleware\\TransformsRequest->handle()
#40 /opt/lampp/htdocs/wireless/vendor/laravel/framework/src/Illuminate/Pipeline/Pipeline.php(183): Illuminate\\Foundation\\Http\\Middleware\\ConvertEmptyStringsToNull->handle()
#41 /opt/lampp/htdocs/wireless/vendor/laravel/framework/src/Illuminate/Foundation/Http/Middleware/TransformsRequest.php(21): Illuminate\\Pipeline\\Pipeline->Illuminate\\Pipeline\\{closure}()
#42 /opt/lampp/htdocs/wireless/vendor/laravel/framework/src/Illuminate/Foundation/Http/Middleware/TrimStrings.php(40): Illuminate\\Foundation\\Http\\Middleware\\TransformsRequest->handle()
#43 /opt/lampp/htdocs/wireless/vendor/laravel/framework/src/Illuminate/Pipeline/Pipeline.php(183): Illuminate\\Foundation\\Http\\Middleware\\TrimStrings->handle()
#44 /opt/lampp/htdocs/wireless/vendor/laravel/framework/src/Illuminate/Foundation/Http/Middleware/ValidatePostSize.php(27): Illuminate\\Pipeline\\Pipeline->Illuminate\\Pipeline\\{closure}()
#45 /opt/lampp/htdocs/wireless/vendor/laravel/framework/src/Illuminate/Pipeline/Pipeline.php(183): Illuminate\\Foundation\\Http\\Middleware\\ValidatePostSize->handle()
#46 /opt/lampp/htdocs/wireless/vendor/laravel/framework/src/Illuminate/Foundation/Http/Middleware/PreventRequestsDuringMaintenance.php(99): Illuminate\\Pipeline\\Pipeline->Illuminate\\Pipeline\\{closure}()
#47 /opt/lampp/htdocs/wireless/vendor/laravel/framework/src/Illuminate/Pipeline/Pipeline.php(183): Illuminate\\Foundation\\Http\\Middleware\\PreventRequestsDuringMaintenance->handle()
#48 /opt/lampp/htdocs/wireless/vendor/laravel/framework/src/Illuminate/Http/Middleware/HandleCors.php(49): Illuminate\\Pipeline\\Pipeline->Illuminate\\Pipeline\\{closure}()
#49 /opt/lampp/htdocs/wireless/vendor/laravel/framework/src/Illuminate/Pipeline/Pipeline.php(183): Illuminate\\Http\\Middleware\\HandleCors->handle()
#50 /opt/lampp/htdocs/wireless/vendor/laravel/framework/src/Illuminate/Http/Middleware/TrustProxies.php(39): Illuminate\\Pipeline\\Pipeline->Illuminate\\Pipeline\\{closure}()
#51 /opt/lampp/htdocs/wireless/vendor/laravel/framework/src/Illuminate/Pipeline/Pipeline.php(183): Illuminate\\Http\\Middleware\\TrustProxies->handle()
#52 /opt/lampp/htdocs/wireless/vendor/laravel/framework/src/Illuminate/Pipeline/Pipeline.php(119): Illuminate\\Pipeline\\Pipeline->Illuminate\\Pipeline\\{closure}()
#53 /opt/lampp/htdocs/wireless/vendor/laravel/framework/src/Illuminate/Foundation/Http/Kernel.php(175): Illuminate\\Pipeline\\Pipeline->then()
#54 /opt/lampp/htdocs/wireless/vendor/laravel/framework/src/Illuminate/Foundation/Http/Kernel.php(144): Illuminate\\Foundation\\Http\\Kernel->sendRequestThroughRouter()
#55 /opt/lampp/htdocs/wireless/public/index.php(51): Illuminate\\Foundation\\Http\\Kernel->handle()
#56 /opt/lampp/htdocs/wireless/vendor/laravel/framework/src/Illuminate/Foundation/resources/server.php(16): require_once('...')
#57 {main}

[previous exception] [object] (PDOException(code: 42S22): SQLSTATE[42S22]: Column not found: 1054 Unknown column 'active' in 'where clause' at /opt/lampp/htdocs/wireless/vendor/laravel/framework/src/Illuminate/Database/Connection.php:416)
[stacktrace]
#0 /opt/lampp/htdocs/wireless/vendor/laravel/framework/src/Illuminate/Database/Connection.php(416): PDO->prepare()
#1 /opt/lampp/htdocs/wireless/vendor/laravel/framework/src/Illuminate/Database/Connection.php(809): Illuminate\\Database\\Connection->Illuminate\\Database\\{closure}()
#2 /opt/lampp/htdocs/wireless/vendor/laravel/framework/src/Illuminate/Database/Connection.php(776): Illuminate\\Database\\Connection->runQueryCallback()
#3 /opt/lampp/htdocs/wireless/vendor/laravel/framework/src/Illuminate/Database/Connection.php(407): Illuminate\\Database\\Connection->run()
#4 /opt/lampp/htdocs/wireless/vendor/laravel/framework/src/Illuminate/Database/Query/Builder.php(2751): Illuminate\\Database\\Connection->select()
#5 /opt/lampp/htdocs/wireless/vendor/laravel/framework/src/Illuminate/Database/Query/Builder.php(2740): Illuminate\\Database\\Query\\Builder->runSelect()
#6 /opt/lampp/htdocs/wireless/vendor/laravel/framework/src/Illuminate/Database/Query/Builder.php(3294): Illuminate\\Database\\Query\\Builder->Illuminate\\Database\\Query\\{closure}()
#7 /opt/lampp/htdocs/wireless/vendor/laravel/framework/src/Illuminate/Database/Query/Builder.php(2739): Illuminate\\Database\\Query\\Builder->onceWithColumns()
#8 /opt/lampp/htdocs/wireless/vendor/laravel/framework/src/Illuminate/Database/Eloquent/Builder.php(737): Illuminate\\Database\\Query\\Builder->get()
#9 /opt/lampp/htdocs/wireless/vendor/laravel/framework/src/Illuminate/Database/Eloquent/Builder.php(721): Illuminate\\Database\\Eloquent\\Builder->getModels()
#10 /opt/lampp/htdocs/wireless/vendor/laravel/framework/src/Illuminate/Database/Concerns/BuildsQueries.php(333): Illuminate\\Database\\Eloquent\\Builder->get()
#11 /opt/lampp/htdocs/wireless/app/Http/Controllers/PostController.php(28): Illuminate\\Database\\Eloquent\\Builder->first()
#12 /opt/lampp/htdocs/wireless/vendor/laravel/framework/src/Illuminate/Routing/Controller.php(54): App\\Http\\Controllers\\PostController->home()
#13 /opt/lampp/htdocs/wireless/vendor/laravel/framework/src/Illuminate/Routing/ControllerDispatcher.php(43): Illuminate\\Routing\\Controller->callAction()
#14 /opt/lampp/htdocs/wireless/vendor/laravel/framework/src/Illuminate/Routing/Route.php(259): Illuminate\\Routing\\ControllerDispatcher->dispatch()
#15 /opt/lampp/htdocs/wireless/vendor/laravel/framework/src/Illuminate/Routing/Route.php(205): Illuminate\\Routing\\Route->runController()
#16 /opt/lampp/htdocs/wireless/vendor/laravel/framework/src/Illuminate/Routing/Router.php(806): Illuminate\\Routing\\Route->run()
#17 /opt/lampp/htdocs/wireless/vendor/laravel/framework/src/Illuminate/Pipeline/Pipeline.php(144): Illuminate\\Routing\\Router->Illuminate\\Routing\\{closure}()
#18 /opt/lampp/htdocs/wireless/vendor/laravel/framework/src/Illuminate/Routing/Middleware/SubstituteBindings.php(50): Illuminate\\Pipeline\\Pipeline->Illuminate\\Pipeline\\{closure}()
#19 /opt/lampp/htdocs/wireless/vendor/laravel/framework/src/Illuminate/Pipeline/Pipeline.php(183): Illuminate\\Routing\\Middleware\\SubstituteBindings->handle()
#20 /opt/lampp/htdocs/wireless/vendor/laravel/framework/src/Illuminate/Foundation/Http/Middleware/VerifyCsrfToken.php(78): Illuminate\\Pipeline\\Pipeline->Illuminate\\Pipeline\\{closure}()
#21 /opt/lampp/htdocs/wireless/vendor/laravel/framework/src/Illuminate/Pipeline/Pipeline.php(183): Illuminate\\Foundation\\Http\\Middleware\\VerifyCsrfToken->handle()
#22 /opt/lampp/htdocs/wireless/vendor/laravel/framework/src/Illuminate/View/Middleware/ShareErrorsFromSession.php(49): Illuminate\\Pipeline\\Pipeline->Illuminate\\Pipeline\\{closure}()
#23 /opt/lampp/htdocs/wireless/vendor/laravel/framework/src/Illuminate/Pipeline/Pipeline.php(183): Illuminate\\View\\Middleware\\ShareErrorsFromSession->handle()
#24 /opt/lampp/htdocs/wireless/vendor/laravel/framework/src/Illuminate/Session/Middleware/StartSession.php(121): Illuminate\\Pipeline\\Pipeline->Illuminate\\Pipeline\\{closure}()
#25 /opt/lampp/htdocs/wireless/vendor/laravel/framework/src/Illuminate/Session/Middleware/StartSession.php(64): Illuminate\\Session\\Middleware\\StartSession->handleStatefulRequest()
#26 /opt/lampp/htdocs/wireless/vendor/laravel/framework/src/Illuminate/Pipeline/Pipeline.php(183): Illuminate\\Session\\Middleware\\StartSession->handle()
#27 /opt/lampp/htdocs/wireless/vendor/laravel/framework/src/Illuminate/Cookie/Middleware/AddQueuedCookiesToResponse.php(37): Illuminate\\Pipeline\\Pipeline->Illuminate\\Pipeline\\{closure}()
#28 /opt/lampp/htdocs/wireless/vendor/laravel/framework/src/Illuminate/Pipeline/Pipeline.php(183): Illuminate\\Cookie\\Middleware\\AddQueuedCookiesToResponse->handle()
#29 /opt/lampp/htdocs/wireless/vendor/laravel/framework/src/Illuminate/Cookie/Middleware/EncryptCookies.php(67): Illuminate\\Pipeline\\Pipeline->Illuminate\\Pipeline\\{closure}()
#30 /opt/lampp/htdocs/wireless/vendor/laravel/framework/src/Illuminate/Pipeline/Pipeline.php(183): Illuminate\\Cookie\\Middleware\\EncryptCookies->handle()
#31 /opt/lampp/htdocs/wireless/vendor/laravel/framework/src/Illuminate/Pipeline/Pipeline.php(119): Illuminate\\Pipeline\\Pipeline->Illuminate\\Pipeline\\{closure}()
#32 /opt/lampp/htdocs/wireless/vendor/laravel/framework/src/Illuminate/Routing/Router.php(805): Illuminate\\Pipeline\\Pipeline->then()
#33 /opt/lampp/htdocs/wireless/vendor/laravel/framework/src/Illuminate/Routing/Router.php(784): Illuminate\\Routing\\Router->runRouteWithinStack()
#34 /opt/lampp/htdocs/wireless/vendor/laravel/framework/src/Illuminate/Routing/Router.php(748): Illuminate\\Routing\\Router->runRoute()
#35 /opt/lampp/htdocs/wireless/vendor/laravel/framework/src/Illuminate/Routing/Router.php(737): Illuminate\\Routing\\Router->dispatchToRoute()
#36 /opt/lampp/htdocs/wireless/vendor/laravel/framework/src/Illuminate/Foundation/Http/Kernel.php(200): Illuminate\\Routing\\Router->dispatch()
#37 /opt/lampp/htdocs/wireless/vendor/laravel/framework/src/Illuminate/Pipeline/Pipeline.php(144): Illuminate\\Foundation\\Http\\Kernel->Illuminate\\Foundation\\Http\\{closure}()
#38 /opt/lampp/htdocs/wireless/vendor/livewire/livewire/src/Features/SupportDisablingBackButtonCache/DisableBackButtonCacheMiddleware.php(19): Illuminate\\Pipeline\\Pipeline->Illuminate\\Pipeline\\{closure}()
#39 /opt/lampp/htdocs/wireless/vendor/laravel/framework/src/Illuminate/Pipeline/Pipeline.php(183): Livewire\\Features\\SupportDisablingBackButtonCache\\DisableBackButtonCacheMiddleware->handle()
#40 /opt/lampp/htdocs/wireless/vendor/laravel/framework/src/Illuminate/Foundation/Http/Middleware/TransformsRequest.php(21): Illuminate\\Pipeline\\Pipeline->Illuminate\\Pipeline\\{closure}()
#41 /opt/lampp/htdocs/wireless/vendor/laravel/framework/src/Illuminate/Foundation/Http/Middleware/ConvertEmptyStringsToNull.php(31): Illuminate\\Foundation\\Http\\Middleware\\TransformsRequest->handle()
#42 /opt/lampp/htdocs/wireless/vendor/laravel/framework/src/Illuminate/Pipeline/Pipeline.php(183): Illuminate\\Foundation\\Http\\Middleware\\ConvertEmptyStringsToNull->handle()
#43 /opt/lampp/htdocs/wireless/vendor/laravel/framework/src/Illuminate/Foundation/Http/Middleware/TransformsRequest.php(21): Illuminate\\Pipeline\\Pipeline->Illuminate\\Pipeline\\{closure}()
#44 /opt/lampp/htdocs/wireless/vendor/laravel/framework/src/Illuminate/Foundation/Http/Middleware/TrimStrings.php(40): Illuminate\\Foundation\\Http\\Middleware\\TransformsRequest->handle()
#45 /opt/lampp/htdocs/wireless/vendor/laravel/framework/src/Illuminate/Pipeline/Pipeline.php(183): Illuminate\\Foundation\\Http\\Middleware\\TrimStrings->handle()
#46 /opt/lampp/htdocs/wireless/vendor/laravel/framework/src/Illuminate/Foundation/Http/Middleware/ValidatePostSize.php(27): Illuminate\\Pipeline\\Pipeline->Illuminate\\Pipeline\\{closure}()
#47 /opt/lampp/htdocs/wireless/vendor/laravel/framework/src/Illuminate/Pipeline/Pipeline.php(183): Illuminate\\Foundation\\Http\\Middleware\\ValidatePostSize->handle()
#48 /opt/lampp/htdocs/wireless/vendor/laravel/framework/src/Illuminate/Foundation/Http/Middleware/PreventRequestsDuringMaintenance.php(99): Illuminate\\Pipeline\\Pipeline->Illuminate\\Pipeline\\{closure}()
#49 /opt/lampp/htdocs/wireless/vendor/laravel/framework/src/Illuminate/Pipeline/Pipeline.php(183): Illuminate\\Foundation\\Http\\Middleware\\PreventRequestsDuringMaintenance->handle()
#50 /opt/lampp/htdocs/wireless/vendor/laravel/framework/src/Illuminate/Http/Middleware/HandleCors.php(49): Illuminate\\Pipeline\\Pipeline->Illuminate\\Pipeline\\{closure}()
#51 /opt/lampp/htdocs/wireless/vendor/laravel/framework/src/Illuminate/Pipeline/Pipeline.php(183): Illuminate\\Http\\Middleware\\HandleCors->handle()
#52 /opt/lampp/htdocs/wireless/vendor/laravel/framework/src/Illuminate/Http/Middleware/TrustProxies.php(39): Illuminate\\Pipeline\\Pipeline->Illuminate\\Pipeline\\{closure}()
#53 /opt/lampp/htdocs/wireless/vendor/laravel/framework/src/Illuminate/Pipeline/Pipeline.php(183): Illuminate\\Http\\Middleware\\TrustProxies->handle()
#54 /opt/lampp/htdocs/wireless/vendor/laravel/framework/src/Illuminate/Pipeline/Pipeline.php(119): Illuminate\\Pipeline\\Pipeline->Illuminate\\Pipeline\\{closure}()
#55 /opt/lampp/htdocs/wireless/vendor/laravel/framework/src/Illuminate/Foundation/Http/Kernel.php(175): Illuminate\\Pipeline\\Pipeline->then()
#56 /opt/lampp/htdocs/wireless/vendor/laravel/framework/src/Illuminate/Foundation/Http/Kernel.php(144): Illuminate\\Foundation\\Http\\Kernel->sendRequestThroughRouter()
#57 /opt/lampp/htdocs/wireless/public/index.php(51): Illuminate\\Foundation\\Http\\Kernel->handle()
#58 /opt/lampp/htdocs/wireless/vendor/laravel/framework/src/Illuminate/Foundation/resources/server.php(16): require_once('...')
#59 {main}
"} 
[2026-03-06 13:54:29] production.ERROR: SQLSTATE[42S02]: Base table or view not found: 1146 Table 'wireless.text_widgets' doesn't exist (Connection: mysql, SQL: select * from `text_widgets` where `key` = about-us-sidebar limit 1) {"view":{"view":"/opt/lampp/htdocs/wireless/resources/views/layouts/app.blade.php","data":[]},"exception":"[object] (Spatie\\LaravelIgnition\\Exceptions\\ViewException(code: 0): SQLSTATE[42S02]: Base table or view not found: 1146 Table 'wireless.text_widgets' doesn't exist (Connection: mysql, SQL: select * from `text_widgets` where `key` = about-us-sidebar limit 1) at /opt/lampp/htdocs/wireless/vendor/laravel/framework/src/Illuminate/Database/Connection.php:822)
[stacktrace]
#0 /opt/lampp/htdocs/wireless/vendor/laravel/framework/src/Illuminate/Database/Connection.php(776): Illuminate\\Database\\Connection->runQueryCallback()
#1 /opt/lampp/htdocs/wireless/vendor/laravel/framework/src/Illuminate/Database/Connection.php(407): Illuminate\\Database\\Connection->run()
#2 /opt/lampp/htdocs/wireless/vendor/laravel/framework/src/Illuminate/Database/Query/Builder.php(2751): Illuminate\\Database\\Connection->select()
#3 /opt/lampp/htdocs/wireless/vendor/laravel/framework/src/Illuminate/Database/Query/Builder.php(2740): Illuminate\\Database\\Query\\Builder->runSelect()
#4 /opt/lampp/htdocs/wireless/vendor/laravel/framework/src/Illuminate/Database/Query/Builder.php(3294): Illuminate\\Database\\Query\\Builder->Illuminate\\Database\\Query\\{closure}()
#5 /opt/lampp/htdocs/wireless/vendor/laravel/framework/src/Illuminate/Database/Query/Builder.php(2739): Illuminate\\Database\\Query\\Builder->onceWithColumns()
#6 /opt/lampp/htdocs/wireless/vendor/laravel/framework/src/Illuminate/Database/Eloquent/Builder.php(737): Illuminate\\Database\\Query\\Builder->get()
#7 /opt/lampp/htdocs/wireless/vendor/laravel/framework/src/Illuminate/Database/Eloquent/Builder.php(721): Illuminate\\Database\\Eloquent\\Builder->getModels()
#8 /opt/lampp/htdocs/wireless/vendor/laravel/framework/src/Illuminate/Database/Concerns/BuildsQueries.php(333): Illuminate\\Database\\Eloquent\\Builder->get()
#9 /opt/lampp/htdocs/wireless/app/Models/TextWidget.php(35): Illuminate\\Database\\Eloquent\\Builder->first()
#10 /opt/lampp/htdocs/wireless/vendor/laravel/framework/src/Illuminate/Collections/helpers.php(224): App\\Models\\TextWidget::App\\Models\\{closure}()
#11 /opt/lampp/htdocs/wireless/vendor/laravel/framework/src/Illuminate/Cache/Repository.php(107): value()
#12 /opt/lampp/htdocs/wireless/vendor/laravel/framework/src/Illuminate/Cache/CacheManager.php(429): Illuminate\\Cache\\Repository->get()
#13 /opt/lampp/htdocs/wireless/vendor/laravel/framework/src/Illuminate/Support/Facades/Facade.php(355): Illuminate\\Cache\\CacheManager->__call()
#14 /opt/lampp/htdocs/wireless/app/Models/TextWidget.php(34): Illuminate\\Support\\Facades\\Facade::__callStatic()
#15 /opt/lampp/htdocs/wireless/resources/views/layouts/app.blade.php(291): App\\Models\\TextWidget::getContent()
#16 /opt/lampp/htdocs/wireless/vendor/laravel/framework/src/Illuminate/Filesystem/Filesystem.php(124): require('...')
#17 /opt/lampp/htdocs/wireless/vendor/laravel/framework/src/Illuminate/Filesystem/Filesystem.php(125): Illuminate\\Filesystem\\Filesystem::Illuminate\\Filesystem\\{closure}()
#18 /opt/lampp/htdocs/wireless/vendor/laravel/framework/src/Illuminate/View/Engines/PhpEngine.php(58): Illuminate\\Filesystem\\Filesystem->getRequire()
#19 /opt/lampp/htdocs/wireless/vendor/livewire/livewire/src/Mechanisms/ExtendBlade/ExtendedCompilerEngine.php(22): Illuminate\\View\\Engines\\PhpEngine->evaluatePath()
#20 /opt/lampp/htdocs/wireless/vendor/laravel/framework/src/Illuminate/View/Engines/CompilerEngine.php(72): Livewire\\Mechanisms\\ExtendBlade\\ExtendedCompilerEngine->evaluatePath()
#21 /opt/lampp/htdocs/wireless/vendor/livewire/livewire/src/Mechanisms/ExtendBlade/ExtendedCompilerEngine.php(10): Illuminate\\View\\Engines\\CompilerEngine->get()
#22 /opt/lampp/htdocs/wireless/vendor/laravel/framework/src/Illuminate/View/View.php(207): Livewire\\Mechanisms\\ExtendBlade\\ExtendedCompilerEngine->get()
#23 /opt/lampp/htdocs/wireless/vendor/laravel/framework/src/Illuminate/View/View.php(190): Illuminate\\View\\View->getContents()
#24 /opt/lampp/htdocs/wireless/vendor/laravel/framework/src/Illuminate/View/View.php(159): Illuminate\\View\\View->renderContents()
#25 /opt/lampp/htdocs/wireless/vendor/laravel/framework/src/Illuminate/View/Concerns/ManagesComponents.php(99): Illuminate\\View\\View->render()
#26 /opt/lampp/htdocs/wireless/resources/views/errors/404.blade.php(45): Illuminate\\View\\Factory->renderComponent()
#27 /opt/lampp/htdocs/wireless/vendor/laravel/framework/src/Illuminate/Filesystem/Filesystem.php(124): require('...')
#28 /opt/lampp/htdocs/wireless/vendor/laravel/framework/src/Illuminate/Filesystem/Filesystem.php(125): Illuminate\\Filesystem\\Filesystem::Illuminate\\Filesystem\\{closure}()
#29 /opt/lampp/htdocs/wireless/vendor/laravel/framework/src/Illuminate/View/Engines/PhpEngine.php(58): Illuminate\\Filesystem\\Filesystem->getRequire()
#30 /opt/lampp/htdocs/wireless/vendor/livewire/livewire/src/Mechanisms/ExtendBlade/ExtendedCompilerEngine.php(22): Illuminate\\View\\Engines\\PhpEngine->evaluatePath()
#31 /opt/lampp/htdocs/wireless/vendor/laravel/framework/src/Illuminate/View/Engines/CompilerEngine.php(72): Livewire\\Mechanisms\\ExtendBlade\\ExtendedCompilerEngine->evaluatePath()
#32 /opt/lampp/htdocs/wireless/vendor/livewire/livewire/src/Mechanisms/ExtendBlade/ExtendedCompilerEngine.php(10): Illuminate\\View\\Engines\\CompilerEngine->get()
#33 /opt/lampp/htdocs/wireless/vendor/laravel/framework/src/Illuminate/View/View.php(207): Livewire\\Mechanisms\\ExtendBlade\\ExtendedCompilerEngine->get()
#34 /opt/lampp/htdocs/wireless/vendor/laravel/framework/src/Illuminate/View/View.php(190): Illuminate\\View\\View->getContents()
#35 /opt/lampp/htdocs/wireless/vendor/laravel/framework/src/Illuminate/View/View.php(159): Illuminate\\View\\View->renderContents()
#36 /opt/lampp/htdocs/wireless/vendor/laravel/framework/src/Illuminate/Http/Response.php(69): Illuminate\\View\\View->render()
#37 /opt/lampp/htdocs/wireless/vendor/laravel/framework/src/Illuminate/Http/Response.php(35): Illuminate\\Http\\Response->setContent()
#38 /opt/lampp/htdocs/wireless/vendor/laravel/framework/src/Illuminate/Routing/ResponseFactory.php(57): Illuminate\\Http\\Response->__construct()
#39 /opt/lampp/htdocs/wireless/vendor/laravel/framework/src/Illuminate/Routing/ResponseFactory.php(87): Illuminate\\Routing\\ResponseFactory->make()
#40 /opt/lampp/htdocs/wireless/vendor/laravel/framework/src/Illuminate/Foundation/Exceptions/Handler.php(723): Illuminate\\Routing\\ResponseFactory->view()
#41 /opt/lampp/htdocs/wireless/vendor/laravel/framework/src/Illuminate/Foundation/Exceptions/Handler.php(650): Illuminate\\Foundation\\Exceptions\\Handler->renderHttpException()
#42 /opt/lampp/htdocs/wireless/vendor/laravel/framework/src/Illuminate/Foundation/Exceptions/Handler.php(556): Illuminate\\Foundation\\Exceptions\\Handler->prepareResponse()
#43 /opt/lampp/htdocs/wireless/vendor/laravel/framework/src/Illuminate/Foundation/Exceptions/Handler.php(473): Illuminate\\Foundation\\Exceptions\\Handler->renderExceptionResponse()
#44 /opt/lampp/htdocs/wireless/vendor/laravel/framework/src/Illuminate/Routing/Pipeline.php(51): Illuminate\\Foundation\\Exceptions\\Handler->render()
#45 /opt/lampp/htdocs/wireless/vendor/laravel/framework/src/Illuminate/Pipeline/Pipeline.php(188): Illuminate\\Routing\\Pipeline->handleException()
#46 /opt/lampp/htdocs/wireless/vendor/laravel/framework/src/Illuminate/Pipeline/Pipeline.php(119): Illuminate\\Pipeline\\Pipeline->Illuminate\\Pipeline\\{closure}()
#47 /opt/lampp/htdocs/wireless/vendor/laravel/framework/src/Illuminate/Routing/Router.php(805): Illuminate\\Pipeline\\Pipeline->then()
#48 /opt/lampp/htdocs/wireless/vendor/laravel/framework/src/Illuminate/Routing/Router.php(784): Illuminate\\Routing\\Router->runRouteWithinStack()
#49 /opt/lampp/htdocs/wireless/vendor/laravel/framework/src/Illuminate/Routing/Router.php(748): Illuminate\\Routing\\Router->runRoute()
#50 /opt/lampp/htdocs/wireless/vendor/laravel/framework/src/Illuminate/Routing/Router.php(737): Illuminate\\Routing\\Router->dispatchToRoute()
#51 /opt/lampp/htdocs/wireless/vendor/laravel/framework/src/Illuminate/Foundation/Http/Kernel.php(200): Illuminate\\Routing\\Router->dispatch()
#52 /opt/lampp/htdocs/wireless/vendor/laravel/framework/src/Illuminate/Pipeline/Pipeline.php(144): Illuminate\\Foundation\\Http\\Kernel->Illuminate\\Foundation\\Http\\{closure}()
#53 /opt/lampp/htdocs/wireless/vendor/livewire/livewire/src/Features/SupportDisablingBackButtonCache/DisableBackButtonCacheMiddleware.php(19): Illuminate\\Pipeline\\Pipeline->Illuminate\\Pipeline\\{closure}()
#54 /opt/lampp/htdocs/wireless/vendor/laravel/framework/src/Illuminate/Pipeline/Pipeline.php(183): Livewire\\Features\\SupportDisablingBackButtonCache\\DisableBackButtonCacheMiddleware->handle()
#55 /opt/lampp/htdocs/wireless/vendor/laravel/framework/src/Illuminate/Foundation/Http/Middleware/TransformsRequest.php(21): Illuminate\\Pipeline\\Pipeline->Illuminate\\Pipeline\\{closure}()
#56 /opt/lampp/htdocs/wireless/vendor/laravel/framework/src/Illuminate/Foundation/Http/Middleware/ConvertEmptyStringsToNull.php(31): Illuminate\\Foundation\\Http\\Middleware\\TransformsRequest->handle()
#57 /opt/lampp/htdocs/wireless/vendor/laravel/framework/src/Illuminate/Pipeline/Pipeline.php(183): Illuminate\\Foundation\\Http\\Middleware\\ConvertEmptyStringsToNull->handle()
#58 /opt/lampp/htdocs/wireless/vendor/laravel/framework/src/Illuminate/Foundation/Http/Middleware/TransformsRequest.php(21): Illuminate\\Pipeline\\Pipeline->Illuminate\\Pipeline\\{closure}()
#59 /opt/lampp/htdocs/wireless/vendor/laravel/framework/src/Illuminate/Foundation/Http/Middleware/TrimStrings.php(40): Illuminate\\Foundation\\Http\\Middleware\\TransformsRequest->handle()
#60 /opt/lampp/htdocs/wireless/vendor/laravel/framework/src/Illuminate/Pipeline/Pipeline.php(183): Illuminate\\Foundation\\Http\\Middleware\\TrimStrings->handle()
#61 /opt/lampp/htdocs/wireless/vendor/laravel/framework/src/Illuminate/Foundation/Http/Middleware/ValidatePostSize.php(27): Illuminate\\Pipeline\\Pipeline->Illuminate\\Pipeline\\{closure}()
#62 /opt/lampp/htdocs/wireless/vendor/laravel/framework/src/Illuminate/Pipeline/Pipeline.php(183): Illuminate\\Foundation\\Http\\Middleware\\ValidatePostSize->handle()
#63 /opt/lampp/htdocs/wireless/vendor/laravel/framework/src/Illuminate/Foundation/Http/Middleware/PreventRequestsDuringMaintenance.php(99): Illuminate\\Pipeline\\Pipeline->Illuminate\\Pipeline\\{closure}()
#64 /opt/lampp/htdocs/wireless/vendor/laravel/framework/src/Illuminate/Pipeline/Pipeline.php(183): Illuminate\\Foundation\\Http\\Middleware\\PreventRequestsDuringMaintenance->handle()
#65 /opt/lampp/htdocs/wireless/vendor/laravel/framework/src/Illuminate/Http/Middleware/HandleCors.php(49): Illuminate\\Pipeline\\Pipeline->Illuminate\\Pipeline\\{closure}()
#66 /opt/lampp/htdocs/wireless/vendor/laravel/framework/src/Illuminate/Pipeline/Pipeline.php(183): Illuminate\\Http\\Middleware\\HandleCors->handle()
#67 /opt/lampp/htdocs/wireless/vendor/laravel/framework/src/Illuminate/Http/Middleware/TrustProxies.php(39): Illuminate\\Pipeline\\Pipeline->Illuminate\\Pipeline\\{closure}()
#68 /opt/lampp/htdocs/wireless/vendor/laravel/framework/src/Illuminate/Pipeline/Pipeline.php(183): Illuminate\\Http\\Middleware\\TrustProxies->handle()
#69 /opt/lampp/htdocs/wireless/vendor/laravel/framework/src/Illuminate/Pipeline/Pipeline.php(119): Illuminate\\Pipeline\\Pipeline->Illuminate\\Pipeline\\{closure}()
#70 /opt/lampp/htdocs/wireless/vendor/laravel/framework/src/Illuminate/Foundation/Http/Kernel.php(175): Illuminate\\Pipeline\\Pipeline->then()
#71 /opt/lampp/htdocs/wireless/vendor/laravel/framework/src/Illuminate/Foundation/Http/Kernel.php(144): Illuminate\\Foundation\\Http\\Kernel->sendRequestThroughRouter()
#72 /opt/lampp/htdocs/wireless/public/index.php(51): Illuminate\\Foundation\\Http\\Kernel->handle()
#73 /opt/lampp/htdocs/wireless/vendor/laravel/framework/src/Illuminate/Foundation/resources/server.php(16): require_once('...')
#74 {main}

[previous exception] [object] (Illuminate\\Database\\QueryException(code: 42S02): SQLSTATE[42S02]: Base table or view not found: 1146 Table 'wireless.text_widgets' doesn't exist (Connection: mysql, SQL: select * from `text_widgets` where `key` = about-us-sidebar limit 1) at /opt/lampp/htdocs/wireless/vendor/laravel/framework/src/Illuminate/Database/Connection.php:822)
[stacktrace]
#0 /opt/lampp/htdocs/wireless/vendor/laravel/framework/src/Illuminate/Database/Connection.php(776): Illuminate\\Database\\Connection->runQueryCallback()
#1 /opt/lampp/htdocs/wireless/vendor/laravel/framework/src/Illuminate/Database/Connection.php(407): Illuminate\\Database\\Connection->run()
#2 /opt/lampp/htdocs/wireless/vendor/laravel/framework/src/Illuminate/Database/Query/Builder.php(2751): Illuminate\\Database\\Connection->select()
#3 /opt/lampp/htdocs/wireless/vendor/laravel/framework/src/Illuminate/Database/Query/Builder.php(2740): Illuminate\\Database\\Query\\Builder->runSelect()
#4 /opt/lampp/htdocs/wireless/vendor/laravel/framework/src/Illuminate/Database/Query/Builder.php(3294): Illuminate\\Database\\Query\\Builder->Illuminate\\Database\\Query\\{closure}()
#5 /opt/lampp/htdocs/wireless/vendor/laravel/framework/src/Illuminate/Database/Query/Builder.php(2739): Illuminate\\Database\\Query\\Builder->onceWithColumns()
#6 /opt/lampp/htdocs/wireless/vendor/laravel/framework/src/Illuminate/Database/Eloquent/Builder.php(737): Illuminate\\Database\\Query\\Builder->get()
#7 /opt/lampp/htdocs/wireless/vendor/laravel/framework/src/Illuminate/Database/Eloquent/Builder.php(721): Illuminate\\Database\\Eloquent\\Builder->getModels()
#8 /opt/lampp/htdocs/wireless/vendor/laravel/framework/src/Illuminate/Database/Concerns/BuildsQueries.php(333): Illuminate\\Database\\Eloquent\\Builder->get()
#9 /opt/lampp/htdocs/wireless/app/Models/TextWidget.php(35): Illuminate\\Database\\Eloquent\\Builder->first()
#10 /opt/lampp/htdocs/wireless/vendor/laravel/framework/src/Illuminate/Collections/helpers.php(224): App\\Models\\TextWidget::App\\Models\\{closure}()
#11 /opt/lampp/htdocs/wireless/vendor/laravel/framework/src/Illuminate/Cache/Repository.php(107): value()
#12 /opt/lampp/htdocs/wireless/vendor/laravel/framework/src/Illuminate/Cache/CacheManager.php(429): Illuminate\\Cache\\Repository->get()
#13 /opt/lampp/htdocs/wireless/vendor/laravel/framework/src/Illuminate/Support/Facades/Facade.php(355): Illuminate\\Cache\\CacheManager->__call()
#14 /opt/lampp/htdocs/wireless/app/Models/TextWidget.php(34): Illuminate\\Support\\Facades\\Facade::__callStatic()
#15 /opt/lampp/htdocs/wireless/storage/framework/views/4918ade9d894dbbdc113be650a0f2910.php(405): App\\Models\\TextWidget::getContent()
#16 /opt/lampp/htdocs/wireless/vendor/laravel/framework/src/Illuminate/Filesystem/Filesystem.php(124): require('...')
#17 /opt/lampp/htdocs/wireless/vendor/laravel/framework/src/Illuminate/Filesystem/Filesystem.php(125): Illuminate\\Filesystem\\Filesystem::Illuminate\\Filesystem\\{closure}()
#18 /opt/lampp/htdocs/wireless/vendor/laravel/framework/src/Illuminate/View/Engines/PhpEngine.php(58): Illuminate\\Filesystem\\Filesystem->getRequire()
#19 /opt/lampp/htdocs/wireless/vendor/livewire/livewire/src/Mechanisms/ExtendBlade/ExtendedCompilerEngine.php(22): Illuminate\\View\\Engines\\PhpEngine->evaluatePath()
#20 /opt/lampp/htdocs/wireless/vendor/laravel/framework/src/Illuminate/View/Engines/CompilerEngine.php(72): Livewire\\Mechanisms\\ExtendBlade\\ExtendedCompilerEngine->evaluatePath()
#21 /opt/lampp/htdocs/wireless/vendor/livewire/livewire/src/Mechanisms/ExtendBlade/ExtendedCompilerEngine.php(10): Illuminate\\View\\Engines\\CompilerEngine->get()
#22 /opt/lampp/htdocs/wireless/vendor/laravel/framework/src/Illuminate/View/View.php(207): Livewire\\Mechanisms\\ExtendBlade\\ExtendedCompilerEngine->get()
#23 /opt/lampp/htdocs/wireless/vendor/laravel/framework/src/Illuminate/View/View.php(190): Illuminate\\View\\View->getContents()
#24 /opt/lampp/htdocs/wireless/vendor/laravel/framework/src/Illuminate/View/View.php(159): Illuminate\\View\\View->renderContents()
#25 /opt/lampp/htdocs/wireless/vendor/laravel/framework/src/Illuminate/View/Concerns/ManagesComponents.php(99): Illuminate\\View\\View->render()
#26 /opt/lampp/htdocs/wireless/storage/framework/views/6c98e84b92353b4122cb1cc648a9d157.php(45): Illuminate\\View\\Factory->renderComponent()
#27 /opt/lampp/htdocs/wireless/vendor/laravel/framework/src/Illuminate/Filesystem/Filesystem.php(124): require('...')
#28 /opt/lampp/htdocs/wireless/vendor/laravel/framework/src/Illuminate/Filesystem/Filesystem.php(125): Illuminate\\Filesystem\\Filesystem::Illuminate\\Filesystem\\{closure}()
#29 /opt/lampp/htdocs/wireless/vendor/laravel/framework/src/Illuminate/View/Engines/PhpEngine.php(58): Illuminate\\Filesystem\\Filesystem->getRequire()
#30 /opt/lampp/htdocs/wireless/vendor/livewire/livewire/src/Mechanisms/ExtendBlade/ExtendedCompilerEngine.php(22): Illuminate\\View\\Engines\\PhpEngine->evaluatePath()
#31 /opt/lampp/htdocs/wireless/vendor/laravel/framework/src/Illuminate/View/Engines/CompilerEngine.php(72): Livewire\\Mechanisms\\ExtendBlade\\ExtendedCompilerEngine->evaluatePath()
#32 /opt/lampp/htdocs/wireless/vendor/livewire/livewire/src/Mechanisms/ExtendBlade/ExtendedCompilerEngine.php(10): Illuminate\\View\\Engines\\CompilerEngine->get()
#33 /opt/lampp/htdocs/wireless/vendor/laravel/framework/src/Illuminate/View/View.php(207): Livewire\\Mechanisms\\ExtendBlade\\ExtendedCompilerEngine->get()
#34 /opt/lampp/htdocs/wireless/vendor/laravel/framework/src/Illuminate/View/View.php(190): Illuminate\\View\\View->getContents()
#35 /opt/lampp/htdocs/wireless/vendor/laravel/framework/src/Illuminate/View/View.php(159): Illuminate\\View\\View->renderContents()
#36 /opt/lampp/htdocs/wireless/vendor/laravel/framework/src/Illuminate/Http/Response.php(69): Illuminate\\View\\View->render()
#37 /opt/lampp/htdocs/wireless/vendor/laravel/framework/src/Illuminate/Http/Response.php(35): Illuminate\\Http\\Response->setContent()
#38 /opt/lampp/htdocs/wireless/vendor/laravel/framework/src/Illuminate/Routing/ResponseFactory.php(57): Illuminate\\Http\\Response->__construct()
#39 /opt/lampp/htdocs/wireless/vendor/laravel/framework/src/Illuminate/Routing/ResponseFactory.php(87): Illuminate\\Routing\\ResponseFactory->make()
#40 /opt/lampp/htdocs/wireless/vendor/laravel/framework/src/Illuminate/Foundation/Exceptions/Handler.php(723): Illuminate\\Routing\\ResponseFactory->view()
#41 /opt/lampp/htdocs/wireless/vendor/laravel/framework/src/Illuminate/Foundation/Exceptions/Handler.php(650): Illuminate\\Foundation\\Exceptions\\Handler->renderHttpException()
#42 /opt/lampp/htdocs/wireless/vendor/laravel/framework/src/Illuminate/Foundation/Exceptions/Handler.php(556): Illuminate\\Foundation\\Exceptions\\Handler->prepareResponse()
#43 /opt/lampp/htdocs/wireless/vendor/laravel/framework/src/Illuminate/Foundation/Exceptions/Handler.php(473): Illuminate\\Foundation\\Exceptions\\Handler->renderExceptionResponse()
#44 /opt/lampp/htdocs/wireless/vendor/laravel/framework/src/Illuminate/Routing/Pipeline.php(51): Illuminate\\Foundation\\Exceptions\\Handler->render()
#45 /opt/lampp/htdocs/wireless/vendor/laravel/framework/src/Illuminate/Pipeline/Pipeline.php(188): Illuminate\\Routing\\Pipeline->handleException()
#46 /opt/lampp/htdocs/wireless/vendor/laravel/framework/src/Illuminate/Pipeline/Pipeline.php(119): Illuminate\\Pipeline\\Pipeline->Illuminate\\Pipeline\\{closure}()
#47 /opt/lampp/htdocs/wireless/vendor/laravel/framework/src/Illuminate/Routing/Router.php(805): Illuminate\\Pipeline\\Pipeline->then()
#48 /opt/lampp/htdocs/wireless/vendor/laravel/framework/src/Illuminate/Routing/Router.php(784): Illuminate\\Routing\\Router->runRouteWithinStack()
#49 /opt/lampp/htdocs/wireless/vendor/laravel/framework/src/Illuminate/Routing/Router.php(748): Illuminate\\Routing\\Router->runRoute()
#50 /opt/lampp/htdocs/wireless/vendor/laravel/framework/src/Illuminate/Routing/Router.php(737): Illuminate\\Routing\\Router->dispatchToRoute()
#51 /opt/lampp/htdocs/wireless/vendor/laravel/framework/src/Illuminate/Foundation/Http/Kernel.php(200): Illuminate\\Routing\\Router->dispatch()
#52 /opt/lampp/htdocs/wireless/vendor/laravel/framework/src/Illuminate/Pipeline/Pipeline.php(144): Illuminate\\Foundation\\Http\\Kernel->Illuminate\\Foundation\\Http\\{closure}()
#53 /opt/lampp/htdocs/wireless/vendor/livewire/livewire/src/Features/SupportDisablingBackButtonCache/DisableBackButtonCacheMiddleware.php(19): Illuminate\\Pipeline\\Pipeline->Illuminate\\Pipeline\\{closure}()
#54 /opt/lampp/htdocs/wireless/vendor/laravel/framework/src/Illuminate/Pipeline/Pipeline.php(183): Livewire\\Features\\SupportDisablingBackButtonCache\\DisableBackButtonCacheMiddleware->handle()
#55 /opt/lampp/htdocs/wireless/vendor/laravel/framework/src/Illuminate/Foundation/Http/Middleware/TransformsRequest.php(21): Illuminate\\Pipeline\\Pipeline->Illuminate\\Pipeline\\{closure}()
#56 /opt/lampp/htdocs/wireless/vendor/laravel/framework/src/Illuminate/Foundation/Http/Middleware/ConvertEmptyStringsToNull.php(31): Illuminate\\Foundation\\Http\\Middleware\\TransformsRequest->handle()
#57 /opt/lampp/htdocs/wireless/vendor/laravel/framework/src/Illuminate/Pipeline/Pipeline.php(183): Illuminate\\Foundation\\Http\\Middleware\\ConvertEmptyStringsToNull->handle()
#58 /opt/lampp/htdocs/wireless/vendor/laravel/framework/src/Illuminate/Foundation/Http/Middleware/TransformsRequest.php(21): Illuminate\\Pipeline\\Pipeline->Illuminate\\Pipeline\\{closure}()
#59 /opt/lampp/htdocs/wireless/vendor/laravel/framework/src/Illuminate/Foundation/Http/Middleware/TrimStrings.php(40): Illuminate\\Foundation\\Http\\Middleware\\TransformsRequest->handle()
#60 /opt/lampp/htdocs/wireless/vendor/laravel/framework/src/Illuminate/Pipeline/Pipeline.php(183): Illuminate\\Foundation\\Http\\Middleware\\TrimStrings->handle()
#61 /opt/lampp/htdocs/wireless/vendor/laravel/framework/src/Illuminate/Foundation/Http/Middleware/ValidatePostSize.php(27): Illuminate\\Pipeline\\Pipeline->Illuminate\\Pipeline\\{closure}()
#62 /opt/lampp/htdocs/wireless/vendor/laravel/framework/src/Illuminate/Pipeline/Pipeline.php(183): Illuminate\\Foundation\\Http\\Middleware\\ValidatePostSize->handle()
#63 /opt/lampp/htdocs/wireless/vendor/laravel/framework/src/Illuminate/Foundation/Http/Middleware/PreventRequestsDuringMaintenance.php(99): Illuminate\\Pipeline\\Pipeline->Illuminate\\Pipeline\\{closure}()
#64 /opt/lampp/htdocs/wireless/vendor/laravel/framework/src/Illuminate/Pipeline/Pipeline.php(183): Illuminate\\Foundation\\Http\\Middleware\\PreventRequestsDuringMaintenance->handle()
#65 /opt/lampp/htdocs/wireless/vendor/laravel/framework/src/Illuminate/Http/Middleware/HandleCors.php(49): Illuminate\\Pipeline\\Pipeline->Illuminate\\Pipeline\\{closure}()
#66 /opt/lampp/htdocs/wireless/vendor/laravel/framework/src/Illuminate/Pipeline/Pipeline.php(183): Illuminate\\Http\\Middleware\\HandleCors->handle()
#67 /opt/lampp/htdocs/wireless/vendor/laravel/framework/src/Illuminate/Http/Middleware/TrustProxies.php(39): Illuminate\\Pipeline\\Pipeline->Illuminate\\Pipeline\\{closure}()
#68 /opt/lampp/htdocs/wireless/vendor/laravel/framework/src/Illuminate/Pipeline/Pipeline.php(183): Illuminate\\Http\\Middleware\\TrustProxies->handle()
#69 /opt/lampp/htdocs/wireless/vendor/laravel/framework/src/Illuminate/Pipeline/Pipeline.php(119): Illuminate\\Pipeline\\Pipeline->Illuminate\\Pipeline\\{closure}()
#70 /opt/lampp/htdocs/wireless/vendor/laravel/framework/src/Illuminate/Foundation/Http/Kernel.php(175): Illuminate\\Pipeline\\Pipeline->then()
#71 /opt/lampp/htdocs/wireless/vendor/laravel/framework/src/Illuminate/Foundation/Http/Kernel.php(144): Illuminate\\Foundation\\Http\\Kernel->sendRequestThroughRouter()
#72 /opt/lampp/htdocs/wireless/public/index.php(51): Illuminate\\Foundation\\Http\\Kernel->handle()
#73 /opt/lampp/htdocs/wireless/vendor/laravel/framework/src/Illuminate/Foundation/resources/server.php(16): require_once('...')
#74 {main}

[previous exception] [object] (PDOException(code: 42S02): SQLSTATE[42S02]: Base table or view not found: 1146 Table 'wireless.text_widgets' doesn't exist at /opt/lampp/htdocs/wireless/vendor/laravel/framework/src/Illuminate/Database/Connection.php:416)
[stacktrace]
#0 /opt/lampp/htdocs/wireless/vendor/laravel/framework/src/Illuminate/Database/Connection.php(416): PDO->prepare()
#1 /opt/lampp/htdocs/wireless/vendor/laravel/framework/src/Illuminate/Database/Connection.php(809): Illuminate\\Database\\Connection->Illuminate\\Database\\{closure}()
#2 /opt/lampp/htdocs/wireless/vendor/laravel/framework/src/Illuminate/Database/Connection.php(776): Illuminate\\Database\\Connection->runQueryCallback()
#3 /opt/lampp/htdocs/wireless/vendor/laravel/framework/src/Illuminate/Database/Connection.php(407): Illuminate\\Database\\Connection->run()
#4 /opt/lampp/htdocs/wireless/vendor/laravel/framework/src/Illuminate/Database/Query/Builder.php(2751): Illuminate\\Database\\Connection->select()
#5 /opt/lampp/htdocs/wireless/vendor/laravel/framework/src/Illuminate/Database/Query/Builder.php(2740): Illuminate\\Database\\Query\\Builder->runSelect()
#6 /opt/lampp/htdocs/wireless/vendor/laravel/framework/src/Illuminate/Database/Query/Builder.php(3294): Illuminate\\Database\\Query\\Builder->Illuminate\\Database\\Query\\{closure}()
#7 /opt/lampp/htdocs/wireless/vendor/laravel/framework/src/Illuminate/Database/Query/Builder.php(2739): Illuminate\\Database\\Query\\Builder->onceWithColumns()
#8 /opt/lampp/htdocs/wireless/vendor/laravel/framework/src/Illuminate/Database/Eloquent/Builder.php(737): Illuminate\\Database\\Query\\Builder->get()
#9 /opt/lampp/htdocs/wireless/vendor/laravel/framework/src/Illuminate/Database/Eloquent/Builder.php(721): Illuminate\\Database\\Eloquent\\Builder->getModels()
#10 /opt/lampp/htdocs/wireless/vendor/laravel/framework/src/Illuminate/Database/Concerns/BuildsQueries.php(333): Illuminate\\Database\\Eloquent\\Builder->get()
#11 /opt/lampp/htdocs/wireless/app/Models/TextWidget.php(35): Illuminate\\Database\\Eloquent\\Builder->first()
#12 /opt/lampp/htdocs/wireless/vendor/laravel/framework/src/Illuminate/Collections/helpers.php(224): App\\Models\\TextWidget::App\\Models\\{closure}()
#13 /opt/lampp/htdocs/wireless/vendor/laravel/framework/src/Illuminate/Cache/Repository.php(107): value()
#14 /opt/lampp/htdocs/wireless/vendor/laravel/framework/src/Illuminate/Cache/CacheManager.php(429): Illuminate\\Cache\\Repository->get()
#15 /opt/lampp/htdocs/wireless/vendor/laravel/framework/src/Illuminate/Support/Facades/Facade.php(355): Illuminate\\Cache\\CacheManager->__call()
#16 /opt/lampp/htdocs/wireless/app/Models/TextWidget.php(34): Illuminate\\Support\\Facades\\Facade::__callStatic()
#17 /opt/lampp/htdocs/wireless/storage/framework/views/4918ade9d894dbbdc113be650a0f2910.php(405): App\\Models\\TextWidget::getContent()
#18 /opt/lampp/htdocs/wireless/vendor/laravel/framework/src/Illuminate/Filesystem/Filesystem.php(124): require('...')
#19 /opt/lampp/htdocs/wireless/vendor/laravel/framework/src/Illuminate/Filesystem/Filesystem.php(125): Illuminate\\Filesystem\\Filesystem::Illuminate\\Filesystem\\{closure}()
#20 /opt/lampp/htdocs/wireless/vendor/laravel/framework/src/Illuminate/View/Engines/PhpEngine.php(58): Illuminate\\Filesystem\\Filesystem->getRequire()
#21 /opt/lampp/htdocs/wireless/vendor/livewire/livewire/src/Mechanisms/ExtendBlade/ExtendedCompilerEngine.php(22): Illuminate\\View\\Engines\\PhpEngine->evaluatePath()
#22 /opt/lampp/htdocs/wireless/vendor/laravel/framework/src/Illuminate/View/Engines/CompilerEngine.php(72): Livewire\\Mechanisms\\ExtendBlade\\ExtendedCompilerEngine->evaluatePath()
#23 /opt/lampp/htdocs/wireless/vendor/livewire/livewire/src/Mechanisms/ExtendBlade/ExtendedCompilerEngine.php(10): Illuminate\\View\\Engines\\CompilerEngine->get()
#24 /opt/lampp/htdocs/wireless/vendor/laravel/framework/src/Illuminate/View/View.php(207): Livewire\\Mechanisms\\ExtendBlade\\ExtendedCompilerEngine->get()
#25 /opt/lampp/htdocs/wireless/vendor/laravel/framework/src/Illuminate/View/View.php(190): Illuminate\\View\\View->getContents()
#26 /opt/lampp/htdocs/wireless/vendor/laravel/framework/src/Illuminate/View/View.php(159): Illuminate\\View\\View->renderContents()
#27 /opt/lampp/htdocs/wireless/vendor/laravel/framework/src/Illuminate/View/Concerns/ManagesComponents.php(99): Illuminate\\View\\View->render()
#28 /opt/lampp/htdocs/wireless/storage/framework/views/6c98e84b92353b4122cb1cc648a9d157.php(45): Illuminate\\View\\Factory->renderComponent()
#29 /opt/lampp/htdocs/wireless/vendor/laravel/framework/src/Illuminate/Filesystem/Filesystem.php(124): require('...')
#30 /opt/lampp/htdocs/wireless/vendor/laravel/framework/src/Illuminate/Filesystem/Filesystem.php(125): Illuminate\\Filesystem\\Filesystem::Illuminate\\Filesystem\\{closure}()
#31 /opt/lampp/htdocs/wireless/vendor/laravel/framework/src/Illuminate/View/Engines/PhpEngine.php(58): Illuminate\\Filesystem\\Filesystem->getRequire()
#32 /opt/lampp/htdocs/wireless/vendor/livewire/livewire/src/Mechanisms/ExtendBlade/ExtendedCompilerEngine.php(22): Illuminate\\View\\Engines\\PhpEngine->evaluatePath()
#33 /opt/lampp/htdocs/wireless/vendor/laravel/framework/src/Illuminate/View/Engines/CompilerEngine.php(72): Livewire\\Mechanisms\\ExtendBlade\\ExtendedCompilerEngine->evaluatePath()
#34 /opt/lampp/htdocs/wireless/vendor/livewire/livewire/src/Mechanisms/ExtendBlade/ExtendedCompilerEngine.php(10): Illuminate\\View\\Engines\\CompilerEngine->get()
#35 /opt/lampp/htdocs/wireless/vendor/laravel/framework/src/Illuminate/View/View.php(207): Livewire\\Mechanisms\\ExtendBlade\\ExtendedCompilerEngine->get()
#36 /opt/lampp/htdocs/wireless/vendor/laravel/framework/src/Illuminate/View/View.php(190): Illuminate\\View\\View->getContents()
#37 /opt/lampp/htdocs/wireless/vendor/laravel/framework/src/Illuminate/View/View.php(159): Illuminate\\View\\View->renderContents()
#38 /opt/lampp/htdocs/wireless/vendor/laravel/framework/src/Illuminate/Http/Response.php(69): Illuminate\\View\\View->render()
#39 /opt/lampp/htdocs/wireless/vendor/laravel/framework/src/Illuminate/Http/Response.php(35): Illuminate\\Http\\Response->setContent()
#40 /opt/lampp/htdocs/wireless/vendor/laravel/framework/src/Illuminate/Routing/ResponseFactory.php(57): Illuminate\\Http\\Response->__construct()
#41 /opt/lampp/htdocs/wireless/vendor/laravel/framework/src/Illuminate/Routing/ResponseFactory.php(87): Illuminate\\Routing\\ResponseFactory->make()
#42 /opt/lampp/htdocs/wireless/vendor/laravel/framework/src/Illuminate/Foundation/Exceptions/Handler.php(723): Illuminate\\Routing\\ResponseFactory->view()
#43 /opt/lampp/htdocs/wireless/vendor/laravel/framework/src/Illuminate/Foundation/Exceptions/Handler.php(650): Illuminate\\Foundation\\Exceptions\\Handler->renderHttpException()
#44 /opt/lampp/htdocs/wireless/vendor/laravel/framework/src/Illuminate/Foundation/Exceptions/Handler.php(556): Illuminate\\Foundation\\Exceptions\\Handler->prepareResponse()
#45 /opt/lampp/htdocs/wireless/vendor/laravel/framework/src/Illuminate/Foundation/Exceptions/Handler.php(473): Illuminate\\Foundation\\Exceptions\\Handler->renderExceptionResponse()
#46 /opt/lampp/htdocs/wireless/vendor/laravel/framework/src/Illuminate/Routing/Pipeline.php(51): Illuminate\\Foundation\\Exceptions\\Handler->render()
#47 /opt/lampp/htdocs/wireless/vendor/laravel/framework/src/Illuminate/Pipeline/Pipeline.php(188): Illuminate\\Routing\\Pipeline->handleException()
#48 /opt/lampp/htdocs/wireless/vendor/laravel/framework/src/Illuminate/Pipeline/Pipeline.php(119): Illuminate\\Pipeline\\Pipeline->Illuminate\\Pipeline\\{closure}()
#49 /opt/lampp/htdocs/wireless/vendor/laravel/framework/src/Illuminate/Routing/Router.php(805): Illuminate\\Pipeline\\Pipeline->then()
#50 /opt/lampp/htdocs/wireless/vendor/laravel/framework/src/Illuminate/Routing/Router.php(784): Illuminate\\Routing\\Router->runRouteWithinStack()
#51 /opt/lampp/htdocs/wireless/vendor/laravel/framework/src/Illuminate/Routing/Router.php(748): Illuminate\\Routing\\Router->runRoute()
#52 /opt/lampp/htdocs/wireless/vendor/laravel/framework/src/Illuminate/Routing/Router.php(737): Illuminate\\Routing\\Router->dispatchToRoute()
#53 /opt/lampp/htdocs/wireless/vendor/laravel/framework/src/Illuminate/Foundation/Http/Kernel.php(200): Illuminate\\Routing\\Router->dispatch()
#54 /opt/lampp/htdocs/wireless/vendor/laravel/framework/src/Illuminate/Pipeline/Pipeline.php(144): Illuminate\\Foundation\\Http\\Kernel->Illuminate\\Foundation\\Http\\{closure}()
#55 /opt/lampp/htdocs/wireless/vendor/livewire/livewire/src/Features/SupportDisablingBackButtonCache/DisableBackButtonCacheMiddleware.php(19): Illuminate\\Pipeline\\Pipeline->Illuminate\\Pipeline\\{closure}()
#56 /opt/lampp/htdocs/wireless/vendor/laravel/framework/src/Illuminate/Pipeline/Pipeline.php(183): Livewire\\Features\\SupportDisablingBackButtonCache\\DisableBackButtonCacheMiddleware->handle()
#57 /opt/lampp/htdocs/wireless/vendor/laravel/framework/src/Illuminate/Foundation/Http/Middleware/TransformsRequest.php(21): Illuminate\\Pipeline\\Pipeline->Illuminate\\Pipeline\\{closure}()
#58 /opt/lampp/htdocs/wireless/vendor/laravel/framework/src/Illuminate/Foundation/Http/Middleware/ConvertEmptyStringsToNull.php(31): Illuminate\\Foundation\\Http\\Middleware\\TransformsRequest->handle()
#59 /opt/lampp/htdocs/wireless/vendor/laravel/framework/src/Illuminate/Pipeline/Pipeline.php(183): Illuminate\\Foundation\\Http\\Middleware\\ConvertEmptyStringsToNull->handle()
#60 /opt/lampp/htdocs/wireless/vendor/laravel/framework/src/Illuminate/Foundation/Http/Middleware/TransformsRequest.php(21): Illuminate\\Pipeline\\Pipeline->Illuminate\\Pipeline\\{closure}()
#61 /opt/lampp/htdocs/wireless/vendor/laravel/framework/src/Illuminate/Foundation/Http/Middleware/TrimStrings.php(40): Illuminate\\Foundation\\Http\\Middleware\\TransformsRequest->handle()
#62 /opt/lampp/htdocs/wireless/vendor/laravel/framework/src/Illuminate/Pipeline/Pipeline.php(183): Illuminate\\Foundation\\Http\\Middleware\\TrimStrings->handle()
#63 /opt/lampp/htdocs/wireless/vendor/laravel/framework/src/Illuminate/Foundation/Http/Middleware/ValidatePostSize.php(27): Illuminate\\Pipeline\\Pipeline->Illuminate\\Pipeline\\{closure}()
#64 /opt/lampp/htdocs/wireless/vendor/laravel/framework/src/Illuminate/Pipeline/Pipeline.php(183): Illuminate\\Foundation\\Http\\Middleware\\ValidatePostSize->handle()
#65 /opt/lampp/htdocs/wireless/vendor/laravel/framework/src/Illuminate/Foundation/Http/Middleware/PreventRequestsDuringMaintenance.php(99): Illuminate\\Pipeline\\Pipeline->Illuminate\\Pipeline\\{closure}()
#66 /opt/lampp/htdocs/wireless/vendor/laravel/framework/src/Illuminate/Pipeline/Pipeline.php(183): Illuminate\\Foundation\\Http\\Middleware\\PreventRequestsDuringMaintenance->handle()
#67 /opt/lampp/htdocs/wireless/vendor/laravel/framework/src/Illuminate/Http/Middleware/HandleCors.php(49): Illuminate\\Pipeline\\Pipeline->Illuminate\\Pipeline\\{closure}()
#68 /opt/lampp/htdocs/wireless/vendor/laravel/framework/src/Illuminate/Pipeline/Pipeline.php(183): Illuminate\\Http\\Middleware\\HandleCors->handle()
#69 /opt/lampp/htdocs/wireless/vendor/laravel/framework/src/Illuminate/Http/Middleware/TrustProxies.php(39): Illuminate\\Pipeline\\Pipeline->Illuminate\\Pipeline\\{closure}()
#70 /opt/lampp/htdocs/wireless/vendor/laravel/framework/src/Illuminate/Pipeline/Pipeline.php(183): Illuminate\\Http\\Middleware\\TrustProxies->handle()
#71 /opt/lampp/htdocs/wireless/vendor/laravel/framework/src/Illuminate/Pipeline/Pipeline.php(119): Illuminate\\Pipeline\\Pipeline->Illuminate\\Pipeline\\{closure}()
#72 /opt/lampp/htdocs/wireless/vendor/laravel/framework/src/Illuminate/Foundation/Http/Kernel.php(175): Illuminate\\Pipeline\\Pipeline->then()
#73 /opt/lampp/htdocs/wireless/vendor/laravel/framework/src/Illuminate/Foundation/Http/Kernel.php(144): Illuminate\\Foundation\\Http\\Kernel->sendRequestThroughRouter()
#74 /opt/lampp/htdocs/wireless/public/index.php(51): Illuminate\\Foundation\\Http\\Kernel->handle()
#75 /opt/lampp/htdocs/wireless/vendor/laravel/framework/src/Illuminate/Foundation/resources/server.php(16): require_once('...')
#76 {main}
"} 
[2026-03-06 13:54:46] production.ERROR: SQLSTATE[42S22]: Column not found: 1054 Unknown column 'posts.published_at' in 'where clause' (Connection: mysql, SQL: select * from `posts` where date(`posts`.`published_at`) <= 2026-03-06 order by `published_at` desc limit 1) {"exception":"[object] (Illuminate\\Database\\QueryException(code: 42S22): SQLSTATE[42S22]: Column not found: 1054 Unknown column 'posts.published_at' in 'where clause' (Connection: mysql, SQL: select * from `posts` where date(`posts`.`published_at`) <= 2026-03-06 order by `published_at` desc limit 1) at /opt/lampp/htdocs/wireless/vendor/laravel/framework/src/Illuminate/Database/Connection.php:822)
[stacktrace]
#0 /opt/lampp/htdocs/wireless/vendor/laravel/framework/src/Illuminate/Database/Connection.php(776): Illuminate\\Database\\Connection->runQueryCallback()
#1 /opt/lampp/htdocs/wireless/vendor/laravel/framework/src/Illuminate/Database/Connection.php(407): Illuminate\\Database\\Connection->run()
#2 /opt/lampp/htdocs/wireless/vendor/laravel/framework/src/Illuminate/Database/Query/Builder.php(2751): Illuminate\\Database\\Connection->select()
#3 /opt/lampp/htdocs/wireless/vendor/laravel/framework/src/Illuminate/Database/Query/Builder.php(2740): Illuminate\\Database\\Query\\Builder->runSelect()
#4 /opt/lampp/htdocs/wireless/vendor/laravel/framework/src/Illuminate/Database/Query/Builder.php(3294): Illuminate\\Database\\Query\\Builder->Illuminate\\Database\\Query\\{closure}()
#5 /opt/lampp/htdocs/wireless/vendor/laravel/framework/src/Illuminate/Database/Query/Builder.php(2739): Illuminate\\Database\\Query\\Builder->onceWithColumns()
#6 /opt/lampp/htdocs/wireless/vendor/laravel/framework/src/Illuminate/Database/Eloquent/Builder.php(737): Illuminate\\Database\\Query\\Builder->get()
#7 /opt/lampp/htdocs/wireless/vendor/laravel/framework/src/Illuminate/Database/Eloquent/Builder.php(721): Illuminate\\Database\\Eloquent\\Builder->getModels()
#8 /opt/lampp/htdocs/wireless/vendor/laravel/framework/src/Illuminate/Database/Concerns/BuildsQueries.php(333): Illuminate\\Database\\Eloquent\\Builder->get()
#9 /opt/lampp/htdocs/wireless/app/Http/Controllers/PostController.php(29): Illuminate\\Database\\Eloquent\\Builder->first()
#10 /opt/lampp/htdocs/wireless/vendor/laravel/framework/src/Illuminate/Routing/Controller.php(54): App\\Http\\Controllers\\PostController->home()
#11 /opt/lampp/htdocs/wireless/vendor/laravel/framework/src/Illuminate/Routing/ControllerDispatcher.php(43): Illuminate\\Routing\\Controller->callAction()
#12 /opt/lampp/htdocs/wireless/vendor/laravel/framework/src/Illuminate/Routing/Route.php(259): Illuminate\\Routing\\ControllerDispatcher->dispatch()
#13 /opt/lampp/htdocs/wireless/vendor/laravel/framework/src/Illuminate/Routing/Route.php(205): Illuminate\\Routing\\Route->runController()
#14 /opt/lampp/htdocs/wireless/vendor/laravel/framework/src/Illuminate/Routing/Router.php(806): Illuminate\\Routing\\Route->run()
#15 /opt/lampp/htdocs/wireless/vendor/laravel/framework/src/Illuminate/Pipeline/Pipeline.php(144): Illuminate\\Routing\\Router->Illuminate\\Routing\\{closure}()
#16 /opt/lampp/htdocs/wireless/vendor/laravel/framework/src/Illuminate/Routing/Middleware/SubstituteBindings.php(50): Illuminate\\Pipeline\\Pipeline->Illuminate\\Pipeline\\{closure}()
#17 /opt/lampp/htdocs/wireless/vendor/laravel/framework/src/Illuminate/Pipeline/Pipeline.php(183): Illuminate\\Routing\\Middleware\\SubstituteBindings->handle()
#18 /opt/lampp/htdocs/wireless/vendor/laravel/framework/src/Illuminate/Foundation/Http/Middleware/VerifyCsrfToken.php(78): Illuminate\\Pipeline\\Pipeline->Illuminate\\Pipeline\\{closure}()
#19 /opt/lampp/htdocs/wireless/vendor/laravel/framework/src/Illuminate/Pipeline/Pipeline.php(183): Illuminate\\Foundation\\Http\\Middleware\\VerifyCsrfToken->handle()
#20 /opt/lampp/htdocs/wireless/vendor/laravel/framework/src/Illuminate/View/Middleware/ShareErrorsFromSession.php(49): Illuminate\\Pipeline\\Pipeline->Illuminate\\Pipeline\\{closure}()
#21 /opt/lampp/htdocs/wireless/vendor/laravel/framework/src/Illuminate/Pipeline/Pipeline.php(183): Illuminate\\View\\Middleware\\ShareErrorsFromSession->handle()
#22 /opt/lampp/htdocs/wireless/vendor/laravel/framework/src/Illuminate/Session/Middleware/StartSession.php(121): Illuminate\\Pipeline\\Pipeline->Illuminate\\Pipeline\\{closure}()
#23 /opt/lampp/htdocs/wireless/vendor/laravel/framework/src/Illuminate/Session/Middleware/StartSession.php(64): Illuminate\\Session\\Middleware\\StartSession->handleStatefulRequest()
#24 /opt/lampp/htdocs/wireless/vendor/laravel/framework/src/Illuminate/Pipeline/Pipeline.php(183): Illuminate\\Session\\Middleware\\StartSession->handle()
#25 /opt/lampp/htdocs/wireless/vendor/laravel/framework/src/Illuminate/Cookie/Middleware/AddQueuedCookiesToResponse.php(37): Illuminate\\Pipeline\\Pipeline->Illuminate\\Pipeline\\{closure}()
#26 /opt/lampp/htdocs/wireless/vendor/laravel/framework/src/Illuminate/Pipeline/Pipeline.php(183): Illuminate\\Cookie\\Middleware\\AddQueuedCookiesToResponse->handle()
#27 /opt/lampp/htdocs/wireless/vendor/laravel/framework/src/Illuminate/Cookie/Middleware/EncryptCookies.php(67): Illuminate\\Pipeline\\Pipeline->Illuminate\\Pipeline\\{closure}()
#28 /opt/lampp/htdocs/wireless/vendor/laravel/framework/src/Illuminate/Pipeline/Pipeline.php(183): Illuminate\\Cookie\\Middleware\\EncryptCookies->handle()
#29 /opt/lampp/htdocs/wireless/vendor/laravel/framework/src/Illuminate/Pipeline/Pipeline.php(119): Illuminate\\Pipeline\\Pipeline->Illuminate\\Pipeline\\{closure}()
#30 /opt/lampp/htdocs/wireless/vendor/laravel/framework/src/Illuminate/Routing/Router.php(805): Illuminate\\Pipeline\\Pipeline->then()
#31 /opt/lampp/htdocs/wireless/vendor/laravel/framework/src/Illuminate/Routing/Router.php(784): Illuminate\\Routing\\Router->runRouteWithinStack()
#32 /opt/lampp/htdocs/wireless/vendor/laravel/framework/src/Illuminate/Routing/Router.php(748): Illuminate\\Routing\\Router->runRoute()
#33 /opt/lampp/htdocs/wireless/vendor/laravel/framework/src/Illuminate/Routing/Router.php(737): Illuminate\\Routing\\Router->dispatchToRoute()
#34 /opt/lampp/htdocs/wireless/vendor/laravel/framework/src/Illuminate/Foundation/Http/Kernel.php(200): Illuminate\\Routing\\Router->dispatch()
#35 /opt/lampp/htdocs/wireless/vendor/laravel/framework/src/Illuminate/Pipeline/Pipeline.php(144): Illuminate\\Foundation\\Http\\Kernel->Illuminate\\Foundation\\Http\\{closure}()
#36 /opt/lampp/htdocs/wireless/vendor/livewire/livewire/src/Features/SupportDisablingBackButtonCache/DisableBackButtonCacheMiddleware.php(19): Illuminate\\Pipeline\\Pipeline->Illuminate\\Pipeline\\{closure}()
#37 /opt/lampp/htdocs/wireless/vendor/laravel/framework/src/Illuminate/Pipeline/Pipeline.php(183): Livewire\\Features\\SupportDisablingBackButtonCache\\DisableBackButtonCacheMiddleware->handle()
#38 /opt/lampp/htdocs/wireless/vendor/laravel/framework/src/Illuminate/Foundation/Http/Middleware/TransformsRequest.php(21): Illuminate\\Pipeline\\Pipeline->Illuminate\\Pipeline\\{closure}()
#39 /opt/lampp/htdocs/wireless/vendor/laravel/framework/src/Illuminate/Foundation/Http/Middleware/ConvertEmptyStringsToNull.php(31): Illuminate\\Foundation\\Http\\Middleware\\TransformsRequest->handle()
#40 /opt/lampp/htdocs/wireless/vendor/laravel/framework/src/Illuminate/Pipeline/Pipeline.php(183): Illuminate\\Foundation\\Http\\Middleware\\ConvertEmptyStringsToNull->handle()
#41 /opt/lampp/htdocs/wireless/vendor/laravel/framework/src/Illuminate/Foundation/Http/Middleware/TransformsRequest.php(21): Illuminate\\Pipeline\\Pipeline->Illuminate\\Pipeline\\{closure}()
#42 /opt/lampp/htdocs/wireless/vendor/laravel/framework/src/Illuminate/Foundation/Http/Middleware/TrimStrings.php(40): Illuminate\\Foundation\\Http\\Middleware\\TransformsRequest->handle()
#43 /opt/lampp/htdocs/wireless/vendor/laravel/framework/src/Illuminate/Pipeline/Pipeline.php(183): Illuminate\\Foundation\\Http\\Middleware\\TrimStrings->handle()
#44 /opt/lampp/htdocs/wireless/vendor/laravel/framework/src/Illuminate/Foundation/Http/Middleware/ValidatePostSize.php(27): Illuminate\\Pipeline\\Pipeline->Illuminate\\Pipeline\\{closure}()
#45 /opt/lampp/htdocs/wireless/vendor/laravel/framework/src/Illuminate/Pipeline/Pipeline.php(183): Illuminate\\Foundation\\Http\\Middleware\\ValidatePostSize->handle()
#46 /opt/lampp/htdocs/wireless/vendor/laravel/framework/src/Illuminate/Foundation/Http/Middleware/PreventRequestsDuringMaintenance.php(99): Illuminate\\Pipeline\\Pipeline->Illuminate\\Pipeline\\{closure}()
#47 /opt/lampp/htdocs/wireless/vendor/laravel/framework/src/Illuminate/Pipeline/Pipeline.php(183): Illuminate\\Foundation\\Http\\Middleware\\PreventRequestsDuringMaintenance->handle()
#48 /opt/lampp/htdocs/wireless/vendor/laravel/framework/src/Illuminate/Http/Middleware/HandleCors.php(49): Illuminate\\Pipeline\\Pipeline->Illuminate\\Pipeline\\{closure}()
#49 /opt/lampp/htdocs/wireless/vendor/laravel/framework/src/Illuminate/Pipeline/Pipeline.php(183): Illuminate\\Http\\Middleware\\HandleCors->handle()
#50 /opt/lampp/htdocs/wireless/vendor/laravel/framework/src/Illuminate/Http/Middleware/TrustProxies.php(39): Illuminate\\Pipeline\\Pipeline->Illuminate\\Pipeline\\{closure}()
#51 /opt/lampp/htdocs/wireless/vendor/laravel/framework/src/Illuminate/Pipeline/Pipeline.php(183): Illuminate\\Http\\Middleware\\TrustProxies->handle()
#52 /opt/lampp/htdocs/wireless/vendor/laravel/framework/src/Illuminate/Pipeline/Pipeline.php(119): Illuminate\\Pipeline\\Pipeline->Illuminate\\Pipeline\\{closure}()
#53 /opt/lampp/htdocs/wireless/vendor/laravel/framework/src/Illuminate/Foundation/Http/Kernel.php(175): Illuminate\\Pipeline\\Pipeline->then()
#54 /opt/lampp/htdocs/wireless/vendor/laravel/framework/src/Illuminate/Foundation/Http/Kernel.php(144): Illuminate\\Foundation\\Http\\Kernel->sendRequestThroughRouter()
#55 /opt/lampp/htdocs/wireless/public/index.php(51): Illuminate\\Foundation\\Http\\Kernel->handle()
#56 /opt/lampp/htdocs/wireless/vendor/laravel/framework/src/Illuminate/Foundation/resources/server.php(16): require_once('...')
#57 {main}

[previous exception] [object] (PDOException(code: 42S22): SQLSTATE[42S22]: Column not found: 1054 Unknown column 'posts.published_at' in 'where clause' at /opt/lampp/htdocs/wireless/vendor/laravel/framework/src/Illuminate/Database/Connection.php:416)
[stacktrace]
#0 /opt/lampp/htdocs/wireless/vendor/laravel/framework/src/Illuminate/Database/Connection.php(416): PDO->prepare()
#1 /opt/lampp/htdocs/wireless/vendor/laravel/framework/src/Illuminate/Database/Connection.php(809): Illuminate\\Database\\Connection->Illuminate\\Database\\{closure}()
#2 /opt/lampp/htdocs/wireless/vendor/laravel/framework/src/Illuminate/Database/Connection.php(776): Illuminate\\Database\\Connection->runQueryCallback()
#3 /opt/lampp/htdocs/wireless/vendor/laravel/framework/src/Illuminate/Database/Connection.php(407): Illuminate\\Database\\Connection->run()
#4 /opt/lampp/htdocs/wireless/vendor/laravel/framework/src/Illuminate/Database/Query/Builder.php(2751): Illuminate\\Database\\Connection->select()
#5 /opt/lampp/htdocs/wireless/vendor/laravel/framework/src/Illuminate/Database/Query/Builder.php(2740): Illuminate\\Database\\Query\\Builder->runSelect()
#6 /opt/lampp/htdocs/wireless/vendor/laravel/framework/src/Illuminate/Database/Query/Builder.php(3294): Illuminate\\Database\\Query\\Builder->Illuminate\\Database\\Query\\{closure}()
#7 /opt/lampp/htdocs/wireless/vendor/laravel/framework/src/Illuminate/Database/Query/Builder.php(2739): Illuminate\\Database\\Query\\Builder->onceWithColumns()
#8 /opt/lampp/htdocs/wireless/vendor/laravel/framework/src/Illuminate/Database/Eloquent/Builder.php(737): Illuminate\\Database\\Query\\Builder->get()
#9 /opt/lampp/htdocs/wireless/vendor/laravel/framework/src/Illuminate/Database/Eloquent/Builder.php(721): Illuminate\\Database\\Eloquent\\Builder->getModels()
#10 /opt/lampp/htdocs/wireless/vendor/laravel/framework/src/Illuminate/Database/Concerns/BuildsQueries.php(333): Illuminate\\Database\\Eloquent\\Builder->get()
#11 /opt/lampp/htdocs/wireless/app/Http/Controllers/PostController.php(29): Illuminate\\Database\\Eloquent\\Builder->first()
#12 /opt/lampp/htdocs/wireless/vendor/laravel/framework/src/Illuminate/Routing/Controller.php(54): App\\Http\\Controllers\\PostController->home()
#13 /opt/lampp/htdocs/wireless/vendor/laravel/framework/src/Illuminate/Routing/ControllerDispatcher.php(43): Illuminate\\Routing\\Controller->callAction()
#14 /opt/lampp/htdocs/wireless/vendor/laravel/framework/src/Illuminate/Routing/Route.php(259): Illuminate\\Routing\\ControllerDispatcher->dispatch()
#15 /opt/lampp/htdocs/wireless/vendor/laravel/framework/src/Illuminate/Routing/Route.php(205): Illuminate\\Routing\\Route->runController()
#16 /opt/lampp/htdocs/wireless/vendor/laravel/framework/src/Illuminate/Routing/Router.php(806): Illuminate\\Routing\\Route->run()
#17 /opt/lampp/htdocs/wireless/vendor/laravel/framework/src/Illuminate/Pipeline/Pipeline.php(144): Illuminate\\Routing\\Router->Illuminate\\Routing\\{closure}()
#18 /opt/lampp/htdocs/wireless/vendor/laravel/framework/src/Illuminate/Routing/Middleware/SubstituteBindings.php(50): Illuminate\\Pipeline\\Pipeline->Illuminate\\Pipeline\\{closure}()
#19 /opt/lampp/htdocs/wireless/vendor/laravel/framework/src/Illuminate/Pipeline/Pipeline.php(183): Illuminate\\Routing\\Middleware\\SubstituteBindings->handle()
#20 /opt/lampp/htdocs/wireless/vendor/laravel/framework/src/Illuminate/Foundation/Http/Middleware/VerifyCsrfToken.php(78): Illuminate\\Pipeline\\Pipeline->Illuminate\\Pipeline\\{closure}()
#21 /opt/lampp/htdocs/wireless/vendor/laravel/framework/src/Illuminate/Pipeline/Pipeline.php(183): Illuminate\\Foundation\\Http\\Middleware\\VerifyCsrfToken->handle()
#22 /opt/lampp/htdocs/wireless/vendor/laravel/framework/src/Illuminate/View/Middleware/ShareErrorsFromSession.php(49): Illuminate\\Pipeline\\Pipeline->Illuminate\\Pipeline\\{closure}()
#23 /opt/lampp/htdocs/wireless/vendor/laravel/framework/src/Illuminate/Pipeline/Pipeline.php(183): Illuminate\\View\\Middleware\\ShareErrorsFromSession->handle()
#24 /opt/lampp/htdocs/wireless/vendor/laravel/framework/src/Illuminate/Session/Middleware/StartSession.php(121): Illuminate\\Pipeline\\Pipeline->Illuminate\\Pipeline\\{closure}()
#25 /opt/lampp/htdocs/wireless/vendor/laravel/framework/src/Illuminate/Session/Middleware/StartSession.php(64): Illuminate\\Session\\Middleware\\StartSession->handleStatefulRequest()
#26 /opt/lampp/htdocs/wireless/vendor/laravel/framework/src/Illuminate/Pipeline/Pipeline.php(183): Illuminate\\Session\\Middleware\\StartSession->handle()
#27 /opt/lampp/htdocs/wireless/vendor/laravel/framework/src/Illuminate/Cookie/Middleware/AddQueuedCookiesToResponse.php(37): Illuminate\\Pipeline\\Pipeline->Illuminate\\Pipeline\\{closure}()
#28 /opt/lampp/htdocs/wireless/vendor/laravel/framework/src/Illuminate/Pipeline/Pipeline.php(183): Illuminate\\Cookie\\Middleware\\AddQueuedCookiesToResponse->handle()
#29 /opt/lampp/htdocs/wireless/vendor/laravel/framework/src/Illuminate/Cookie/Middleware/EncryptCookies.php(67): Illuminate\\Pipeline\\Pipeline->Illuminate\\Pipeline\\{closure}()
#30 /opt/lampp/htdocs/wireless/vendor/laravel/framework/src/Illuminate/Pipeline/Pipeline.php(183): Illuminate\\Cookie\\Middleware\\EncryptCookies->handle()
#31 /opt/lampp/htdocs/wireless/vendor/laravel/framework/src/Illuminate/Pipeline/Pipeline.php(119): Illuminate\\Pipeline\\Pipeline->Illuminate\\Pipeline\\{closure}()
#32 /opt/lampp/htdocs/wireless/vendor/laravel/framework/src/Illuminate/Routing/Router.php(805): Illuminate\\Pipeline\\Pipeline->then()
#33 /opt/lampp/htdocs/wireless/vendor/laravel/framework/src/Illuminate/Routing/Router.php(784): Illuminate\\Routing\\Router->runRouteWithinStack()
#34 /opt/lampp/htdocs/wireless/vendor/laravel/framework/src/Illuminate/Routing/Router.php(748): Illuminate\\Routing\\Router->runRoute()
#35 /opt/lampp/htdocs/wireless/vendor/laravel/framework/src/Illuminate/Routing/Router.php(737): Illuminate\\Routing\\Router->dispatchToRoute()
#36 /opt/lampp/htdocs/wireless/vendor/laravel/framework/src/Illuminate/Foundation/Http/Kernel.php(200): Illuminate\\Routing\\Router->dispatch()
#37 /opt/lampp/htdocs/wireless/vendor/laravel/framework/src/Illuminate/Pipeline/Pipeline.php(144): Illuminate\\Foundation\\Http\\Kernel->Illuminate\\Foundation\\Http\\{closure}()
#38 /opt/lampp/htdocs/wireless/vendor/livewire/livewire/src/Features/SupportDisablingBackButtonCache/DisableBackButtonCacheMiddleware.php(19): Illuminate\\Pipeline\\Pipeline->Illuminate\\Pipeline\\{closure}()
#39 /opt/lampp/htdocs/wireless/vendor/laravel/framework/src/Illuminate/Pipeline/Pipeline.php(183): Livewire\\Features\\SupportDisablingBackButtonCache\\DisableBackButtonCacheMiddleware->handle()
#40 /opt/lampp/htdocs/wireless/vendor/laravel/framework/src/Illuminate/Foundation/Http/Middleware/TransformsRequest.php(21): Illuminate\\Pipeline\\Pipeline->Illuminate\\Pipeline\\{closure}()
#41 /opt/lampp/htdocs/wireless/vendor/laravel/framework/src/Illuminate/Foundation/Http/Middleware/ConvertEmptyStringsToNull.php(31): Illuminate\\Foundation\\Http\\Middleware\\TransformsRequest->handle()
#42 /opt/lampp/htdocs/wireless/vendor/laravel/framework/src/Illuminate/Pipeline/Pipeline.php(183): Illuminate\\Foundation\\Http\\Middleware\\ConvertEmptyStringsToNull->handle()
#43 /opt/lampp/htdocs/wireless/vendor/laravel/framework/src/Illuminate/Foundation/Http/Middleware/TransformsRequest.php(21): Illuminate\\Pipeline\\Pipeline->Illuminate\\Pipeline\\{closure}()
#44 /opt/lampp/htdocs/wireless/vendor/laravel/framework/src/Illuminate/Foundation/Http/Middleware/TrimStrings.php(40): Illuminate\\Foundation\\Http\\Middleware\\TransformsRequest->handle()
#45 /opt/lampp/htdocs/wireless/vendor/laravel/framework/src/Illuminate/Pipeline/Pipeline.php(183): Illuminate\\Foundation\\Http\\Middleware\\TrimStrings->handle()
#46 /opt/lampp/htdocs/wireless/vendor/laravel/framework/src/Illuminate/Foundation/Http/Middleware/ValidatePostSize.php(27): Illuminate\\Pipeline\\Pipeline->Illuminate\\Pipeline\\{closure}()
#47 /opt/lampp/htdocs/wireless/vendor/laravel/framework/src/Illuminate/Pipeline/Pipeline.php(183): Illuminate\\Foundation\\Http\\Middleware\\ValidatePostSize->handle()
#48 /opt/lampp/htdocs/wireless/vendor/laravel/framework/src/Illuminate/Foundation/Http/Middleware/PreventRequestsDuringMaintenance.php(99): Illuminate\\Pipeline\\Pipeline->Illuminate\\Pipeline\\{closure}()
#49 /opt/lampp/htdocs/wireless/vendor/laravel/framework/src/Illuminate/Pipeline/Pipeline.php(183): Illuminate\\Foundation\\Http\\Middleware\\PreventRequestsDuringMaintenance->handle()
#50 /opt/lampp/htdocs/wireless/vendor/laravel/framework/src/Illuminate/Http/Middleware/HandleCors.php(49): Illuminate\\Pipeline\\Pipeline->Illuminate\\Pipeline\\{closure}()
#51 /opt/lampp/htdocs/wireless/vendor/laravel/framework/src/Illuminate/Pipeline/Pipeline.php(183): Illuminate\\Http\\Middleware\\HandleCors->handle()
#52 /opt/lampp/htdocs/wireless/vendor/laravel/framework/src/Illuminate/Http/Middleware/TrustProxies.php(39): Illuminate\\Pipeline\\Pipeline->Illuminate\\Pipeline\\{closure}()
#53 /opt/lampp/htdocs/wireless/vendor/laravel/framework/src/Illuminate/Pipeline/Pipeline.php(183): Illuminate\\Http\\Middleware\\TrustProxies->handle()
#54 /opt/lampp/htdocs/wireless/vendor/laravel/framework/src/Illuminate/Pipeline/Pipeline.php(119): Illuminate\\Pipeline\\Pipeline->Illuminate\\Pipeline\\{closure}()
#55 /opt/lampp/htdocs/wireless/vendor/laravel/framework/src/Illuminate/Foundation/Http/Kernel.php(175): Illuminate\\Pipeline\\Pipeline->then()
#56 /opt/lampp/htdocs/wireless/vendor/laravel/framework/src/Illuminate/Foundation/Http/Kernel.php(144): Illuminate\\Foundation\\Http\\Kernel->sendRequestThroughRouter()
#57 /opt/lampp/htdocs/wireless/public/index.php(51): Illuminate\\Foundation\\Http\\Kernel->handle()
#58 /opt/lampp/htdocs/wireless/vendor/laravel/framework/src/Illuminate/Foundation/resources/server.php(16): require_once('...')
#59 {main}
"} 
[2026-03-06 13:54:46] production.ERROR: SQLSTATE[42S02]: Base table or view not found: 1146 Table 'wireless.text_widgets' doesn't exist (Connection: mysql, SQL: select * from `text_widgets` where `key` = about-us-sidebar limit 1) {"view":{"view":"/opt/lampp/htdocs/wireless/resources/views/layouts/app.blade.php","data":[]},"exception":"[object] (Spatie\\LaravelIgnition\\Exceptions\\ViewException(code: 0): SQLSTATE[42S02]: Base table or view not found: 1146 Table 'wireless.text_widgets' doesn't exist (Connection: mysql, SQL: select * from `text_widgets` where `key` = about-us-sidebar limit 1) at /opt/lampp/htdocs/wireless/vendor/laravel/framework/src/Illuminate/Database/Connection.php:822)
[stacktrace]
#0 /opt/lampp/htdocs/wireless/vendor/laravel/framework/src/Illuminate/Database/Connection.php(776): Illuminate\\Database\\Connection->runQueryCallback()
#1 /opt/lampp/htdocs/wireless/vendor/laravel/framework/src/Illuminate/Database/Connection.php(407): Illuminate\\Database\\Connection->run()
#2 /opt/lampp/htdocs/wireless/vendor/laravel/framework/src/Illuminate/Database/Query/Builder.php(2751): Illuminate\\Database\\Connection->select()
#3 /opt/lampp/htdocs/wireless/vendor/laravel/framework/src/Illuminate/Database/Query/Builder.php(2740): Illuminate\\Database\\Query\\Builder->runSelect()
#4 /opt/lampp/htdocs/wireless/vendor/laravel/framework/src/Illuminate/Database/Query/Builder.php(3294): Illuminate\\Database\\Query\\Builder->Illuminate\\Database\\Query\\{closure}()
#5 /opt/lampp/htdocs/wireless/vendor/laravel/framework/src/Illuminate/Database/Query/Builder.php(2739): Illuminate\\Database\\Query\\Builder->onceWithColumns()
#6 /opt/lampp/htdocs/wireless/vendor/laravel/framework/src/Illuminate/Database/Eloquent/Builder.php(737): Illuminate\\Database\\Query\\Builder->get()
#7 /opt/lampp/htdocs/wireless/vendor/laravel/framework/src/Illuminate/Database/Eloquent/Builder.php(721): Illuminate\\Database\\Eloquent\\Builder->getModels()
#8 /opt/lampp/htdocs/wireless/vendor/laravel/framework/src/Illuminate/Database/Concerns/BuildsQueries.php(333): Illuminate\\Database\\Eloquent\\Builder->get()
#9 /opt/lampp/htdocs/wireless/app/Models/TextWidget.php(35): Illuminate\\Database\\Eloquent\\Builder->first()
#10 /opt/lampp/htdocs/wireless/vendor/laravel/framework/src/Illuminate/Collections/helpers.php(224): App\\Models\\TextWidget::App\\Models\\{closure}()
#11 /opt/lampp/htdocs/wireless/vendor/laravel/framework/src/Illuminate/Cache/Repository.php(107): value()
#12 /opt/lampp/htdocs/wireless/vendor/laravel/framework/src/Illuminate/Cache/CacheManager.php(429): Illuminate\\Cache\\Repository->get()
#13 /opt/lampp/htdocs/wireless/vendor/laravel/framework/src/Illuminate/Support/Facades/Facade.php(355): Illuminate\\Cache\\CacheManager->__call()
#14 /opt/lampp/htdocs/wireless/app/Models/TextWidget.php(34): Illuminate\\Support\\Facades\\Facade::__callStatic()
#15 /opt/lampp/htdocs/wireless/resources/views/layouts/app.blade.php(291): App\\Models\\TextWidget::getContent()
#16 /opt/lampp/htdocs/wireless/vendor/laravel/framework/src/Illuminate/Filesystem/Filesystem.php(124): require('...')
#17 /opt/lampp/htdocs/wireless/vendor/laravel/framework/src/Illuminate/Filesystem/Filesystem.php(125): Illuminate\\Filesystem\\Filesystem::Illuminate\\Filesystem\\{closure}()
#18 /opt/lampp/htdocs/wireless/vendor/laravel/framework/src/Illuminate/View/Engines/PhpEngine.php(58): Illuminate\\Filesystem\\Filesystem->getRequire()
#19 /opt/lampp/htdocs/wireless/vendor/livewire/livewire/src/Mechanisms/ExtendBlade/ExtendedCompilerEngine.php(22): Illuminate\\View\\Engines\\PhpEngine->evaluatePath()
#20 /opt/lampp/htdocs/wireless/vendor/laravel/framework/src/Illuminate/View/Engines/CompilerEngine.php(72): Livewire\\Mechanisms\\ExtendBlade\\ExtendedCompilerEngine->evaluatePath()
#21 /opt/lampp/htdocs/wireless/vendor/livewire/livewire/src/Mechanisms/ExtendBlade/ExtendedCompilerEngine.php(10): Illuminate\\View\\Engines\\CompilerEngine->get()
#22 /opt/lampp/htdocs/wireless/vendor/laravel/framework/src/Illuminate/View/View.php(207): Livewire\\Mechanisms\\ExtendBlade\\ExtendedCompilerEngine->get()
#23 /opt/lampp/htdocs/wireless/vendor/laravel/framework/src/Illuminate/View/View.php(190): Illuminate\\View\\View->getContents()
#24 /opt/lampp/htdocs/wireless/vendor/laravel/framework/src/Illuminate/View/View.php(159): Illuminate\\View\\View->renderContents()
#25 /opt/lampp/htdocs/wireless/vendor/laravel/framework/src/Illuminate/View/Concerns/ManagesComponents.php(99): Illuminate\\View\\View->render()
#26 /opt/lampp/htdocs/wireless/resources/views/errors/404.blade.php(45): Illuminate\\View\\Factory->renderComponent()
#27 /opt/lampp/htdocs/wireless/vendor/laravel/framework/src/Illuminate/Filesystem/Filesystem.php(124): require('...')
#28 /opt/lampp/htdocs/wireless/vendor/laravel/framework/src/Illuminate/Filesystem/Filesystem.php(125): Illuminate\\Filesystem\\Filesystem::Illuminate\\Filesystem\\{closure}()
#29 /opt/lampp/htdocs/wireless/vendor/laravel/framework/src/Illuminate/View/Engines/PhpEngine.php(58): Illuminate\\Filesystem\\Filesystem->getRequire()
#30 /opt/lampp/htdocs/wireless/vendor/livewire/livewire/src/Mechanisms/ExtendBlade/ExtendedCompilerEngine.php(22): Illuminate\\View\\Engines\\PhpEngine->evaluatePath()
#31 /opt/lampp/htdocs/wireless/vendor/laravel/framework/src/Illuminate/View/Engines/CompilerEngine.php(72): Livewire\\Mechanisms\\ExtendBlade\\ExtendedCompilerEngine->evaluatePath()
#32 /opt/lampp/htdocs/wireless/vendor/livewire/livewire/src/Mechanisms/ExtendBlade/ExtendedCompilerEngine.php(10): Illuminate\\View\\Engines\\CompilerEngine->get()
#33 /opt/lampp/htdocs/wireless/vendor/laravel/framework/src/Illuminate/View/View.php(207): Livewire\\Mechanisms\\ExtendBlade\\ExtendedCompilerEngine->get()
#34 /opt/lampp/htdocs/wireless/vendor/laravel/framework/src/Illuminate/View/View.php(190): Illuminate\\View\\View->getContents()
#35 /opt/lampp/htdocs/wireless/vendor/laravel/framework/src/Illuminate/View/View.php(159): Illuminate\\View\\View->renderContents()
#36 /opt/lampp/htdocs/wireless/vendor/laravel/framework/src/Illuminate/Http/Response.php(69): Illuminate\\View\\View->render()
#37 /opt/lampp/htdocs/wireless/vendor/laravel/framework/src/Illuminate/Http/Response.php(35): Illuminate\\Http\\Response->setContent()
#38 /opt/lampp/htdocs/wireless/vendor/laravel/framework/src/Illuminate/Routing/ResponseFactory.php(57): Illuminate\\Http\\Response->__construct()
#39 /opt/lampp/htdocs/wireless/vendor/laravel/framework/src/Illuminate/Routing/ResponseFactory.php(87): Illuminate\\Routing\\ResponseFactory->make()
#40 /opt/lampp/htdocs/wireless/vendor/laravel/framework/src/Illuminate/Foundation/Exceptions/Handler.php(723): Illuminate\\Routing\\ResponseFactory->view()
#41 /opt/lampp/htdocs/wireless/vendor/laravel/framework/src/Illuminate/Foundation/Exceptions/Handler.php(650): Illuminate\\Foundation\\Exceptions\\Handler->renderHttpException()
#42 /opt/lampp/htdocs/wireless/vendor/laravel/framework/src/Illuminate/Foundation/Exceptions/Handler.php(556): Illuminate\\Foundation\\Exceptions\\Handler->prepareResponse()
#43 /opt/lampp/htdocs/wireless/vendor/laravel/framework/src/Illuminate/Foundation/Exceptions/Handler.php(473): Illuminate\\Foundation\\Exceptions\\Handler->renderExceptionResponse()
#44 /opt/lampp/htdocs/wireless/vendor/laravel/framework/src/Illuminate/Routing/Pipeline.php(51): Illuminate\\Foundation\\Exceptions\\Handler->render()
#45 /opt/lampp/htdocs/wireless/vendor/laravel/framework/src/Illuminate/Pipeline/Pipeline.php(188): Illuminate\\Routing\\Pipeline->handleException()
#46 /opt/lampp/htdocs/wireless/vendor/laravel/framework/src/Illuminate/Pipeline/Pipeline.php(119): Illuminate\\Pipeline\\Pipeline->Illuminate\\Pipeline\\{closure}()
#47 /opt/lampp/htdocs/wireless/vendor/laravel/framework/src/Illuminate/Routing/Router.php(805): Illuminate\\Pipeline\\Pipeline->then()
#48 /opt/lampp/htdocs/wireless/vendor/laravel/framework/src/Illuminate/Routing/Router.php(784): Illuminate\\Routing\\Router->runRouteWithinStack()
#49 /opt/lampp/htdocs/wireless/vendor/laravel/framework/src/Illuminate/Routing/Router.php(748): Illuminate\\Routing\\Router->runRoute()
#50 /opt/lampp/htdocs/wireless/vendor/laravel/framework/src/Illuminate/Routing/Router.php(737): Illuminate\\Routing\\Router->dispatchToRoute()
#51 /opt/lampp/htdocs/wireless/vendor/laravel/framework/src/Illuminate/Foundation/Http/Kernel.php(200): Illuminate\\Routing\\Router->dispatch()
#52 /opt/lampp/htdocs/wireless/vendor/laravel/framework/src/Illuminate/Pipeline/Pipeline.php(144): Illuminate\\Foundation\\Http\\Kernel->Illuminate\\Foundation\\Http\\{closure}()
#53 /opt/lampp/htdocs/wireless/vendor/livewire/livewire/src/Features/SupportDisablingBackButtonCache/DisableBackButtonCacheMiddleware.php(19): Illuminate\\Pipeline\\Pipeline->Illuminate\\Pipeline\\{closure}()
#54 /opt/lampp/htdocs/wireless/vendor/laravel/framework/src/Illuminate/Pipeline/Pipeline.php(183): Livewire\\Features\\SupportDisablingBackButtonCache\\DisableBackButtonCacheMiddleware->handle()
#55 /opt/lampp/htdocs/wireless/vendor/laravel/framework/src/Illuminate/Foundation/Http/Middleware/TransformsRequest.php(21): Illuminate\\Pipeline\\Pipeline->Illuminate\\Pipeline\\{closure}()
#56 /opt/lampp/htdocs/wireless/vendor/laravel/framework/src/Illuminate/Foundation/Http/Middleware/ConvertEmptyStringsToNull.php(31): Illuminate\\Foundation\\Http\\Middleware\\TransformsRequest->handle()
#57 /opt/lampp/htdocs/wireless/vendor/laravel/framework/src/Illuminate/Pipeline/Pipeline.php(183): Illuminate\\Foundation\\Http\\Middleware\\ConvertEmptyStringsToNull->handle()
#58 /opt/lampp/htdocs/wireless/vendor/laravel/framework/src/Illuminate/Foundation/Http/Middleware/TransformsRequest.php(21): Illuminate\\Pipeline\\Pipeline->Illuminate\\Pipeline\\{closure}()
#59 /opt/lampp/htdocs/wireless/vendor/laravel/framework/src/Illuminate/Foundation/Http/Middleware/TrimStrings.php(40): Illuminate\\Foundation\\Http\\Middleware\\TransformsRequest->handle()
#60 /opt/lampp/htdocs/wireless/vendor/laravel/framework/src/Illuminate/Pipeline/Pipeline.php(183): Illuminate\\Foundation\\Http\\Middleware\\TrimStrings->handle()
#61 /opt/lampp/htdocs/wireless/vendor/laravel/framework/src/Illuminate/Foundation/Http/Middleware/ValidatePostSize.php(27): Illuminate\\Pipeline\\Pipeline->Illuminate\\Pipeline\\{closure}()
#62 /opt/lampp/htdocs/wireless/vendor/laravel/framework/src/Illuminate/Pipeline/Pipeline.php(183): Illuminate\\Foundation\\Http\\Middleware\\ValidatePostSize->handle()
#63 /opt/lampp/htdocs/wireless/vendor/laravel/framework/src/Illuminate/Foundation/Http/Middleware/PreventRequestsDuringMaintenance.php(99): Illuminate\\Pipeline\\Pipeline->Illuminate\\Pipeline\\{closure}()
#64 /opt/lampp/htdocs/wireless/vendor/laravel/framework/src/Illuminate/Pipeline/Pipeline.php(183): Illuminate\\Foundation\\Http\\Middleware\\PreventRequestsDuringMaintenance->handle()
#65 /opt/lampp/htdocs/wireless/vendor/laravel/framework/src/Illuminate/Http/Middleware/HandleCors.php(49): Illuminate\\Pipeline\\Pipeline->Illuminate\\Pipeline\\{closure}()
#66 /opt/lampp/htdocs/wireless/vendor/laravel/framework/src/Illuminate/Pipeline/Pipeline.php(183): Illuminate\\Http\\Middleware\\HandleCors->handle()
#67 /opt/lampp/htdocs/wireless/vendor/laravel/framework/src/Illuminate/Http/Middleware/TrustProxies.php(39): Illuminate\\Pipeline\\Pipeline->Illuminate\\Pipeline\\{closure}()
#68 /opt/lampp/htdocs/wireless/vendor/laravel/framework/src/Illuminate/Pipeline/Pipeline.php(183): Illuminate\\Http\\Middleware\\TrustProxies->handle()
#69 /opt/lampp/htdocs/wireless/vendor/laravel/framework/src/Illuminate/Pipeline/Pipeline.php(119): Illuminate\\Pipeline\\Pipeline->Illuminate\\Pipeline\\{closure}()
#70 /opt/lampp/htdocs/wireless/vendor/laravel/framework/src/Illuminate/Foundation/Http/Kernel.php(175): Illuminate\\Pipeline\\Pipeline->then()
#71 /opt/lampp/htdocs/wireless/vendor/laravel/framework/src/Illuminate/Foundation/Http/Kernel.php(144): Illuminate\\Foundation\\Http\\Kernel->sendRequestThroughRouter()
#72 /opt/lampp/htdocs/wireless/public/index.php(51): Illuminate\\Foundation\\Http\\Kernel->handle()
#73 /opt/lampp/htdocs/wireless/vendor/laravel/framework/src/Illuminate/Foundation/resources/server.php(16): require_once('...')
#74 {main}

[previous exception] [object] (Illuminate\\Database\\QueryException(code: 42S02): SQLSTATE[42S02]: Base table or view not found: 1146 Table 'wireless.text_widgets' doesn't exist (Connection: mysql, SQL: select * from `text_widgets` where `key` = about-us-sidebar limit 1) at /opt/lampp/htdocs/wireless/vendor/laravel/framework/src/Illuminate/Database/Connection.php:822)
[stacktrace]
#0 /opt/lampp/htdocs/wireless/vendor/laravel/framework/src/Illuminate/Database/Connection.php(776): Illuminate\\Database\\Connection->runQueryCallback()
#1 /opt/lampp/htdocs/wireless/vendor/laravel/framework/src/Illuminate/Database/Connection.php(407): Illuminate\\Database\\Connection->run()
#2 /opt/lampp/htdocs/wireless/vendor/laravel/framework/src/Illuminate/Database/Query/Builder.php(2751): Illuminate\\Database\\Connection->select()
#3 /opt/lampp/htdocs/wireless/vendor/laravel/framework/src/Illuminate/Database/Query/Builder.php(2740): Illuminate\\Database\\Query\\Builder->runSelect()
#4 /opt/lampp/htdocs/wireless/vendor/laravel/framework/src/Illuminate/Database/Query/Builder.php(3294): Illuminate\\Database\\Query\\Builder->Illuminate\\Database\\Query\\{closure}()
#5 /opt/lampp/htdocs/wireless/vendor/laravel/framework/src/Illuminate/Database/Query/Builder.php(2739): Illuminate\\Database\\Query\\Builder->onceWithColumns()
#6 /opt/lampp/htdocs/wireless/vendor/laravel/framework/src/Illuminate/Database/Eloquent/Builder.php(737): Illuminate\\Database\\Query\\Builder->get()
#7 /opt/lampp/htdocs/wireless/vendor/laravel/framework/src/Illuminate/Database/Eloquent/Builder.php(721): Illuminate\\Database\\Eloquent\\Builder->getModels()
#8 /opt/lampp/htdocs/wireless/vendor/laravel/framework/src/Illuminate/Database/Concerns/BuildsQueries.php(333): Illuminate\\Database\\Eloquent\\Builder->get()
#9 /opt/lampp/htdocs/wireless/app/Models/TextWidget.php(35): Illuminate\\Database\\Eloquent\\Builder->first()
#10 /opt/lampp/htdocs/wireless/vendor/laravel/framework/src/Illuminate/Collections/helpers.php(224): App\\Models\\TextWidget::App\\Models\\{closure}()
#11 /opt/lampp/htdocs/wireless/vendor/laravel/framework/src/Illuminate/Cache/Repository.php(107): value()
#12 /opt/lampp/htdocs/wireless/vendor/laravel/framework/src/Illuminate/Cache/CacheManager.php(429): Illuminate\\Cache\\Repository->get()
#13 /opt/lampp/htdocs/wireless/vendor/laravel/framework/src/Illuminate/Support/Facades/Facade.php(355): Illuminate\\Cache\\CacheManager->__call()
#14 /opt/lampp/htdocs/wireless/app/Models/TextWidget.php(34): Illuminate\\Support\\Facades\\Facade::__callStatic()
#15 /opt/lampp/htdocs/wireless/storage/framework/views/4918ade9d894dbbdc113be650a0f2910.php(405): App\\Models\\TextWidget::getContent()
#16 /opt/lampp/htdocs/wireless/vendor/laravel/framework/src/Illuminate/Filesystem/Filesystem.php(124): require('...')
#17 /opt/lampp/htdocs/wireless/vendor/laravel/framework/src/Illuminate/Filesystem/Filesystem.php(125): Illuminate\\Filesystem\\Filesystem::Illuminate\\Filesystem\\{closure}()
#18 /opt/lampp/htdocs/wireless/vendor/laravel/framework/src/Illuminate/View/Engines/PhpEngine.php(58): Illuminate\\Filesystem\\Filesystem->getRequire()
#19 /opt/lampp/htdocs/wireless/vendor/livewire/livewire/src/Mechanisms/ExtendBlade/ExtendedCompilerEngine.php(22): Illuminate\\View\\Engines\\PhpEngine->evaluatePath()
#20 /opt/lampp/htdocs/wireless/vendor/laravel/framework/src/Illuminate/View/Engines/CompilerEngine.php(72): Livewire\\Mechanisms\\ExtendBlade\\ExtendedCompilerEngine->evaluatePath()
#21 /opt/lampp/htdocs/wireless/vendor/livewire/livewire/src/Mechanisms/ExtendBlade/ExtendedCompilerEngine.php(10): Illuminate\\View\\Engines\\CompilerEngine->get()
#22 /opt/lampp/htdocs/wireless/vendor/laravel/framework/src/Illuminate/View/View.php(207): Livewire\\Mechanisms\\ExtendBlade\\ExtendedCompilerEngine->get()
#23 /opt/lampp/htdocs/wireless/vendor/laravel/framework/src/Illuminate/View/View.php(190): Illuminate\\View\\View->getContents()
#24 /opt/lampp/htdocs/wireless/vendor/laravel/framework/src/Illuminate/View/View.php(159): Illuminate\\View\\View->renderContents()
#25 /opt/lampp/htdocs/wireless/vendor/laravel/framework/src/Illuminate/View/Concerns/ManagesComponents.php(99): Illuminate\\View\\View->render()
#26 /opt/lampp/htdocs/wireless/storage/framework/views/6c98e84b92353b4122cb1cc648a9d157.php(45): Illuminate\\View\\Factory->renderComponent()
#27 /opt/lampp/htdocs/wireless/vendor/laravel/framework/src/Illuminate/Filesystem/Filesystem.php(124): require('...')
#28 /opt/lampp/htdocs/wireless/vendor/laravel/framework/src/Illuminate/Filesystem/Filesystem.php(125): Illuminate\\Filesystem\\Filesystem::Illuminate\\Filesystem\\{closure}()
#29 /opt/lampp/htdocs/wireless/vendor/laravel/framework/src/Illuminate/View/Engines/PhpEngine.php(58): Illuminate\\Filesystem\\Filesystem->getRequire()
#30 /opt/lampp/htdocs/wireless/vendor/livewire/livewire/src/Mechanisms/ExtendBlade/ExtendedCompilerEngine.php(22): Illuminate\\View\\Engines\\PhpEngine->evaluatePath()
#31 /opt/lampp/htdocs/wireless/vendor/laravel/framework/src/Illuminate/View/Engines/CompilerEngine.php(72): Livewire\\Mechanisms\\ExtendBlade\\ExtendedCompilerEngine->evaluatePath()
#32 /opt/lampp/htdocs/wireless/vendor/livewire/livewire/src/Mechanisms/ExtendBlade/ExtendedCompilerEngine.php(10): Illuminate\\View\\Engines\\CompilerEngine->get()
#33 /opt/lampp/htdocs/wireless/vendor/laravel/framework/src/Illuminate/View/View.php(207): Livewire\\Mechanisms\\ExtendBlade\\ExtendedCompilerEngine->get()
#34 /opt/lampp/htdocs/wireless/vendor/laravel/framework/src/Illuminate/View/View.php(190): Illuminate\\View\\View->getContents()
#35 /opt/lampp/htdocs/wireless/vendor/laravel/framework/src/Illuminate/View/View.php(159): Illuminate\\View\\View->renderContents()
#36 /opt/lampp/htdocs/wireless/vendor/laravel/framework/src/Illuminate/Http/Response.php(69): Illuminate\\View\\View->render()
#37 /opt/lampp/htdocs/wireless/vendor/laravel/framework/src/Illuminate/Http/Response.php(35): Illuminate\\Http\\Response->setContent()
#38 /opt/lampp/htdocs/wireless/vendor/laravel/framework/src/Illuminate/Routing/ResponseFactory.php(57): Illuminate\\Http\\Response->__construct()
#39 /opt/lampp/htdocs/wireless/vendor/laravel/framework/src/Illuminate/Routing/ResponseFactory.php(87): Illuminate\\Routing\\ResponseFactory->make()
#40 /opt/lampp/htdocs/wireless/vendor/laravel/framework/src/Illuminate/Foundation/Exceptions/Handler.php(723): Illuminate\\Routing\\ResponseFactory->view()
#41 /opt/lampp/htdocs/wireless/vendor/laravel/framework/src/Illuminate/Foundation/Exceptions/Handler.php(650): Illuminate\\Foundation\\Exceptions\\Handler->renderHttpException()
#42 /opt/lampp/htdocs/wireless/vendor/laravel/framework/src/Illuminate/Foundation/Exceptions/Handler.php(556): Illuminate\\Foundation\\Exceptions\\Handler->prepareResponse()
#43 /opt/lampp/htdocs/wireless/vendor/laravel/framework/src/Illuminate/Foundation/Exceptions/Handler.php(473): Illuminate\\Foundation\\Exceptions\\Handler->renderExceptionResponse()
#44 /opt/lampp/htdocs/wireless/vendor/laravel/framework/src/Illuminate/Routing/Pipeline.php(51): Illuminate\\Foundation\\Exceptions\\Handler->render()
#45 /opt/lampp/htdocs/wireless/vendor/laravel/framework/src/Illuminate/Pipeline/Pipeline.php(188): Illuminate\\Routing\\Pipeline->handleException()
#46 /opt/lampp/htdocs/wireless/vendor/laravel/framework/src/Illuminate/Pipeline/Pipeline.php(119): Illuminate\\Pipeline\\Pipeline->Illuminate\\Pipeline\\{closure}()
#47 /opt/lampp/htdocs/wireless/vendor/laravel/framework/src/Illuminate/Routing/Router.php(805): Illuminate\\Pipeline\\Pipeline->then()
#48 /opt/lampp/htdocs/wireless/vendor/laravel/framework/src/Illuminate/Routing/Router.php(784): Illuminate\\Routing\\Router->runRouteWithinStack()
#49 /opt/lampp/htdocs/wireless/vendor/laravel/framework/src/Illuminate/Routing/Router.php(748): Illuminate\\Routing\\Router->runRoute()
#50 /opt/lampp/htdocs/wireless/vendor/laravel/framework/src/Illuminate/Routing/Router.php(737): Illuminate\\Routing\\Router->dispatchToRoute()
#51 /opt/lampp/htdocs/wireless/vendor/laravel/framework/src/Illuminate/Foundation/Http/Kernel.php(200): Illuminate\\Routing\\Router->dispatch()
#52 /opt/lampp/htdocs/wireless/vendor/laravel/framework/src/Illuminate/Pipeline/Pipeline.php(144): Illuminate\\Foundation\\Http\\Kernel->Illuminate\\Foundation\\Http\\{closure}()
#53 /opt/lampp/htdocs/wireless/vendor/livewire/livewire/src/Features/SupportDisablingBackButtonCache/DisableBackButtonCacheMiddleware.php(19): Illuminate\\Pipeline\\Pipeline->Illuminate\\Pipeline\\{closure}()
#54 /opt/lampp/htdocs/wireless/vendor/laravel/framework/src/Illuminate/Pipeline/Pipeline.php(183): Livewire\\Features\\SupportDisablingBackButtonCache\\DisableBackButtonCacheMiddleware->handle()
#55 /opt/lampp/htdocs/wireless/vendor/laravel/framework/src/Illuminate/Foundation/Http/Middleware/TransformsRequest.php(21): Illuminate\\Pipeline\\Pipeline->Illuminate\\Pipeline\\{closure}()
#56 /opt/lampp/htdocs/wireless/vendor/laravel/framework/src/Illuminate/Foundation/Http/Middleware/ConvertEmptyStringsToNull.php(31): Illuminate\\Foundation\\Http\\Middleware\\TransformsRequest->handle()
#57 /opt/lampp/htdocs/wireless/vendor/laravel/framework/src/Illuminate/Pipeline/Pipeline.php(183): Illuminate\\Foundation\\Http\\Middleware\\ConvertEmptyStringsToNull->handle()
#58 /opt/lampp/htdocs/wireless/vendor/laravel/framework/src/Illuminate/Foundation/Http/Middleware/TransformsRequest.php(21): Illuminate\\Pipeline\\Pipeline->Illuminate\\Pipeline\\{closure}()
#59 /opt/lampp/htdocs/wireless/vendor/laravel/framework/src/Illuminate/Foundation/Http/Middleware/TrimStrings.php(40): Illuminate\\Foundation\\Http\\Middleware\\TransformsRequest->handle()
#60 /opt/lampp/htdocs/wireless/vendor/laravel/framework/src/Illuminate/Pipeline/Pipeline.php(183): Illuminate\\Foundation\\Http\\Middleware\\TrimStrings->handle()
#61 /opt/lampp/htdocs/wireless/vendor/laravel/framework/src/Illuminate/Foundation/Http/Middleware/ValidatePostSize.php(27): Illuminate\\Pipeline\\Pipeline->Illuminate\\Pipeline\\{closure}()
#62 /opt/lampp/htdocs/wireless/vendor/laravel/framework/src/Illuminate/Pipeline/Pipeline.php(183): Illuminate\\Foundation\\Http\\Middleware\\ValidatePostSize->handle()
#63 /opt/lampp/htdocs/wireless/vendor/laravel/framework/src/Illuminate/Foundation/Http/Middleware/PreventRequestsDuringMaintenance.php(99): Illuminate\\Pipeline\\Pipeline->Illuminate\\Pipeline\\{closure}()
#64 /opt/lampp/htdocs/wireless/vendor/laravel/framework/src/Illuminate/Pipeline/Pipeline.php(183): Illuminate\\Foundation\\Http\\Middleware\\PreventRequestsDuringMaintenance->handle()
#65 /opt/lampp/htdocs/wireless/vendor/laravel/framework/src/Illuminate/Http/Middleware/HandleCors.php(49): Illuminate\\Pipeline\\Pipeline->Illuminate\\Pipeline\\{closure}()
#66 /opt/lampp/htdocs/wireless/vendor/laravel/framework/src/Illuminate/Pipeline/Pipeline.php(183): Illuminate\\Http\\Middleware\\HandleCors->handle()
#67 /opt/lampp/htdocs/wireless/vendor/laravel/framework/src/Illuminate/Http/Middleware/TrustProxies.php(39): Illuminate\\Pipeline\\Pipeline->Illuminate\\Pipeline\\{closure}()
#68 /opt/lampp/htdocs/wireless/vendor/laravel/framework/src/Illuminate/Pipeline/Pipeline.php(183): Illuminate\\Http\\Middleware\\TrustProxies->handle()
#69 /opt/lampp/htdocs/wireless/vendor/laravel/framework/src/Illuminate/Pipeline/Pipeline.php(119): Illuminate\\Pipeline\\Pipeline->Illuminate\\Pipeline\\{closure}()
#70 /opt/lampp/htdocs/wireless/vendor/laravel/framework/src/Illuminate/Foundation/Http/Kernel.php(175): Illuminate\\Pipeline\\Pipeline->then()
#71 /opt/lampp/htdocs/wireless/vendor/laravel/framework/src/Illuminate/Foundation/Http/Kernel.php(144): Illuminate\\Foundation\\Http\\Kernel->sendRequestThroughRouter()
#72 /opt/lampp/htdocs/wireless/public/index.php(51): Illuminate\\Foundation\\Http\\Kernel->handle()
#73 /opt/lampp/htdocs/wireless/vendor/laravel/framework/src/Illuminate/Foundation/resources/server.php(16): require_once('...')
#74 {main}

[previous exception] [object] (PDOException(code: 42S02): SQLSTATE[42S02]: Base table or view not found: 1146 Table 'wireless.text_widgets' doesn't exist at /opt/lampp/htdocs/wireless/vendor/laravel/framework/src/Illuminate/Database/Connection.php:416)
[stacktrace]
#0 /opt/lampp/htdocs/wireless/vendor/laravel/framework/src/Illuminate/Database/Connection.php(416): PDO->prepare()
#1 /opt/lampp/htdocs/wireless/vendor/laravel/framework/src/Illuminate/Database/Connection.php(809): Illuminate\\Database\\Connection->Illuminate\\Database\\{closure}()
#2 /opt/lampp/htdocs/wireless/vendor/laravel/framework/src/Illuminate/Database/Connection.php(776): Illuminate\\Database\\Connection->runQueryCallback()
#3 /opt/lampp/htdocs/wireless/vendor/laravel/framework/src/Illuminate/Database/Connection.php(407): Illuminate\\Database\\Connection->run()
#4 /opt/lampp/htdocs/wireless/vendor/laravel/framework/src/Illuminate/Database/Query/Builder.php(2751): Illuminate\\Database\\Connection->select()
#5 /opt/lampp/htdocs/wireless/vendor/laravel/framework/src/Illuminate/Database/Query/Builder.php(2740): Illuminate\\Database\\Query\\Builder->runSelect()
#6 /opt/lampp/htdocs/wireless/vendor/laravel/framework/src/Illuminate/Database/Query/Builder.php(3294): Illuminate\\Database\\Query\\Builder->Illuminate\\Database\\Query\\{closure}()
#7 /opt/lampp/htdocs/wireless/vendor/laravel/framework/src/Illuminate/Database/Query/Builder.php(2739): Illuminate\\Database\\Query\\Builder->onceWithColumns()
#8 /opt/lampp/htdocs/wireless/vendor/laravel/framework/src/Illuminate/Database/Eloquent/Builder.php(737): Illuminate\\Database\\Query\\Builder->get()
#9 /opt/lampp/htdocs/wireless/vendor/laravel/framework/src/Illuminate/Database/Eloquent/Builder.php(721): Illuminate\\Database\\Eloquent\\Builder->getModels()
#10 /opt/lampp/htdocs/wireless/vendor/laravel/framework/src/Illuminate/Database/Concerns/BuildsQueries.php(333): Illuminate\\Database\\Eloquent\\Builder->get()
#11 /opt/lampp/htdocs/wireless/app/Models/TextWidget.php(35): Illuminate\\Database\\Eloquent\\Builder->first()
#12 /opt/lampp/htdocs/wireless/vendor/laravel/framework/src/Illuminate/Collections/helpers.php(224): App\\Models\\TextWidget::App\\Models\\{closure}()
#13 /opt/lampp/htdocs/wireless/vendor/laravel/framework/src/Illuminate/Cache/Repository.php(107): value()
#14 /opt/lampp/htdocs/wireless/vendor/laravel/framework/src/Illuminate/Cache/CacheManager.php(429): Illuminate\\Cache\\Repository->get()
#15 /opt/lampp/htdocs/wireless/vendor/laravel/framework/src/Illuminate/Support/Facades/Facade.php(355): Illuminate\\Cache\\CacheManager->__call()
#16 /opt/lampp/htdocs/wireless/app/Models/TextWidget.php(34): Illuminate\\Support\\Facades\\Facade::__callStatic()
#17 /opt/lampp/htdocs/wireless/storage/framework/views/4918ade9d894dbbdc113be650a0f2910.php(405): App\\Models\\TextWidget::getContent()
#18 /opt/lampp/htdocs/wireless/vendor/laravel/framework/src/Illuminate/Filesystem/Filesystem.php(124): require('...')
#19 /opt/lampp/htdocs/wireless/vendor/laravel/framework/src/Illuminate/Filesystem/Filesystem.php(125): Illuminate\\Filesystem\\Filesystem::Illuminate\\Filesystem\\{closure}()
#20 /opt/lampp/htdocs/wireless/vendor/laravel/framework/src/Illuminate/View/Engines/PhpEngine.php(58): Illuminate\\Filesystem\\Filesystem->getRequire()
#21 /opt/lampp/htdocs/wireless/vendor/livewire/livewire/src/Mechanisms/ExtendBlade/ExtendedCompilerEngine.php(22): Illuminate\\View\\Engines\\PhpEngine->evaluatePath()
#22 /opt/lampp/htdocs/wireless/vendor/laravel/framework/src/Illuminate/View/Engines/CompilerEngine.php(72): Livewire\\Mechanisms\\ExtendBlade\\ExtendedCompilerEngine->evaluatePath()
#23 /opt/lampp/htdocs/wireless/vendor/livewire/livewire/src/Mechanisms/ExtendBlade/ExtendedCompilerEngine.php(10): Illuminate\\View\\Engines\\CompilerEngine->get()
#24 /opt/lampp/htdocs/wireless/vendor/laravel/framework/src/Illuminate/View/View.php(207): Livewire\\Mechanisms\\ExtendBlade\\ExtendedCompilerEngine->get()
#25 /opt/lampp/htdocs/wireless/vendor/laravel/framework/src/Illuminate/View/View.php(190): Illuminate\\View\\View->getContents()
#26 /opt/lampp/htdocs/wireless/vendor/laravel/framework/src/Illuminate/View/View.php(159): Illuminate\\View\\View->renderContents()
#27 /opt/lampp/htdocs/wireless/vendor/laravel/framework/src/Illuminate/View/Concerns/ManagesComponents.php(99): Illuminate\\View\\View->render()
#28 /opt/lampp/htdocs/wireless/storage/framework/views/6c98e84b92353b4122cb1cc648a9d157.php(45): Illuminate\\View\\Factory->renderComponent()
#29 /opt/lampp/htdocs/wireless/vendor/laravel/framework/src/Illuminate/Filesystem/Filesystem.php(124): require('...')
#30 /opt/lampp/htdocs/wireless/vendor/laravel/framework/src/Illuminate/Filesystem/Filesystem.php(125): Illuminate\\Filesystem\\Filesystem::Illuminate\\Filesystem\\{closure}()
#31 /opt/lampp/htdocs/wireless/vendor/laravel/framework/src/Illuminate/View/Engines/PhpEngine.php(58): Illuminate\\Filesystem\\Filesystem->getRequire()
#32 /opt/lampp/htdocs/wireless/vendor/livewire/livewire/src/Mechanisms/ExtendBlade/ExtendedCompilerEngine.php(22): Illuminate\\View\\Engines\\PhpEngine->evaluatePath()
#33 /opt/lampp/htdocs/wireless/vendor/laravel/framework/src/Illuminate/View/Engines/CompilerEngine.php(72): Livewire\\Mechanisms\\ExtendBlade\\ExtendedCompilerEngine->evaluatePath()
#34 /opt/lampp/htdocs/wireless/vendor/livewire/livewire/src/Mechanisms/ExtendBlade/ExtendedCompilerEngine.php(10): Illuminate\\View\\Engines\\CompilerEngine->get()
#35 /opt/lampp/htdocs/wireless/vendor/laravel/framework/src/Illuminate/View/View.php(207): Livewire\\Mechanisms\\ExtendBlade\\ExtendedCompilerEngine->get()
#36 /opt/lampp/htdocs/wireless/vendor/laravel/framework/src/Illuminate/View/View.php(190): Illuminate\\View\\View->getContents()
#37 /opt/lampp/htdocs/wireless/vendor/laravel/framework/src/Illuminate/View/View.php(159): Illuminate\\View\\View->renderContents()
#38 /opt/lampp/htdocs/wireless/vendor/laravel/framework/src/Illuminate/Http/Response.php(69): Illuminate\\View\\View->render()
#39 /opt/lampp/htdocs/wireless/vendor/laravel/framework/src/Illuminate/Http/Response.php(35): Illuminate\\Http\\Response->setContent()
#40 /opt/lampp/htdocs/wireless/vendor/laravel/framework/src/Illuminate/Routing/ResponseFactory.php(57): Illuminate\\Http\\Response->__construct()
#41 /opt/lampp/htdocs/wireless/vendor/laravel/framework/src/Illuminate/Routing/ResponseFactory.php(87): Illuminate\\Routing\\ResponseFactory->make()
#42 /opt/lampp/htdocs/wireless/vendor/laravel/framework/src/Illuminate/Foundation/Exceptions/Handler.php(723): Illuminate\\Routing\\ResponseFactory->view()
#43 /opt/lampp/htdocs/wireless/vendor/laravel/framework/src/Illuminate/Foundation/Exceptions/Handler.php(650): Illuminate\\Foundation\\Exceptions\\Handler->renderHttpException()
#44 /opt/lampp/htdocs/wireless/vendor/laravel/framework/src/Illuminate/Foundation/Exceptions/Handler.php(556): Illuminate\\Foundation\\Exceptions\\Handler->prepareResponse()
#45 /opt/lampp/htdocs/wireless/vendor/laravel/framework/src/Illuminate/Foundation/Exceptions/Handler.php(473): Illuminate\\Foundation\\Exceptions\\Handler->renderExceptionResponse()
#46 /opt/lampp/htdocs/wireless/vendor/laravel/framework/src/Illuminate/Routing/Pipeline.php(51): Illuminate\\Foundation\\Exceptions\\Handler->render()
#47 /opt/lampp/htdocs/wireless/vendor/laravel/framework/src/Illuminate/Pipeline/Pipeline.php(188): Illuminate\\Routing\\Pipeline->handleException()
#48 /opt/lampp/htdocs/wireless/vendor/laravel/framework/src/Illuminate/Pipeline/Pipeline.php(119): Illuminate\\Pipeline\\Pipeline->Illuminate\\Pipeline\\{closure}()
#49 /opt/lampp/htdocs/wireless/vendor/laravel/framework/src/Illuminate/Routing/Router.php(805): Illuminate\\Pipeline\\Pipeline->then()
#50 /opt/lampp/htdocs/wireless/vendor/laravel/framework/src/Illuminate/Routing/Router.php(784): Illuminate\\Routing\\Router->runRouteWithinStack()
#51 /opt/lampp/htdocs/wireless/vendor/laravel/framework/src/Illuminate/Routing/Router.php(748): Illuminate\\Routing\\Router->runRoute()
#52 /opt/lampp/htdocs/wireless/vendor/laravel/framework/src/Illuminate/Routing/Router.php(737): Illuminate\\Routing\\Router->dispatchToRoute()
#53 /opt/lampp/htdocs/wireless/vendor/laravel/framework/src/Illuminate/Foundation/Http/Kernel.php(200): Illuminate\\Routing\\Router->dispatch()
#54 /opt/lampp/htdocs/wireless/vendor/laravel/framework/src/Illuminate/Pipeline/Pipeline.php(144): Illuminate\\Foundation\\Http\\Kernel->Illuminate\\Foundation\\Http\\{closure}()
#55 /opt/lampp/htdocs/wireless/vendor/livewire/livewire/src/Features/SupportDisablingBackButtonCache/DisableBackButtonCacheMiddleware.php(19): Illuminate\\Pipeline\\Pipeline->Illuminate\\Pipeline\\{closure}()
#56 /opt/lampp/htdocs/wireless/vendor/laravel/framework/src/Illuminate/Pipeline/Pipeline.php(183): Livewire\\Features\\SupportDisablingBackButtonCache\\DisableBackButtonCacheMiddleware->handle()
#57 /opt/lampp/htdocs/wireless/vendor/laravel/framework/src/Illuminate/Foundation/Http/Middleware/TransformsRequest.php(21): Illuminate\\Pipeline\\Pipeline->Illuminate\\Pipeline\\{closure}()
#58 /opt/lampp/htdocs/wireless/vendor/laravel/framework/src/Illuminate/Foundation/Http/Middleware/ConvertEmptyStringsToNull.php(31): Illuminate\\Foundation\\Http\\Middleware\\TransformsRequest->handle()
#59 /opt/lampp/htdocs/wireless/vendor/laravel/framework/src/Illuminate/Pipeline/Pipeline.php(183): Illuminate\\Foundation\\Http\\Middleware\\ConvertEmptyStringsToNull->handle()
#60 /opt/lampp/htdocs/wireless/vendor/laravel/framework/src/Illuminate/Foundation/Http/Middleware/TransformsRequest.php(21): Illuminate\\Pipeline\\Pipeline->Illuminate\\Pipeline\\{closure}()
#61 /opt/lampp/htdocs/wireless/vendor/laravel/framework/src/Illuminate/Foundation/Http/Middleware/TrimStrings.php(40): Illuminate\\Foundation\\Http\\Middleware\\TransformsRequest->handle()
#62 /opt/lampp/htdocs/wireless/vendor/laravel/framework/src/Illuminate/Pipeline/Pipeline.php(183): Illuminate\\Foundation\\Http\\Middleware\\TrimStrings->handle()
#63 /opt/lampp/htdocs/wireless/vendor/laravel/framework/src/Illuminate/Foundation/Http/Middleware/ValidatePostSize.php(27): Illuminate\\Pipeline\\Pipeline->Illuminate\\Pipeline\\{closure}()
#64 /opt/lampp/htdocs/wireless/vendor/laravel/framework/src/Illuminate/Pipeline/Pipeline.php(183): Illuminate\\Foundation\\Http\\Middleware\\ValidatePostSize->handle()
#65 /opt/lampp/htdocs/wireless/vendor/laravel/framework/src/Illuminate/Foundation/Http/Middleware/PreventRequestsDuringMaintenance.php(99): Illuminate\\Pipeline\\Pipeline->Illuminate\\Pipeline\\{closure}()
#66 /opt/lampp/htdocs/wireless/vendor/laravel/framework/src/Illuminate/Pipeline/Pipeline.php(183): Illuminate\\Foundation\\Http\\Middleware\\PreventRequestsDuringMaintenance->handle()
#67 /opt/lampp/htdocs/wireless/vendor/laravel/framework/src/Illuminate/Http/Middleware/HandleCors.php(49): Illuminate\\Pipeline\\Pipeline->Illuminate\\Pipeline\\{closure}()
#68 /opt/lampp/htdocs/wireless/vendor/laravel/framework/src/Illuminate/Pipeline/Pipeline.php(183): Illuminate\\Http\\Middleware\\HandleCors->handle()
#69 /opt/lampp/htdocs/wireless/vendor/laravel/framework/src/Illuminate/Http/Middleware/TrustProxies.php(39): Illuminate\\Pipeline\\Pipeline->Illuminate\\Pipeline\\{closure}()
#70 /opt/lampp/htdocs/wireless/vendor/laravel/framework/src/Illuminate/Pipeline/Pipeline.php(183): Illuminate\\Http\\Middleware\\TrustProxies->handle()
#71 /opt/lampp/htdocs/wireless/vendor/laravel/framework/src/Illuminate/Pipeline/Pipeline.php(119): Illuminate\\Pipeline\\Pipeline->Illuminate\\Pipeline\\{closure}()
#72 /opt/lampp/htdocs/wireless/vendor/laravel/framework/src/Illuminate/Foundation/Http/Kernel.php(175): Illuminate\\Pipeline\\Pipeline->then()
#73 /opt/lampp/htdocs/wireless/vendor/laravel/framework/src/Illuminate/Foundation/Http/Kernel.php(144): Illuminate\\Foundation\\Http\\Kernel->sendRequestThroughRouter()
#74 /opt/lampp/htdocs/wireless/public/index.php(51): Illuminate\\Foundation\\Http\\Kernel->handle()
#75 /opt/lampp/htdocs/wireless/vendor/laravel/framework/src/Illuminate/Foundation/resources/server.php(16): require_once('...')
#76 {main}
"} 
[2026-03-06 13:54:47] production.ERROR: SQLSTATE[42S22]: Column not found: 1054 Unknown column 'posts.published_at' in 'where clause' (Connection: mysql, SQL: select * from `posts` where date(`posts`.`published_at`) <= 2026-03-06 order by `published_at` desc limit 1) {"exception":"[object] (Illuminate\\Database\\QueryException(code: 42S22): SQLSTATE[42S22]: Column not found: 1054 Unknown column 'posts.published_at' in 'where clause' (Connection: mysql, SQL: select * from `posts` where date(`posts`.`published_at`) <= 2026-03-06 order by `published_at` desc limit 1) at /opt/lampp/htdocs/wireless/vendor/laravel/framework/src/Illuminate/Database/Connection.php:822)
[stacktrace]
#0 /opt/lampp/htdocs/wireless/vendor/laravel/framework/src/Illuminate/Database/Connection.php(776): Illuminate\\Database\\Connection->runQueryCallback()
#1 /opt/lampp/htdocs/wireless/vendor/laravel/framework/src/Illuminate/Database/Connection.php(407): Illuminate\\Database\\Connection->run()
#2 /opt/lampp/htdocs/wireless/vendor/laravel/framework/src/Illuminate/Database/Query/Builder.php(2751): Illuminate\\Database\\Connection->select()
#3 /opt/lampp/htdocs/wireless/vendor/laravel/framework/src/Illuminate/Database/Query/Builder.php(2740): Illuminate\\Database\\Query\\Builder->runSelect()
#4 /opt/lampp/htdocs/wireless/vendor/laravel/framework/src/Illuminate/Database/Query/Builder.php(3294): Illuminate\\Database\\Query\\Builder->Illuminate\\Database\\Query\\{closure}()
#5 /opt/lampp/htdocs/wireless/vendor/laravel/framework/src/Illuminate/Database/Query/Builder.php(2739): Illuminate\\Database\\Query\\Builder->onceWithColumns()
#6 /opt/lampp/htdocs/wireless/vendor/laravel/framework/src/Illuminate/Database/Eloquent/Builder.php(737): Illuminate\\Database\\Query\\Builder->get()
#7 /opt/lampp/htdocs/wireless/vendor/laravel/framework/src/Illuminate/Database/Eloquent/Builder.php(721): Illuminate\\Database\\Eloquent\\Builder->getModels()
#8 /opt/lampp/htdocs/wireless/vendor/laravel/framework/src/Illuminate/Database/Concerns/BuildsQueries.php(333): Illuminate\\Database\\Eloquent\\Builder->get()
#9 /opt/lampp/htdocs/wireless/app/Http/Controllers/PostController.php(29): Illuminate\\Database\\Eloquent\\Builder->first()
#10 /opt/lampp/htdocs/wireless/vendor/laravel/framework/src/Illuminate/Routing/Controller.php(54): App\\Http\\Controllers\\PostController->home()
#11 /opt/lampp/htdocs/wireless/vendor/laravel/framework/src/Illuminate/Routing/ControllerDispatcher.php(43): Illuminate\\Routing\\Controller->callAction()
#12 /opt/lampp/htdocs/wireless/vendor/laravel/framework/src/Illuminate/Routing/Route.php(259): Illuminate\\Routing\\ControllerDispatcher->dispatch()
#13 /opt/lampp/htdocs/wireless/vendor/laravel/framework/src/Illuminate/Routing/Route.php(205): Illuminate\\Routing\\Route->runController()
#14 /opt/lampp/htdocs/wireless/vendor/laravel/framework/src/Illuminate/Routing/Router.php(806): Illuminate\\Routing\\Route->run()
#15 /opt/lampp/htdocs/wireless/vendor/laravel/framework/src/Illuminate/Pipeline/Pipeline.php(144): Illuminate\\Routing\\Router->Illuminate\\Routing\\{closure}()
#16 /opt/lampp/htdocs/wireless/vendor/laravel/framework/src/Illuminate/Routing/Middleware/SubstituteBindings.php(50): Illuminate\\Pipeline\\Pipeline->Illuminate\\Pipeline\\{closure}()
#17 /opt/lampp/htdocs/wireless/vendor/laravel/framework/src/Illuminate/Pipeline/Pipeline.php(183): Illuminate\\Routing\\Middleware\\SubstituteBindings->handle()
#18 /opt/lampp/htdocs/wireless/vendor/laravel/framework/src/Illuminate/Foundation/Http/Middleware/VerifyCsrfToken.php(78): Illuminate\\Pipeline\\Pipeline->Illuminate\\Pipeline\\{closure}()
#19 /opt/lampp/htdocs/wireless/vendor/laravel/framework/src/Illuminate/Pipeline/Pipeline.php(183): Illuminate\\Foundation\\Http\\Middleware\\VerifyCsrfToken->handle()
#20 /opt/lampp/htdocs/wireless/vendor/laravel/framework/src/Illuminate/View/Middleware/ShareErrorsFromSession.php(49): Illuminate\\Pipeline\\Pipeline->Illuminate\\Pipeline\\{closure}()
#21 /opt/lampp/htdocs/wireless/vendor/laravel/framework/src/Illuminate/Pipeline/Pipeline.php(183): Illuminate\\View\\Middleware\\ShareErrorsFromSession->handle()
#22 /opt/lampp/htdocs/wireless/vendor/laravel/framework/src/Illuminate/Session/Middleware/StartSession.php(121): Illuminate\\Pipeline\\Pipeline->Illuminate\\Pipeline\\{closure}()
#23 /opt/lampp/htdocs/wireless/vendor/laravel/framework/src/Illuminate/Session/Middleware/StartSession.php(64): Illuminate\\Session\\Middleware\\StartSession->handleStatefulRequest()
#24 /opt/lampp/htdocs/wireless/vendor/laravel/framework/src/Illuminate/Pipeline/Pipeline.php(183): Illuminate\\Session\\Middleware\\StartSession->handle()
#25 /opt/lampp/htdocs/wireless/vendor/laravel/framework/src/Illuminate/Cookie/Middleware/AddQueuedCookiesToResponse.php(37): Illuminate\\Pipeline\\Pipeline->Illuminate\\Pipeline\\{closure}()
#26 /opt/lampp/htdocs/wireless/vendor/laravel/framework/src/Illuminate/Pipeline/Pipeline.php(183): Illuminate\\Cookie\\Middleware\\AddQueuedCookiesToResponse->handle()
#27 /opt/lampp/htdocs/wireless/vendor/laravel/framework/src/Illuminate/Cookie/Middleware/EncryptCookies.php(67): Illuminate\\Pipeline\\Pipeline->Illuminate\\Pipeline\\{closure}()
#28 /opt/lampp/htdocs/wireless/vendor/laravel/framework/src/Illuminate/Pipeline/Pipeline.php(183): Illuminate\\Cookie\\Middleware\\EncryptCookies->handle()
#29 /opt/lampp/htdocs/wireless/vendor/laravel/framework/src/Illuminate/Pipeline/Pipeline.php(119): Illuminate\\Pipeline\\Pipeline->Illuminate\\Pipeline\\{closure}()
#30 /opt/lampp/htdocs/wireless/vendor/laravel/framework/src/Illuminate/Routing/Router.php(805): Illuminate\\Pipeline\\Pipeline->then()
#31 /opt/lampp/htdocs/wireless/vendor/laravel/framework/src/Illuminate/Routing/Router.php(784): Illuminate\\Routing\\Router->runRouteWithinStack()
#32 /opt/lampp/htdocs/wireless/vendor/laravel/framework/src/Illuminate/Routing/Router.php(748): Illuminate\\Routing\\Router->runRoute()
#33 /opt/lampp/htdocs/wireless/vendor/laravel/framework/src/Illuminate/Routing/Router.php(737): Illuminate\\Routing\\Router->dispatchToRoute()
#34 /opt/lampp/htdocs/wireless/vendor/laravel/framework/src/Illuminate/Foundation/Http/Kernel.php(200): Illuminate\\Routing\\Router->dispatch()
#35 /opt/lampp/htdocs/wireless/vendor/laravel/framework/src/Illuminate/Pipeline/Pipeline.php(144): Illuminate\\Foundation\\Http\\Kernel->Illuminate\\Foundation\\Http\\{closure}()
#36 /opt/lampp/htdocs/wireless/vendor/livewire/livewire/src/Features/SupportDisablingBackButtonCache/DisableBackButtonCacheMiddleware.php(19): Illuminate\\Pipeline\\Pipeline->Illuminate\\Pipeline\\{closure}()
#37 /opt/lampp/htdocs/wireless/vendor/laravel/framework/src/Illuminate/Pipeline/Pipeline.php(183): Livewire\\Features\\SupportDisablingBackButtonCache\\DisableBackButtonCacheMiddleware->handle()
#38 /opt/lampp/htdocs/wireless/vendor/laravel/framework/src/Illuminate/Foundation/Http/Middleware/TransformsRequest.php(21): Illuminate\\Pipeline\\Pipeline->Illuminate\\Pipeline\\{closure}()
#39 /opt/lampp/htdocs/wireless/vendor/laravel/framework/src/Illuminate/Foundation/Http/Middleware/ConvertEmptyStringsToNull.php(31): Illuminate\\Foundation\\Http\\Middleware\\TransformsRequest->handle()
#40 /opt/lampp/htdocs/wireless/vendor/laravel/framework/src/Illuminate/Pipeline/Pipeline.php(183): Illuminate\\Foundation\\Http\\Middleware\\ConvertEmptyStringsToNull->handle()
#41 /opt/lampp/htdocs/wireless/vendor/laravel/framework/src/Illuminate/Foundation/Http/Middleware/TransformsRequest.php(21): Illuminate\\Pipeline\\Pipeline->Illuminate\\Pipeline\\{closure}()
#42 /opt/lampp/htdocs/wireless/vendor/laravel/framework/src/Illuminate/Foundation/Http/Middleware/TrimStrings.php(40): Illuminate\\Foundation\\Http\\Middleware\\TransformsRequest->handle()
#43 /opt/lampp/htdocs/wireless/vendor/laravel/framework/src/Illuminate/Pipeline/Pipeline.php(183): Illuminate\\Foundation\\Http\\Middleware\\TrimStrings->handle()
#44 /opt/lampp/htdocs/wireless/vendor/laravel/framework/src/Illuminate/Foundation/Http/Middleware/ValidatePostSize.php(27): Illuminate\\Pipeline\\Pipeline->Illuminate\\Pipeline\\{closure}()
#45 /opt/lampp/htdocs/wireless/vendor/laravel/framework/src/Illuminate/Pipeline/Pipeline.php(183): Illuminate\\Foundation\\Http\\Middleware\\ValidatePostSize->handle()
#46 /opt/lampp/htdocs/wireless/vendor/laravel/framework/src/Illuminate/Foundation/Http/Middleware/PreventRequestsDuringMaintenance.php(99): Illuminate\\Pipeline\\Pipeline->Illuminate\\Pipeline\\{closure}()
#47 /opt/lampp/htdocs/wireless/vendor/laravel/framework/src/Illuminate/Pipeline/Pipeline.php(183): Illuminate\\Foundation\\Http\\Middleware\\PreventRequestsDuringMaintenance->handle()
#48 /opt/lampp/htdocs/wireless/vendor/laravel/framework/src/Illuminate/Http/Middleware/HandleCors.php(49): Illuminate\\Pipeline\\Pipeline->Illuminate\\Pipeline\\{closure}()
#49 /opt/lampp/htdocs/wireless/vendor/laravel/framework/src/Illuminate/Pipeline/Pipeline.php(183): Illuminate\\Http\\Middleware\\HandleCors->handle()
#50 /opt/lampp/htdocs/wireless/vendor/laravel/framework/src/Illuminate/Http/Middleware/TrustProxies.php(39): Illuminate\\Pipeline\\Pipeline->Illuminate\\Pipeline\\{closure}()
#51 /opt/lampp/htdocs/wireless/vendor/laravel/framework/src/Illuminate/Pipeline/Pipeline.php(183): Illuminate\\Http\\Middleware\\TrustProxies->handle()
#52 /opt/lampp/htdocs/wireless/vendor/laravel/framework/src/Illuminate/Pipeline/Pipeline.php(119): Illuminate\\Pipeline\\Pipeline->Illuminate\\Pipeline\\{closure}()
#53 /opt/lampp/htdocs/wireless/vendor/laravel/framework/src/Illuminate/Foundation/Http/Kernel.php(175): Illuminate\\Pipeline\\Pipeline->then()
#54 /opt/lampp/htdocs/wireless/vendor/laravel/framework/src/Illuminate/Foundation/Http/Kernel.php(144): Illuminate\\Foundation\\Http\\Kernel->sendRequestThroughRouter()
#55 /opt/lampp/htdocs/wireless/public/index.php(51): Illuminate\\Foundation\\Http\\Kernel->handle()
#56 /opt/lampp/htdocs/wireless/vendor/laravel/framework/src/Illuminate/Foundation/resources/server.php(16): require_once('...')
#57 {main}

[previous exception] [object] (PDOException(code: 42S22): SQLSTATE[42S22]: Column not found: 1054 Unknown column 'posts.published_at' in 'where clause' at /opt/lampp/htdocs/wireless/vendor/laravel/framework/src/Illuminate/Database/Connection.php:416)
[stacktrace]
#0 /opt/lampp/htdocs/wireless/vendor/laravel/framework/src/Illuminate/Database/Connection.php(416): PDO->prepare()
#1 /opt/lampp/htdocs/wireless/vendor/laravel/framework/src/Illuminate/Database/Connection.php(809): Illuminate\\Database\\Connection->Illuminate\\Database\\{closure}()
#2 /opt/lampp/htdocs/wireless/vendor/laravel/framework/src/Illuminate/Database/Connection.php(776): Illuminate\\Database\\Connection->runQueryCallback()
#3 /opt/lampp/htdocs/wireless/vendor/laravel/framework/src/Illuminate/Database/Connection.php(407): Illuminate\\Database\\Connection->run()
#4 /opt/lampp/htdocs/wireless/vendor/laravel/framework/src/Illuminate/Database/Query/Builder.php(2751): Illuminate\\Database\\Connection->select()
#5 /opt/lampp/htdocs/wireless/vendor/laravel/framework/src/Illuminate/Database/Query/Builder.php(2740): Illuminate\\Database\\Query\\Builder->runSelect()
#6 /opt/lampp/htdocs/wireless/vendor/laravel/framework/src/Illuminate/Database/Query/Builder.php(3294): Illuminate\\Database\\Query\\Builder->Illuminate\\Database\\Query\\{closure}()
#7 /opt/lampp/htdocs/wireless/vendor/laravel/framework/src/Illuminate/Database/Query/Builder.php(2739): Illuminate\\Database\\Query\\Builder->onceWithColumns()
#8 /opt/lampp/htdocs/wireless/vendor/laravel/framework/src/Illuminate/Database/Eloquent/Builder.php(737): Illuminate\\Database\\Query\\Builder->get()
#9 /opt/lampp/htdocs/wireless/vendor/laravel/framework/src/Illuminate/Database/Eloquent/Builder.php(721): Illuminate\\Database\\Eloquent\\Builder->getModels()
#10 /opt/lampp/htdocs/wireless/vendor/laravel/framework/src/Illuminate/Database/Concerns/BuildsQueries.php(333): Illuminate\\Database\\Eloquent\\Builder->get()
#11 /opt/lampp/htdocs/wireless/app/Http/Controllers/PostController.php(29): Illuminate\\Database\\Eloquent\\Builder->first()
#12 /opt/lampp/htdocs/wireless/vendor/laravel/framework/src/Illuminate/Routing/Controller.php(54): App\\Http\\Controllers\\PostController->home()
#13 /opt/lampp/htdocs/wireless/vendor/laravel/framework/src/Illuminate/Routing/ControllerDispatcher.php(43): Illuminate\\Routing\\Controller->callAction()
#14 /opt/lampp/htdocs/wireless/vendor/laravel/framework/src/Illuminate/Routing/Route.php(259): Illuminate\\Routing\\ControllerDispatcher->dispatch()
#15 /opt/lampp/htdocs/wireless/vendor/laravel/framework/src/Illuminate/Routing/Route.php(205): Illuminate\\Routing\\Route->runController()
#16 /opt/lampp/htdocs/wireless/vendor/laravel/framework/src/Illuminate/Routing/Router.php(806): Illuminate\\Routing\\Route->run()
#17 /opt/lampp/htdocs/wireless/vendor/laravel/framework/src/Illuminate/Pipeline/Pipeline.php(144): Illuminate\\Routing\\Router->Illuminate\\Routing\\{closure}()
#18 /opt/lampp/htdocs/wireless/vendor/laravel/framework/src/Illuminate/Routing/Middleware/SubstituteBindings.php(50): Illuminate\\Pipeline\\Pipeline->Illuminate\\Pipeline\\{closure}()
#19 /opt/lampp/htdocs/wireless/vendor/laravel/framework/src/Illuminate/Pipeline/Pipeline.php(183): Illuminate\\Routing\\Middleware\\SubstituteBindings->handle()
#20 /opt/lampp/htdocs/wireless/vendor/laravel/framework/src/Illuminate/Foundation/Http/Middleware/VerifyCsrfToken.php(78): Illuminate\\Pipeline\\Pipeline->Illuminate\\Pipeline\\{closure}()
#21 /opt/lampp/htdocs/wireless/vendor/laravel/framework/src/Illuminate/Pipeline/Pipeline.php(183): Illuminate\\Foundation\\Http\\Middleware\\VerifyCsrfToken->handle()
#22 /opt/lampp/htdocs/wireless/vendor/laravel/framework/src/Illuminate/View/Middleware/ShareErrorsFromSession.php(49): Illuminate\\Pipeline\\Pipeline->Illuminate\\Pipeline\\{closure}()
#23 /opt/lampp/htdocs/wireless/vendor/laravel/framework/src/Illuminate/Pipeline/Pipeline.php(183): Illuminate\\View\\Middleware\\ShareErrorsFromSession->handle()
#24 /opt/lampp/htdocs/wireless/vendor/laravel/framework/src/Illuminate/Session/Middleware/StartSession.php(121): Illuminate\\Pipeline\\Pipeline->Illuminate\\Pipeline\\{closure}()
#25 /opt/lampp/htdocs/wireless/vendor/laravel/framework/src/Illuminate/Session/Middleware/StartSession.php(64): Illuminate\\Session\\Middleware\\StartSession->handleStatefulRequest()
#26 /opt/lampp/htdocs/wireless/vendor/laravel/framework/src/Illuminate/Pipeline/Pipeline.php(183): Illuminate\\Session\\Middleware\\StartSession->handle()
#27 /opt/lampp/htdocs/wireless/vendor/laravel/framework/src/Illuminate/Cookie/Middleware/AddQueuedCookiesToResponse.php(37): Illuminate\\Pipeline\\Pipeline->Illuminate\\Pipeline\\{closure}()
#28 /opt/lampp/htdocs/wireless/vendor/laravel/framework/src/Illuminate/Pipeline/Pipeline.php(183): Illuminate\\Cookie\\Middleware\\AddQueuedCookiesToResponse->handle()
#29 /opt/lampp/htdocs/wireless/vendor/laravel/framework/src/Illuminate/Cookie/Middleware/EncryptCookies.php(67): Illuminate\\Pipeline\\Pipeline->Illuminate\\Pipeline\\{closure}()
#30 /opt/lampp/htdocs/wireless/vendor/laravel/framework/src/Illuminate/Pipeline/Pipeline.php(183): Illuminate\\Cookie\\Middleware\\EncryptCookies->handle()
#31 /opt/lampp/htdocs/wireless/vendor/laravel/framework/src/Illuminate/Pipeline/Pipeline.php(119): Illuminate\\Pipeline\\Pipeline->Illuminate\\Pipeline\\{closure}()
#32 /opt/lampp/htdocs/wireless/vendor/laravel/framework/src/Illuminate/Routing/Router.php(805): Illuminate\\Pipeline\\Pipeline->then()
#33 /opt/lampp/htdocs/wireless/vendor/laravel/framework/src/Illuminate/Routing/Router.php(784): Illuminate\\Routing\\Router->runRouteWithinStack()
#34 /opt/lampp/htdocs/wireless/vendor/laravel/framework/src/Illuminate/Routing/Router.php(748): Illuminate\\Routing\\Router->runRoute()
#35 /opt/lampp/htdocs/wireless/vendor/laravel/framework/src/Illuminate/Routing/Router.php(737): Illuminate\\Routing\\Router->dispatchToRoute()
#36 /opt/lampp/htdocs/wireless/vendor/laravel/framework/src/Illuminate/Foundation/Http/Kernel.php(200): Illuminate\\Routing\\Router->dispatch()
#37 /opt/lampp/htdocs/wireless/vendor/laravel/framework/src/Illuminate/Pipeline/Pipeline.php(144): Illuminate\\Foundation\\Http\\Kernel->Illuminate\\Foundation\\Http\\{closure}()
#38 /opt/lampp/htdocs/wireless/vendor/livewire/livewire/src/Features/SupportDisablingBackButtonCache/DisableBackButtonCacheMiddleware.php(19): Illuminate\\Pipeline\\Pipeline->Illuminate\\Pipeline\\{closure}()
#39 /opt/lampp/htdocs/wireless/vendor/laravel/framework/src/Illuminate/Pipeline/Pipeline.php(183): Livewire\\Features\\SupportDisablingBackButtonCache\\DisableBackButtonCacheMiddleware->handle()
#40 /opt/lampp/htdocs/wireless/vendor/laravel/framework/src/Illuminate/Foundation/Http/Middleware/TransformsRequest.php(21): Illuminate\\Pipeline\\Pipeline->Illuminate\\Pipeline\\{closure}()
#41 /opt/lampp/htdocs/wireless/vendor/laravel/framework/src/Illuminate/Foundation/Http/Middleware/ConvertEmptyStringsToNull.php(31): Illuminate\\Foundation\\Http\\Middleware\\TransformsRequest->handle()
#42 /opt/lampp/htdocs/wireless/vendor/laravel/framework/src/Illuminate/Pipeline/Pipeline.php(183): Illuminate\\Foundation\\Http\\Middleware\\ConvertEmptyStringsToNull->handle()
#43 /opt/lampp/htdocs/wireless/vendor/laravel/framework/src/Illuminate/Foundation/Http/Middleware/TransformsRequest.php(21): Illuminate\\Pipeline\\Pipeline->Illuminate\\Pipeline\\{closure}()
#44 /opt/lampp/htdocs/wireless/vendor/laravel/framework/src/Illuminate/Foundation/Http/Middleware/TrimStrings.php(40): Illuminate\\Foundation\\Http\\Middleware\\TransformsRequest->handle()
#45 /opt/lampp/htdocs/wireless/vendor/laravel/framework/src/Illuminate/Pipeline/Pipeline.php(183): Illuminate\\Foundation\\Http\\Middleware\\TrimStrings->handle()
#46 /opt/lampp/htdocs/wireless/vendor/laravel/framework/src/Illuminate/Foundation/Http/Middleware/ValidatePostSize.php(27): Illuminate\\Pipeline\\Pipeline->Illuminate\\Pipeline\\{closure}()
#47 /opt/lampp/htdocs/wireless/vendor/laravel/framework/src/Illuminate/Pipeline/Pipeline.php(183): Illuminate\\Foundation\\Http\\Middleware\\ValidatePostSize->handle()
#48 /opt/lampp/htdocs/wireless/vendor/laravel/framework/src/Illuminate/Foundation/Http/Middleware/PreventRequestsDuringMaintenance.php(99): Illuminate\\Pipeline\\Pipeline->Illuminate\\Pipeline\\{closure}()
#49 /opt/lampp/htdocs/wireless/vendor/laravel/framework/src/Illuminate/Pipeline/Pipeline.php(183): Illuminate\\Foundation\\Http\\Middleware\\PreventRequestsDuringMaintenance->handle()
#50 /opt/lampp/htdocs/wireless/vendor/laravel/framework/src/Illuminate/Http/Middleware/HandleCors.php(49): Illuminate\\Pipeline\\Pipeline->Illuminate\\Pipeline\\{closure}()
#51 /opt/lampp/htdocs/wireless/vendor/laravel/framework/src/Illuminate/Pipeline/Pipeline.php(183): Illuminate\\Http\\Middleware\\HandleCors->handle()
#52 /opt/lampp/htdocs/wireless/vendor/laravel/framework/src/Illuminate/Http/Middleware/TrustProxies.php(39): Illuminate\\Pipeline\\Pipeline->Illuminate\\Pipeline\\{closure}()
#53 /opt/lampp/htdocs/wireless/vendor/laravel/framework/src/Illuminate/Pipeline/Pipeline.php(183): Illuminate\\Http\\Middleware\\TrustProxies->handle()
#54 /opt/lampp/htdocs/wireless/vendor/laravel/framework/src/Illuminate/Pipeline/Pipeline.php(119): Illuminate\\Pipeline\\Pipeline->Illuminate\\Pipeline\\{closure}()
#55 /opt/lampp/htdocs/wireless/vendor/laravel/framework/src/Illuminate/Foundation/Http/Kernel.php(175): Illuminate\\Pipeline\\Pipeline->then()
#56 /opt/lampp/htdocs/wireless/vendor/laravel/framework/src/Illuminate/Foundation/Http/Kernel.php(144): Illuminate\\Foundation\\Http\\Kernel->sendRequestThroughRouter()
#57 /opt/lampp/htdocs/wireless/public/index.php(51): Illuminate\\Foundation\\Http\\Kernel->handle()
#58 /opt/lampp/htdocs/wireless/vendor/laravel/framework/src/Illuminate/Foundation/resources/server.php(16): require_once('...')
#59 {main}
"} 
[2026-03-06 13:54:47] production.ERROR: SQLSTATE[42S02]: Base table or view not found: 1146 Table 'wireless.text_widgets' doesn't exist (Connection: mysql, SQL: select * from `text_widgets` where `key` = about-us-sidebar limit 1) {"view":{"view":"/opt/lampp/htdocs/wireless/resources/views/layouts/app.blade.php","data":[]},"exception":"[object] (Spatie\\LaravelIgnition\\Exceptions\\ViewException(code: 0): SQLSTATE[42S02]: Base table or view not found: 1146 Table 'wireless.text_widgets' doesn't exist (Connection: mysql, SQL: select * from `text_widgets` where `key` = about-us-sidebar limit 1) at /opt/lampp/htdocs/wireless/vendor/laravel/framework/src/Illuminate/Database/Connection.php:822)
[stacktrace]
#0 /opt/lampp/htdocs/wireless/vendor/laravel/framework/src/Illuminate/Database/Connection.php(776): Illuminate\\Database\\Connection->runQueryCallback()
#1 /opt/lampp/htdocs/wireless/vendor/laravel/framework/src/Illuminate/Database/Connection.php(407): Illuminate\\Database\\Connection->run()
#2 /opt/lampp/htdocs/wireless/vendor/laravel/framework/src/Illuminate/Database/Query/Builder.php(2751): Illuminate\\Database\\Connection->select()
#3 /opt/lampp/htdocs/wireless/vendor/laravel/framework/src/Illuminate/Database/Query/Builder.php(2740): Illuminate\\Database\\Query\\Builder->runSelect()
#4 /opt/lampp/htdocs/wireless/vendor/laravel/framework/src/Illuminate/Database/Query/Builder.php(3294): Illuminate\\Database\\Query\\Builder->Illuminate\\Database\\Query\\{closure}()
#5 /opt/lampp/htdocs/wireless/vendor/laravel/framework/src/Illuminate/Database/Query/Builder.php(2739): Illuminate\\Database\\Query\\Builder->onceWithColumns()
#6 /opt/lampp/htdocs/wireless/vendor/laravel/framework/src/Illuminate/Database/Eloquent/Builder.php(737): Illuminate\\Database\\Query\\Builder->get()
#7 /opt/lampp/htdocs/wireless/vendor/laravel/framework/src/Illuminate/Database/Eloquent/Builder.php(721): Illuminate\\Database\\Eloquent\\Builder->getModels()
#8 /opt/lampp/htdocs/wireless/vendor/laravel/framework/src/Illuminate/Database/Concerns/BuildsQueries.php(333): Illuminate\\Database\\Eloquent\\Builder->get()
#9 /opt/lampp/htdocs/wireless/app/Models/TextWidget.php(35): Illuminate\\Database\\Eloquent\\Builder->first()
#10 /opt/lampp/htdocs/wireless/vendor/laravel/framework/src/Illuminate/Collections/helpers.php(224): App\\Models\\TextWidget::App\\Models\\{closure}()
#11 /opt/lampp/htdocs/wireless/vendor/laravel/framework/src/Illuminate/Cache/Repository.php(107): value()
#12 /opt/lampp/htdocs/wireless/vendor/laravel/framework/src/Illuminate/Cache/CacheManager.php(429): Illuminate\\Cache\\Repository->get()
#13 /opt/lampp/htdocs/wireless/vendor/laravel/framework/src/Illuminate/Support/Facades/Facade.php(355): Illuminate\\Cache\\CacheManager->__call()
#14 /opt/lampp/htdocs/wireless/app/Models/TextWidget.php(34): Illuminate\\Support\\Facades\\Facade::__callStatic()
#15 /opt/lampp/htdocs/wireless/resources/views/layouts/app.blade.php(291): App\\Models\\TextWidget::getContent()
#16 /opt/lampp/htdocs/wireless/vendor/laravel/framework/src/Illuminate/Filesystem/Filesystem.php(124): require('...')
#17 /opt/lampp/htdocs/wireless/vendor/laravel/framework/src/Illuminate/Filesystem/Filesystem.php(125): Illuminate\\Filesystem\\Filesystem::Illuminate\\Filesystem\\{closure}()
#18 /opt/lampp/htdocs/wireless/vendor/laravel/framework/src/Illuminate/View/Engines/PhpEngine.php(58): Illuminate\\Filesystem\\Filesystem->getRequire()
#19 /opt/lampp/htdocs/wireless/vendor/livewire/livewire/src/Mechanisms/ExtendBlade/ExtendedCompilerEngine.php(22): Illuminate\\View\\Engines\\PhpEngine->evaluatePath()
#20 /opt/lampp/htdocs/wireless/vendor/laravel/framework/src/Illuminate/View/Engines/CompilerEngine.php(72): Livewire\\Mechanisms\\ExtendBlade\\ExtendedCompilerEngine->evaluatePath()
#21 /opt/lampp/htdocs/wireless/vendor/livewire/livewire/src/Mechanisms/ExtendBlade/ExtendedCompilerEngine.php(10): Illuminate\\View\\Engines\\CompilerEngine->get()
#22 /opt/lampp/htdocs/wireless/vendor/laravel/framework/src/Illuminate/View/View.php(207): Livewire\\Mechanisms\\ExtendBlade\\ExtendedCompilerEngine->get()
#23 /opt/lampp/htdocs/wireless/vendor/laravel/framework/src/Illuminate/View/View.php(190): Illuminate\\View\\View->getContents()
#24 /opt/lampp/htdocs/wireless/vendor/laravel/framework/src/Illuminate/View/View.php(159): Illuminate\\View\\View->renderContents()
#25 /opt/lampp/htdocs/wireless/vendor/laravel/framework/src/Illuminate/View/Concerns/ManagesComponents.php(99): Illuminate\\View\\View->render()
#26 /opt/lampp/htdocs/wireless/resources/views/errors/404.blade.php(45): Illuminate\\View\\Factory->renderComponent()
#27 /opt/lampp/htdocs/wireless/vendor/laravel/framework/src/Illuminate/Filesystem/Filesystem.php(124): require('...')
#28 /opt/lampp/htdocs/wireless/vendor/laravel/framework/src/Illuminate/Filesystem/Filesystem.php(125): Illuminate\\Filesystem\\Filesystem::Illuminate\\Filesystem\\{closure}()
#29 /opt/lampp/htdocs/wireless/vendor/laravel/framework/src/Illuminate/View/Engines/PhpEngine.php(58): Illuminate\\Filesystem\\Filesystem->getRequire()
#30 /opt/lampp/htdocs/wireless/vendor/livewire/livewire/src/Mechanisms/ExtendBlade/ExtendedCompilerEngine.php(22): Illuminate\\View\\Engines\\PhpEngine->evaluatePath()
#31 /opt/lampp/htdocs/wireless/vendor/laravel/framework/src/Illuminate/View/Engines/CompilerEngine.php(72): Livewire\\Mechanisms\\ExtendBlade\\ExtendedCompilerEngine->evaluatePath()
#32 /opt/lampp/htdocs/wireless/vendor/livewire/livewire/src/Mechanisms/ExtendBlade/ExtendedCompilerEngine.php(10): Illuminate\\View\\Engines\\CompilerEngine->get()
#33 /opt/lampp/htdocs/wireless/vendor/laravel/framework/src/Illuminate/View/View.php(207): Livewire\\Mechanisms\\ExtendBlade\\ExtendedCompilerEngine->get()
#34 /opt/lampp/htdocs/wireless/vendor/laravel/framework/src/Illuminate/View/View.php(190): Illuminate\\View\\View->getContents()
#35 /opt/lampp/htdocs/wireless/vendor/laravel/framework/src/Illuminate/View/View.php(159): Illuminate\\View\\View->renderContents()
#36 /opt/lampp/htdocs/wireless/vendor/laravel/framework/src/Illuminate/Http/Response.php(69): Illuminate\\View\\View->render()
#37 /opt/lampp/htdocs/wireless/vendor/laravel/framework/src/Illuminate/Http/Response.php(35): Illuminate\\Http\\Response->setContent()
#38 /opt/lampp/htdocs/wireless/vendor/laravel/framework/src/Illuminate/Routing/ResponseFactory.php(57): Illuminate\\Http\\Response->__construct()
#39 /opt/lampp/htdocs/wireless/vendor/laravel/framework/src/Illuminate/Routing/ResponseFactory.php(87): Illuminate\\Routing\\ResponseFactory->make()
#40 /opt/lampp/htdocs/wireless/vendor/laravel/framework/src/Illuminate/Foundation/Exceptions/Handler.php(723): Illuminate\\Routing\\ResponseFactory->view()
#41 /opt/lampp/htdocs/wireless/vendor/laravel/framework/src/Illuminate/Foundation/Exceptions/Handler.php(650): Illuminate\\Foundation\\Exceptions\\Handler->renderHttpException()
#42 /opt/lampp/htdocs/wireless/vendor/laravel/framework/src/Illuminate/Foundation/Exceptions/Handler.php(556): Illuminate\\Foundation\\Exceptions\\Handler->prepareResponse()
#43 /opt/lampp/htdocs/wireless/vendor/laravel/framework/src/Illuminate/Foundation/Exceptions/Handler.php(473): Illuminate\\Foundation\\Exceptions\\Handler->renderExceptionResponse()
#44 /opt/lampp/htdocs/wireless/vendor/laravel/framework/src/Illuminate/Routing/Pipeline.php(51): Illuminate\\Foundation\\Exceptions\\Handler->render()
#45 /opt/lampp/htdocs/wireless/vendor/laravel/framework/src/Illuminate/Pipeline/Pipeline.php(188): Illuminate\\Routing\\Pipeline->handleException()
#46 /opt/lampp/htdocs/wireless/vendor/laravel/framework/src/Illuminate/Pipeline/Pipeline.php(119): Illuminate\\Pipeline\\Pipeline->Illuminate\\Pipeline\\{closure}()
#47 /opt/lampp/htdocs/wireless/vendor/laravel/framework/src/Illuminate/Routing/Router.php(805): Illuminate\\Pipeline\\Pipeline->then()
#48 /opt/lampp/htdocs/wireless/vendor/laravel/framework/src/Illuminate/Routing/Router.php(784): Illuminate\\Routing\\Router->runRouteWithinStack()
#49 /opt/lampp/htdocs/wireless/vendor/laravel/framework/src/Illuminate/Routing/Router.php(748): Illuminate\\Routing\\Router->runRoute()
#50 /opt/lampp/htdocs/wireless/vendor/laravel/framework/src/Illuminate/Routing/Router.php(737): Illuminate\\Routing\\Router->dispatchToRoute()
#51 /opt/lampp/htdocs/wireless/vendor/laravel/framework/src/Illuminate/Foundation/Http/Kernel.php(200): Illuminate\\Routing\\Router->dispatch()
#52 /opt/lampp/htdocs/wireless/vendor/laravel/framework/src/Illuminate/Pipeline/Pipeline.php(144): Illuminate\\Foundation\\Http\\Kernel->Illuminate\\Foundation\\Http\\{closure}()
#53 /opt/lampp/htdocs/wireless/vendor/livewire/livewire/src/Features/SupportDisablingBackButtonCache/DisableBackButtonCacheMiddleware.php(19): Illuminate\\Pipeline\\Pipeline->Illuminate\\Pipeline\\{closure}()
#54 /opt/lampp/htdocs/wireless/vendor/laravel/framework/src/Illuminate/Pipeline/Pipeline.php(183): Livewire\\Features\\SupportDisablingBackButtonCache\\DisableBackButtonCacheMiddleware->handle()
#55 /opt/lampp/htdocs/wireless/vendor/laravel/framework/src/Illuminate/Foundation/Http/Middleware/TransformsRequest.php(21): Illuminate\\Pipeline\\Pipeline->Illuminate\\Pipeline\\{closure}()
#56 /opt/lampp/htdocs/wireless/vendor/laravel/framework/src/Illuminate/Foundation/Http/Middleware/ConvertEmptyStringsToNull.php(31): Illuminate\\Foundation\\Http\\Middleware\\TransformsRequest->handle()
#57 /opt/lampp/htdocs/wireless/vendor/laravel/framework/src/Illuminate/Pipeline/Pipeline.php(183): Illuminate\\Foundation\\Http\\Middleware\\ConvertEmptyStringsToNull->handle()
#58 /opt/lampp/htdocs/wireless/vendor/laravel/framework/src/Illuminate/Foundation/Http/Middleware/TransformsRequest.php(21): Illuminate\\Pipeline\\Pipeline->Illuminate\\Pipeline\\{closure}()
#59 /opt/lampp/htdocs/wireless/vendor/laravel/framework/src/Illuminate/Foundation/Http/Middleware/TrimStrings.php(40): Illuminate\\Foundation\\Http\\Middleware\\TransformsRequest->handle()
#60 /opt/lampp/htdocs/wireless/vendor/laravel/framework/src/Illuminate/Pipeline/Pipeline.php(183): Illuminate\\Foundation\\Http\\Middleware\\TrimStrings->handle()
#61 /opt/lampp/htdocs/wireless/vendor/laravel/framework/src/Illuminate/Foundation/Http/Middleware/ValidatePostSize.php(27): Illuminate\\Pipeline\\Pipeline->Illuminate\\Pipeline\\{closure}()
#62 /opt/lampp/htdocs/wireless/vendor/laravel/framework/src/Illuminate/Pipeline/Pipeline.php(183): Illuminate\\Foundation\\Http\\Middleware\\ValidatePostSize->handle()
#63 /opt/lampp/htdocs/wireless/vendor/laravel/framework/src/Illuminate/Foundation/Http/Middleware/PreventRequestsDuringMaintenance.php(99): Illuminate\\Pipeline\\Pipeline->Illuminate\\Pipeline\\{closure}()
#64 /opt/lampp/htdocs/wireless/vendor/laravel/framework/src/Illuminate/Pipeline/Pipeline.php(183): Illuminate\\Foundation\\Http\\Middleware\\PreventRequestsDuringMaintenance->handle()
#65 /opt/lampp/htdocs/wireless/vendor/laravel/framework/src/Illuminate/Http/Middleware/HandleCors.php(49): Illuminate\\Pipeline\\Pipeline->Illuminate\\Pipeline\\{closure}()
#66 /opt/lampp/htdocs/wireless/vendor/laravel/framework/src/Illuminate/Pipeline/Pipeline.php(183): Illuminate\\Http\\Middleware\\HandleCors->handle()
#67 /opt/lampp/htdocs/wireless/vendor/laravel/framework/src/Illuminate/Http/Middleware/TrustProxies.php(39): Illuminate\\Pipeline\\Pipeline->Illuminate\\Pipeline\\{closure}()
#68 /opt/lampp/htdocs/wireless/vendor/laravel/framework/src/Illuminate/Pipeline/Pipeline.php(183): Illuminate\\Http\\Middleware\\TrustProxies->handle()
#69 /opt/lampp/htdocs/wireless/vendor/laravel/framework/src/Illuminate/Pipeline/Pipeline.php(119): Illuminate\\Pipeline\\Pipeline->Illuminate\\Pipeline\\{closure}()
#70 /opt/lampp/htdocs/wireless/vendor/laravel/framework/src/Illuminate/Foundation/Http/Kernel.php(175): Illuminate\\Pipeline\\Pipeline->then()
#71 /opt/lampp/htdocs/wireless/vendor/laravel/framework/src/Illuminate/Foundation/Http/Kernel.php(144): Illuminate\\Foundation\\Http\\Kernel->sendRequestThroughRouter()
#72 /opt/lampp/htdocs/wireless/public/index.php(51): Illuminate\\Foundation\\Http\\Kernel->handle()
#73 /opt/lampp/htdocs/wireless/vendor/laravel/framework/src/Illuminate/Foundation/resources/server.php(16): require_once('...')
#74 {main}

[previous exception] [object] (Illuminate\\Database\\QueryException(code: 42S02): SQLSTATE[42S02]: Base table or view not found: 1146 Table 'wireless.text_widgets' doesn't exist (Connection: mysql, SQL: select * from `text_widgets` where `key` = about-us-sidebar limit 1) at /opt/lampp/htdocs/wireless/vendor/laravel/framework/src/Illuminate/Database/Connection.php:822)
[stacktrace]
#0 /opt/lampp/htdocs/wireless/vendor/laravel/framework/src/Illuminate/Database/Connection.php(776): Illuminate\\Database\\Connection->runQueryCallback()
#1 /opt/lampp/htdocs/wireless/vendor/laravel/framework/src/Illuminate/Database/Connection.php(407): Illuminate\\Database\\Connection->run()
#2 /opt/lampp/htdocs/wireless/vendor/laravel/framework/src/Illuminate/Database/Query/Builder.php(2751): Illuminate\\Database\\Connection->select()
#3 /opt/lampp/htdocs/wireless/vendor/laravel/framework/src/Illuminate/Database/Query/Builder.php(2740): Illuminate\\Database\\Query\\Builder->runSelect()
#4 /opt/lampp/htdocs/wireless/vendor/laravel/framework/src/Illuminate/Database/Query/Builder.php(3294): Illuminate\\Database\\Query\\Builder->Illuminate\\Database\\Query\\{closure}()
#5 /opt/lampp/htdocs/wireless/vendor/laravel/framework/src/Illuminate/Database/Query/Builder.php(2739): Illuminate\\Database\\Query\\Builder->onceWithColumns()
#6 /opt/lampp/htdocs/wireless/vendor/laravel/framework/src/Illuminate/Database/Eloquent/Builder.php(737): Illuminate\\Database\\Query\\Builder->get()
#7 /opt/lampp/htdocs/wireless/vendor/laravel/framework/src/Illuminate/Database/Eloquent/Builder.php(721): Illuminate\\Database\\Eloquent\\Builder->getModels()
#8 /opt/lampp/htdocs/wireless/vendor/laravel/framework/src/Illuminate/Database/Concerns/BuildsQueries.php(333): Illuminate\\Database\\Eloquent\\Builder->get()
#9 /opt/lampp/htdocs/wireless/app/Models/TextWidget.php(35): Illuminate\\Database\\Eloquent\\Builder->first()
#10 /opt/lampp/htdocs/wireless/vendor/laravel/framework/src/Illuminate/Collections/helpers.php(224): App\\Models\\TextWidget::App\\Models\\{closure}()
#11 /opt/lampp/htdocs/wireless/vendor/laravel/framework/src/Illuminate/Cache/Repository.php(107): value()
#12 /opt/lampp/htdocs/wireless/vendor/laravel/framework/src/Illuminate/Cache/CacheManager.php(429): Illuminate\\Cache\\Repository->get()
#13 /opt/lampp/htdocs/wireless/vendor/laravel/framework/src/Illuminate/Support/Facades/Facade.php(355): Illuminate\\Cache\\CacheManager->__call()
#14 /opt/lampp/htdocs/wireless/app/Models/TextWidget.php(34): Illuminate\\Support\\Facades\\Facade::__callStatic()
#15 /opt/lampp/htdocs/wireless/storage/framework/views/4918ade9d894dbbdc113be650a0f2910.php(405): App\\Models\\TextWidget::getContent()
#16 /opt/lampp/htdocs/wireless/vendor/laravel/framework/src/Illuminate/Filesystem/Filesystem.php(124): require('...')
#17 /opt/lampp/htdocs/wireless/vendor/laravel/framework/src/Illuminate/Filesystem/Filesystem.php(125): Illuminate\\Filesystem\\Filesystem::Illuminate\\Filesystem\\{closure}()
#18 /opt/lampp/htdocs/wireless/vendor/laravel/framework/src/Illuminate/View/Engines/PhpEngine.php(58): Illuminate\\Filesystem\\Filesystem->getRequire()
#19 /opt/lampp/htdocs/wireless/vendor/livewire/livewire/src/Mechanisms/ExtendBlade/ExtendedCompilerEngine.php(22): Illuminate\\View\\Engines\\PhpEngine->evaluatePath()
#20 /opt/lampp/htdocs/wireless/vendor/laravel/framework/src/Illuminate/View/Engines/CompilerEngine.php(72): Livewire\\Mechanisms\\ExtendBlade\\ExtendedCompilerEngine->evaluatePath()
#21 /opt/lampp/htdocs/wireless/vendor/livewire/livewire/src/Mechanisms/ExtendBlade/ExtendedCompilerEngine.php(10): Illuminate\\View\\Engines\\CompilerEngine->get()
#22 /opt/lampp/htdocs/wireless/vendor/laravel/framework/src/Illuminate/View/View.php(207): Livewire\\Mechanisms\\ExtendBlade\\ExtendedCompilerEngine->get()
#23 /opt/lampp/htdocs/wireless/vendor/laravel/framework/src/Illuminate/View/View.php(190): Illuminate\\View\\View->getContents()
#24 /opt/lampp/htdocs/wireless/vendor/laravel/framework/src/Illuminate/View/View.php(159): Illuminate\\View\\View->renderContents()
#25 /opt/lampp/htdocs/wireless/vendor/laravel/framework/src/Illuminate/View/Concerns/ManagesComponents.php(99): Illuminate\\View\\View->render()
#26 /opt/lampp/htdocs/wireless/storage/framework/views/6c98e84b92353b4122cb1cc648a9d157.php(45): Illuminate\\View\\Factory->renderComponent()
#27 /opt/lampp/htdocs/wireless/vendor/laravel/framework/src/Illuminate/Filesystem/Filesystem.php(124): require('...')
#28 /opt/lampp/htdocs/wireless/vendor/laravel/framework/src/Illuminate/Filesystem/Filesystem.php(125): Illuminate\\Filesystem\\Filesystem::Illuminate\\Filesystem\\{closure}()
#29 /opt/lampp/htdocs/wireless/vendor/laravel/framework/src/Illuminate/View/Engines/PhpEngine.php(58): Illuminate\\Filesystem\\Filesystem->getRequire()
#30 /opt/lampp/htdocs/wireless/vendor/livewire/livewire/src/Mechanisms/ExtendBlade/ExtendedCompilerEngine.php(22): Illuminate\\View\\Engines\\PhpEngine->evaluatePath()
#31 /opt/lampp/htdocs/wireless/vendor/laravel/framework/src/Illuminate/View/Engines/CompilerEngine.php(72): Livewire\\Mechanisms\\ExtendBlade\\ExtendedCompilerEngine->evaluatePath()
#32 /opt/lampp/htdocs/wireless/vendor/livewire/livewire/src/Mechanisms/ExtendBlade/ExtendedCompilerEngine.php(10): Illuminate\\View\\Engines\\CompilerEngine->get()
#33 /opt/lampp/htdocs/wireless/vendor/laravel/framework/src/Illuminate/View/View.php(207): Livewire\\Mechanisms\\ExtendBlade\\ExtendedCompilerEngine->get()
#34 /opt/lampp/htdocs/wireless/vendor/laravel/framework/src/Illuminate/View/View.php(190): Illuminate\\View\\View->getContents()
#35 /opt/lampp/htdocs/wireless/vendor/laravel/framework/src/Illuminate/View/View.php(159): Illuminate\\View\\View->renderContents()
#36 /opt/lampp/htdocs/wireless/vendor/laravel/framework/src/Illuminate/Http/Response.php(69): Illuminate\\View\\View->render()
#37 /opt/lampp/htdocs/wireless/vendor/laravel/framework/src/Illuminate/Http/Response.php(35): Illuminate\\Http\\Response->setContent()
#38 /opt/lampp/htdocs/wireless/vendor/laravel/framework/src/Illuminate/Routing/ResponseFactory.php(57): Illuminate\\Http\\Response->__construct()
#39 /opt/lampp/htdocs/wireless/vendor/laravel/framework/src/Illuminate/Routing/ResponseFactory.php(87): Illuminate\\Routing\\ResponseFactory->make()
#40 /opt/lampp/htdocs/wireless/vendor/laravel/framework/src/Illuminate/Foundation/Exceptions/Handler.php(723): Illuminate\\Routing\\ResponseFactory->view()
#41 /opt/lampp/htdocs/wireless/vendor/laravel/framework/src/Illuminate/Foundation/Exceptions/Handler.php(650): Illuminate\\Foundation\\Exceptions\\Handler->renderHttpException()
#42 /opt/lampp/htdocs/wireless/vendor/laravel/framework/src/Illuminate/Foundation/Exceptions/Handler.php(556): Illuminate\\Foundation\\Exceptions\\Handler->prepareResponse()
#43 /opt/lampp/htdocs/wireless/vendor/laravel/framework/src/Illuminate/Foundation/Exceptions/Handler.php(473): Illuminate\\Foundation\\Exceptions\\Handler->renderExceptionResponse()
#44 /opt/lampp/htdocs/wireless/vendor/laravel/framework/src/Illuminate/Routing/Pipeline.php(51): Illuminate\\Foundation\\Exceptions\\Handler->render()
#45 /opt/lampp/htdocs/wireless/vendor/laravel/framework/src/Illuminate/Pipeline/Pipeline.php(188): Illuminate\\Routing\\Pipeline->handleException()
#46 /opt/lampp/htdocs/wireless/vendor/laravel/framework/src/Illuminate/Pipeline/Pipeline.php(119): Illuminate\\Pipeline\\Pipeline->Illuminate\\Pipeline\\{closure}()
#47 /opt/lampp/htdocs/wireless/vendor/laravel/framework/src/Illuminate/Routing/Router.php(805): Illuminate\\Pipeline\\Pipeline->then()
#48 /opt/lampp/htdocs/wireless/vendor/laravel/framework/src/Illuminate/Routing/Router.php(784): Illuminate\\Routing\\Router->runRouteWithinStack()
#49 /opt/lampp/htdocs/wireless/vendor/laravel/framework/src/Illuminate/Routing/Router.php(748): Illuminate\\Routing\\Router->runRoute()
#50 /opt/lampp/htdocs/wireless/vendor/laravel/framework/src/Illuminate/Routing/Router.php(737): Illuminate\\Routing\\Router->dispatchToRoute()
#51 /opt/lampp/htdocs/wireless/vendor/laravel/framework/src/Illuminate/Foundation/Http/Kernel.php(200): Illuminate\\Routing\\Router->dispatch()
#52 /opt/lampp/htdocs/wireless/vendor/laravel/framework/src/Illuminate/Pipeline/Pipeline.php(144): Illuminate\\Foundation\\Http\\Kernel->Illuminate\\Foundation\\Http\\{closure}()
#53 /opt/lampp/htdocs/wireless/vendor/livewire/livewire/src/Features/SupportDisablingBackButtonCache/DisableBackButtonCacheMiddleware.php(19): Illuminate\\Pipeline\\Pipeline->Illuminate\\Pipeline\\{closure}()
#54 /opt/lampp/htdocs/wireless/vendor/laravel/framework/src/Illuminate/Pipeline/Pipeline.php(183): Livewire\\Features\\SupportDisablingBackButtonCache\\DisableBackButtonCacheMiddleware->handle()
#55 /opt/lampp/htdocs/wireless/vendor/laravel/framework/src/Illuminate/Foundation/Http/Middleware/TransformsRequest.php(21): Illuminate\\Pipeline\\Pipeline->Illuminate\\Pipeline\\{closure}()
#56 /opt/lampp/htdocs/wireless/vendor/laravel/framework/src/Illuminate/Foundation/Http/Middleware/ConvertEmptyStringsToNull.php(31): Illuminate\\Foundation\\Http\\Middleware\\TransformsRequest->handle()
#57 /opt/lampp/htdocs/wireless/vendor/laravel/framework/src/Illuminate/Pipeline/Pipeline.php(183): Illuminate\\Foundation\\Http\\Middleware\\ConvertEmptyStringsToNull->handle()
#58 /opt/lampp/htdocs/wireless/vendor/laravel/framework/src/Illuminate/Foundation/Http/Middleware/TransformsRequest.php(21): Illuminate\\Pipeline\\Pipeline->Illuminate\\Pipeline\\{closure}()
#59 /opt/lampp/htdocs/wireless/vendor/laravel/framework/src/Illuminate/Foundation/Http/Middleware/TrimStrings.php(40): Illuminate\\Foundation\\Http\\Middleware\\TransformsRequest->handle()
#60 /opt/lampp/htdocs/wireless/vendor/laravel/framework/src/Illuminate/Pipeline/Pipeline.php(183): Illuminate\\Foundation\\Http\\Middleware\\TrimStrings->handle()
#61 /opt/lampp/htdocs/wireless/vendor/laravel/framework/src/Illuminate/Foundation/Http/Middleware/ValidatePostSize.php(27): Illuminate\\Pipeline\\Pipeline->Illuminate\\Pipeline\\{closure}()
#62 /opt/lampp/htdocs/wireless/vendor/laravel/framework/src/Illuminate/Pipeline/Pipeline.php(183): Illuminate\\Foundation\\Http\\Middleware\\ValidatePostSize->handle()
#63 /opt/lampp/htdocs/wireless/vendor/laravel/framework/src/Illuminate/Foundation/Http/Middleware/PreventRequestsDuringMaintenance.php(99): Illuminate\\Pipeline\\Pipeline->Illuminate\\Pipeline\\{closure}()
#64 /opt/lampp/htdocs/wireless/vendor/laravel/framework/src/Illuminate/Pipeline/Pipeline.php(183): Illuminate\\Foundation\\Http\\Middleware\\PreventRequestsDuringMaintenance->handle()
#65 /opt/lampp/htdocs/wireless/vendor/laravel/framework/src/Illuminate/Http/Middleware/HandleCors.php(49): Illuminate\\Pipeline\\Pipeline->Illuminate\\Pipeline\\{closure}()
#66 /opt/lampp/htdocs/wireless/vendor/laravel/framework/src/Illuminate/Pipeline/Pipeline.php(183): Illuminate\\Http\\Middleware\\HandleCors->handle()
#67 /opt/lampp/htdocs/wireless/vendor/laravel/framework/src/Illuminate/Http/Middleware/TrustProxies.php(39): Illuminate\\Pipeline\\Pipeline->Illuminate\\Pipeline\\{closure}()
#68 /opt/lampp/htdocs/wireless/vendor/laravel/framework/src/Illuminate/Pipeline/Pipeline.php(183): Illuminate\\Http\\Middleware\\TrustProxies->handle()
#69 /opt/lampp/htdocs/wireless/vendor/laravel/framework/src/Illuminate/Pipeline/Pipeline.php(119): Illuminate\\Pipeline\\Pipeline->Illuminate\\Pipeline\\{closure}()
#70 /opt/lampp/htdocs/wireless/vendor/laravel/framework/src/Illuminate/Foundation/Http/Kernel.php(175): Illuminate\\Pipeline\\Pipeline->then()
#71 /opt/lampp/htdocs/wireless/vendor/laravel/framework/src/Illuminate/Foundation/Http/Kernel.php(144): Illuminate\\Foundation\\Http\\Kernel->sendRequestThroughRouter()
#72 /opt/lampp/htdocs/wireless/public/index.php(51): Illuminate\\Foundation\\Http\\Kernel->handle()
#73 /opt/lampp/htdocs/wireless/vendor/laravel/framework/src/Illuminate/Foundation/resources/server.php(16): require_once('...')
#74 {main}

[previous exception] [object] (PDOException(code: 42S02): SQLSTATE[42S02]: Base table or view not found: 1146 Table 'wireless.text_widgets' doesn't exist at /opt/lampp/htdocs/wireless/vendor/laravel/framework/src/Illuminate/Database/Connection.php:416)
[stacktrace]
#0 /opt/lampp/htdocs/wireless/vendor/laravel/framework/src/Illuminate/Database/Connection.php(416): PDO->prepare()
#1 /opt/lampp/htdocs/wireless/vendor/laravel/framework/src/Illuminate/Database/Connection.php(809): Illuminate\\Database\\Connection->Illuminate\\Database\\{closure}()
#2 /opt/lampp/htdocs/wireless/vendor/laravel/framework/src/Illuminate/Database/Connection.php(776): Illuminate\\Database\\Connection->runQueryCallback()
#3 /opt/lampp/htdocs/wireless/vendor/laravel/framework/src/Illuminate/Database/Connection.php(407): Illuminate\\Database\\Connection->run()
#4 /opt/lampp/htdocs/wireless/vendor/laravel/framework/src/Illuminate/Database/Query/Builder.php(2751): Illuminate\\Database\\Connection->select()
#5 /opt/lampp/htdocs/wireless/vendor/laravel/framework/src/Illuminate/Database/Query/Builder.php(2740): Illuminate\\Database\\Query\\Builder->runSelect()
#6 /opt/lampp/htdocs/wireless/vendor/laravel/framework/src/Illuminate/Database/Query/Builder.php(3294): Illuminate\\Database\\Query\\Builder->Illuminate\\Database\\Query\\{closure}()
#7 /opt/lampp/htdocs/wireless/vendor/laravel/framework/src/Illuminate/Database/Query/Builder.php(2739): Illuminate\\Database\\Query\\Builder->onceWithColumns()
#8 /opt/lampp/htdocs/wireless/vendor/laravel/framework/src/Illuminate/Database/Eloquent/Builder.php(737): Illuminate\\Database\\Query\\Builder->get()
#9 /opt/lampp/htdocs/wireless/vendor/laravel/framework/src/Illuminate/Database/Eloquent/Builder.php(721): Illuminate\\Database\\Eloquent\\Builder->getModels()
#10 /opt/lampp/htdocs/wireless/vendor/laravel/framework/src/Illuminate/Database/Concerns/BuildsQueries.php(333): Illuminate\\Database\\Eloquent\\Builder->get()
#11 /opt/lampp/htdocs/wireless/app/Models/TextWidget.php(35): Illuminate\\Database\\Eloquent\\Builder->first()
#12 /opt/lampp/htdocs/wireless/vendor/laravel/framework/src/Illuminate/Collections/helpers.php(224): App\\Models\\TextWidget::App\\Models\\{closure}()
#13 /opt/lampp/htdocs/wireless/vendor/laravel/framework/src/Illuminate/Cache/Repository.php(107): value()
#14 /opt/lampp/htdocs/wireless/vendor/laravel/framework/src/Illuminate/Cache/CacheManager.php(429): Illuminate\\Cache\\Repository->get()
#15 /opt/lampp/htdocs/wireless/vendor/laravel/framework/src/Illuminate/Support/Facades/Facade.php(355): Illuminate\\Cache\\CacheManager->__call()
#16 /opt/lampp/htdocs/wireless/app/Models/TextWidget.php(34): Illuminate\\Support\\Facades\\Facade::__callStatic()
#17 /opt/lampp/htdocs/wireless/storage/framework/views/4918ade9d894dbbdc113be650a0f2910.php(405): App\\Models\\TextWidget::getContent()
#18 /opt/lampp/htdocs/wireless/vendor/laravel/framework/src/Illuminate/Filesystem/Filesystem.php(124): require('...')
#19 /opt/lampp/htdocs/wireless/vendor/laravel/framework/src/Illuminate/Filesystem/Filesystem.php(125): Illuminate\\Filesystem\\Filesystem::Illuminate\\Filesystem\\{closure}()
#20 /opt/lampp/htdocs/wireless/vendor/laravel/framework/src/Illuminate/View/Engines/PhpEngine.php(58): Illuminate\\Filesystem\\Filesystem->getRequire()
#21 /opt/lampp/htdocs/wireless/vendor/livewire/livewire/src/Mechanisms/ExtendBlade/ExtendedCompilerEngine.php(22): Illuminate\\View\\Engines\\PhpEngine->evaluatePath()
#22 /opt/lampp/htdocs/wireless/vendor/laravel/framework/src/Illuminate/View/Engines/CompilerEngine.php(72): Livewire\\Mechanisms\\ExtendBlade\\ExtendedCompilerEngine->evaluatePath()
#23 /opt/lampp/htdocs/wireless/vendor/livewire/livewire/src/Mechanisms/ExtendBlade/ExtendedCompilerEngine.php(10): Illuminate\\View\\Engines\\CompilerEngine->get()
#24 /opt/lampp/htdocs/wireless/vendor/laravel/framework/src/Illuminate/View/View.php(207): Livewire\\Mechanisms\\ExtendBlade\\ExtendedCompilerEngine->get()
#25 /opt/lampp/htdocs/wireless/vendor/laravel/framework/src/Illuminate/View/View.php(190): Illuminate\\View\\View->getContents()
#26 /opt/lampp/htdocs/wireless/vendor/laravel/framework/src/Illuminate/View/View.php(159): Illuminate\\View\\View->renderContents()
#27 /opt/lampp/htdocs/wireless/vendor/laravel/framework/src/Illuminate/View/Concerns/ManagesComponents.php(99): Illuminate\\View\\View->render()
#28 /opt/lampp/htdocs/wireless/storage/framework/views/6c98e84b92353b4122cb1cc648a9d157.php(45): Illuminate\\View\\Factory->renderComponent()
#29 /opt/lampp/htdocs/wireless/vendor/laravel/framework/src/Illuminate/Filesystem/Filesystem.php(124): require('...')
#30 /opt/lampp/htdocs/wireless/vendor/laravel/framework/src/Illuminate/Filesystem/Filesystem.php(125): Illuminate\\Filesystem\\Filesystem::Illuminate\\Filesystem\\{closure}()
#31 /opt/lampp/htdocs/wireless/vendor/laravel/framework/src/Illuminate/View/Engines/PhpEngine.php(58): Illuminate\\Filesystem\\Filesystem->getRequire()
#32 /opt/lampp/htdocs/wireless/vendor/livewire/livewire/src/Mechanisms/ExtendBlade/ExtendedCompilerEngine.php(22): Illuminate\\View\\Engines\\PhpEngine->evaluatePath()
#33 /opt/lampp/htdocs/wireless/vendor/laravel/framework/src/Illuminate/View/Engines/CompilerEngine.php(72): Livewire\\Mechanisms\\ExtendBlade\\ExtendedCompilerEngine->evaluatePath()
#34 /opt/lampp/htdocs/wireless/vendor/livewire/livewire/src/Mechanisms/ExtendBlade/ExtendedCompilerEngine.php(10): Illuminate\\View\\Engines\\CompilerEngine->get()
#35 /opt/lampp/htdocs/wireless/vendor/laravel/framework/src/Illuminate/View/View.php(207): Livewire\\Mechanisms\\ExtendBlade\\ExtendedCompilerEngine->get()
#36 /opt/lampp/htdocs/wireless/vendor/laravel/framework/src/Illuminate/View/View.php(190): Illuminate\\View\\View->getContents()
#37 /opt/lampp/htdocs/wireless/vendor/laravel/framework/src/Illuminate/View/View.php(159): Illuminate\\View\\View->renderContents()
#38 /opt/lampp/htdocs/wireless/vendor/laravel/framework/src/Illuminate/Http/Response.php(69): Illuminate\\View\\View->render()
#39 /opt/lampp/htdocs/wireless/vendor/laravel/framework/src/Illuminate/Http/Response.php(35): Illuminate\\Http\\Response->setContent()
#40 /opt/lampp/htdocs/wireless/vendor/laravel/framework/src/Illuminate/Routing/ResponseFactory.php(57): Illuminate\\Http\\Response->__construct()
#41 /opt/lampp/htdocs/wireless/vendor/laravel/framework/src/Illuminate/Routing/ResponseFactory.php(87): Illuminate\\Routing\\ResponseFactory->make()
#42 /opt/lampp/htdocs/wireless/vendor/laravel/framework/src/Illuminate/Foundation/Exceptions/Handler.php(723): Illuminate\\Routing\\ResponseFactory->view()
#43 /opt/lampp/htdocs/wireless/vendor/laravel/framework/src/Illuminate/Foundation/Exceptions/Handler.php(650): Illuminate\\Foundation\\Exceptions\\Handler->renderHttpException()
#44 /opt/lampp/htdocs/wireless/vendor/laravel/framework/src/Illuminate/Foundation/Exceptions/Handler.php(556): Illuminate\\Foundation\\Exceptions\\Handler->prepareResponse()
#45 /opt/lampp/htdocs/wireless/vendor/laravel/framework/src/Illuminate/Foundation/Exceptions/Handler.php(473): Illuminate\\Foundation\\Exceptions\\Handler->renderExceptionResponse()
#46 /opt/lampp/htdocs/wireless/vendor/laravel/framework/src/Illuminate/Routing/Pipeline.php(51): Illuminate\\Foundation\\Exceptions\\Handler->render()
#47 /opt/lampp/htdocs/wireless/vendor/laravel/framework/src/Illuminate/Pipeline/Pipeline.php(188): Illuminate\\Routing\\Pipeline->handleException()
#48 /opt/lampp/htdocs/wireless/vendor/laravel/framework/src/Illuminate/Pipeline/Pipeline.php(119): Illuminate\\Pipeline\\Pipeline->Illuminate\\Pipeline\\{closure}()
#49 /opt/lampp/htdocs/wireless/vendor/laravel/framework/src/Illuminate/Routing/Router.php(805): Illuminate\\Pipeline\\Pipeline->then()
#50 /opt/lampp/htdocs/wireless/vendor/laravel/framework/src/Illuminate/Routing/Router.php(784): Illuminate\\Routing\\Router->runRouteWithinStack()
#51 /opt/lampp/htdocs/wireless/vendor/laravel/framework/src/Illuminate/Routing/Router.php(748): Illuminate\\Routing\\Router->runRoute()
#52 /opt/lampp/htdocs/wireless/vendor/laravel/framework/src/Illuminate/Routing/Router.php(737): Illuminate\\Routing\\Router->dispatchToRoute()
#53 /opt/lampp/htdocs/wireless/vendor/laravel/framework/src/Illuminate/Foundation/Http/Kernel.php(200): Illuminate\\Routing\\Router->dispatch()
#54 /opt/lampp/htdocs/wireless/vendor/laravel/framework/src/Illuminate/Pipeline/Pipeline.php(144): Illuminate\\Foundation\\Http\\Kernel->Illuminate\\Foundation\\Http\\{closure}()
#55 /opt/lampp/htdocs/wireless/vendor/livewire/livewire/src/Features/SupportDisablingBackButtonCache/DisableBackButtonCacheMiddleware.php(19): Illuminate\\Pipeline\\Pipeline->Illuminate\\Pipeline\\{closure}()
#56 /opt/lampp/htdocs/wireless/vendor/laravel/framework/src/Illuminate/Pipeline/Pipeline.php(183): Livewire\\Features\\SupportDisablingBackButtonCache\\DisableBackButtonCacheMiddleware->handle()
#57 /opt/lampp/htdocs/wireless/vendor/laravel/framework/src/Illuminate/Foundation/Http/Middleware/TransformsRequest.php(21): Illuminate\\Pipeline\\Pipeline->Illuminate\\Pipeline\\{closure}()
#58 /opt/lampp/htdocs/wireless/vendor/laravel/framework/src/Illuminate/Foundation/Http/Middleware/ConvertEmptyStringsToNull.php(31): Illuminate\\Foundation\\Http\\Middleware\\TransformsRequest->handle()
#59 /opt/lampp/htdocs/wireless/vendor/laravel/framework/src/Illuminate/Pipeline/Pipeline.php(183): Illuminate\\Foundation\\Http\\Middleware\\ConvertEmptyStringsToNull->handle()
#60 /opt/lampp/htdocs/wireless/vendor/laravel/framework/src/Illuminate/Foundation/Http/Middleware/TransformsRequest.php(21): Illuminate\\Pipeline\\Pipeline->Illuminate\\Pipeline\\{closure}()
#61 /opt/lampp/htdocs/wireless/vendor/laravel/framework/src/Illuminate/Foundation/Http/Middleware/TrimStrings.php(40): Illuminate\\Foundation\\Http\\Middleware\\TransformsRequest->handle()
#62 /opt/lampp/htdocs/wireless/vendor/laravel/framework/src/Illuminate/Pipeline/Pipeline.php(183): Illuminate\\Foundation\\Http\\Middleware\\TrimStrings->handle()
#63 /opt/lampp/htdocs/wireless/vendor/laravel/framework/src/Illuminate/Foundation/Http/Middleware/ValidatePostSize.php(27): Illuminate\\Pipeline\\Pipeline->Illuminate\\Pipeline\\{closure}()
#64 /opt/lampp/htdocs/wireless/vendor/laravel/framework/src/Illuminate/Pipeline/Pipeline.php(183): Illuminate\\Foundation\\Http\\Middleware\\ValidatePostSize->handle()
#65 /opt/lampp/htdocs/wireless/vendor/laravel/framework/src/Illuminate/Foundation/Http/Middleware/PreventRequestsDuringMaintenance.php(99): Illuminate\\Pipeline\\Pipeline->Illuminate\\Pipeline\\{closure}()
#66 /opt/lampp/htdocs/wireless/vendor/laravel/framework/src/Illuminate/Pipeline/Pipeline.php(183): Illuminate\\Foundation\\Http\\Middleware\\PreventRequestsDuringMaintenance->handle()
#67 /opt/lampp/htdocs/wireless/vendor/laravel/framework/src/Illuminate/Http/Middleware/HandleCors.php(49): Illuminate\\Pipeline\\Pipeline->Illuminate\\Pipeline\\{closure}()
#68 /opt/lampp/htdocs/wireless/vendor/laravel/framework/src/Illuminate/Pipeline/Pipeline.php(183): Illuminate\\Http\\Middleware\\HandleCors->handle()
#69 /opt/lampp/htdocs/wireless/vendor/laravel/framework/src/Illuminate/Http/Middleware/TrustProxies.php(39): Illuminate\\Pipeline\\Pipeline->Illuminate\\Pipeline\\{closure}()
#70 /opt/lampp/htdocs/wireless/vendor/laravel/framework/src/Illuminate/Pipeline/Pipeline.php(183): Illuminate\\Http\\Middleware\\TrustProxies->handle()
#71 /opt/lampp/htdocs/wireless/vendor/laravel/framework/src/Illuminate/Pipeline/Pipeline.php(119): Illuminate\\Pipeline\\Pipeline->Illuminate\\Pipeline\\{closure}()
#72 /opt/lampp/htdocs/wireless/vendor/laravel/framework/src/Illuminate/Foundation/Http/Kernel.php(175): Illuminate\\Pipeline\\Pipeline->then()
#73 /opt/lampp/htdocs/wireless/vendor/laravel/framework/src/Illuminate/Foundation/Http/Kernel.php(144): Illuminate\\Foundation\\Http\\Kernel->sendRequestThroughRouter()
#74 /opt/lampp/htdocs/wireless/public/index.php(51): Illuminate\\Foundation\\Http\\Kernel->handle()
#75 /opt/lampp/htdocs/wireless/vendor/laravel/framework/src/Illuminate/Foundation/resources/server.php(16): require_once('...')
#76 {main}
"} 
[2026-03-06 13:54:48] production.ERROR: SQLSTATE[42S22]: Column not found: 1054 Unknown column 'posts.published_at' in 'where clause' (Connection: mysql, SQL: select * from `posts` where date(`posts`.`published_at`) <= 2026-03-06 order by `published_at` desc limit 1) {"exception":"[object] (Illuminate\\Database\\QueryException(code: 42S22): SQLSTATE[42S22]: Column not found: 1054 Unknown column 'posts.published_at' in 'where clause' (Connection: mysql, SQL: select * from `posts` where date(`posts`.`published_at`) <= 2026-03-06 order by `published_at` desc limit 1) at /opt/lampp/htdocs/wireless/vendor/laravel/framework/src/Illuminate/Database/Connection.php:822)
[stacktrace]
#0 /opt/lampp/htdocs/wireless/vendor/laravel/framework/src/Illuminate/Database/Connection.php(776): Illuminate\\Database\\Connection->runQueryCallback()
#1 /opt/lampp/htdocs/wireless/vendor/laravel/framework/src/Illuminate/Database/Connection.php(407): Illuminate\\Database\\Connection->run()
#2 /opt/lampp/htdocs/wireless/vendor/laravel/framework/src/Illuminate/Database/Query/Builder.php(2751): Illuminate\\Database\\Connection->select()
#3 /opt/lampp/htdocs/wireless/vendor/laravel/framework/src/Illuminate/Database/Query/Builder.php(2740): Illuminate\\Database\\Query\\Builder->runSelect()
#4 /opt/lampp/htdocs/wireless/vendor/laravel/framework/src/Illuminate/Database/Query/Builder.php(3294): Illuminate\\Database\\Query\\Builder->Illuminate\\Database\\Query\\{closure}()
#5 /opt/lampp/htdocs/wireless/vendor/laravel/framework/src/Illuminate/Database/Query/Builder.php(2739): Illuminate\\Database\\Query\\Builder->onceWithColumns()
#6 /opt/lampp/htdocs/wireless/vendor/laravel/framework/src/Illuminate/Database/Eloquent/Builder.php(737): Illuminate\\Database\\Query\\Builder->get()
#7 /opt/lampp/htdocs/wireless/vendor/laravel/framework/src/Illuminate/Database/Eloquent/Builder.php(721): Illuminate\\Database\\Eloquent\\Builder->getModels()
#8 /opt/lampp/htdocs/wireless/vendor/laravel/framework/src/Illuminate/Database/Concerns/BuildsQueries.php(333): Illuminate\\Database\\Eloquent\\Builder->get()
#9 /opt/lampp/htdocs/wireless/app/Http/Controllers/PostController.php(29): Illuminate\\Database\\Eloquent\\Builder->first()
#10 /opt/lampp/htdocs/wireless/vendor/laravel/framework/src/Illuminate/Routing/Controller.php(54): App\\Http\\Controllers\\PostController->home()
#11 /opt/lampp/htdocs/wireless/vendor/laravel/framework/src/Illuminate/Routing/ControllerDispatcher.php(43): Illuminate\\Routing\\Controller->callAction()
#12 /opt/lampp/htdocs/wireless/vendor/laravel/framework/src/Illuminate/Routing/Route.php(259): Illuminate\\Routing\\ControllerDispatcher->dispatch()
#13 /opt/lampp/htdocs/wireless/vendor/laravel/framework/src/Illuminate/Routing/Route.php(205): Illuminate\\Routing\\Route->runController()
#14 /opt/lampp/htdocs/wireless/vendor/laravel/framework/src/Illuminate/Routing/Router.php(806): Illuminate\\Routing\\Route->run()
#15 /opt/lampp/htdocs/wireless/vendor/laravel/framework/src/Illuminate/Pipeline/Pipeline.php(144): Illuminate\\Routing\\Router->Illuminate\\Routing\\{closure}()
#16 /opt/lampp/htdocs/wireless/vendor/laravel/framework/src/Illuminate/Routing/Middleware/SubstituteBindings.php(50): Illuminate\\Pipeline\\Pipeline->Illuminate\\Pipeline\\{closure}()
#17 /opt/lampp/htdocs/wireless/vendor/laravel/framework/src/Illuminate/Pipeline/Pipeline.php(183): Illuminate\\Routing\\Middleware\\SubstituteBindings->handle()
#18 /opt/lampp/htdocs/wireless/vendor/laravel/framework/src/Illuminate/Foundation/Http/Middleware/VerifyCsrfToken.php(78): Illuminate\\Pipeline\\Pipeline->Illuminate\\Pipeline\\{closure}()
#19 /opt/lampp/htdocs/wireless/vendor/laravel/framework/src/Illuminate/Pipeline/Pipeline.php(183): Illuminate\\Foundation\\Http\\Middleware\\VerifyCsrfToken->handle()
#20 /opt/lampp/htdocs/wireless/vendor/laravel/framework/src/Illuminate/View/Middleware/ShareErrorsFromSession.php(49): Illuminate\\Pipeline\\Pipeline->Illuminate\\Pipeline\\{closure}()
#21 /opt/lampp/htdocs/wireless/vendor/laravel/framework/src/Illuminate/Pipeline/Pipeline.php(183): Illuminate\\View\\Middleware\\ShareErrorsFromSession->handle()
#22 /opt/lampp/htdocs/wireless/vendor/laravel/framework/src/Illuminate/Session/Middleware/StartSession.php(121): Illuminate\\Pipeline\\Pipeline->Illuminate\\Pipeline\\{closure}()
#23 /opt/lampp/htdocs/wireless/vendor/laravel/framework/src/Illuminate/Session/Middleware/StartSession.php(64): Illuminate\\Session\\Middleware\\StartSession->handleStatefulRequest()
#24 /opt/lampp/htdocs/wireless/vendor/laravel/framework/src/Illuminate/Pipeline/Pipeline.php(183): Illuminate\\Session\\Middleware\\StartSession->handle()
#25 /opt/lampp/htdocs/wireless/vendor/laravel/framework/src/Illuminate/Cookie/Middleware/AddQueuedCookiesToResponse.php(37): Illuminate\\Pipeline\\Pipeline->Illuminate\\Pipeline\\{closure}()
#26 /opt/lampp/htdocs/wireless/vendor/laravel/framework/src/Illuminate/Pipeline/Pipeline.php(183): Illuminate\\Cookie\\Middleware\\AddQueuedCookiesToResponse->handle()
#27 /opt/lampp/htdocs/wireless/vendor/laravel/framework/src/Illuminate/Cookie/Middleware/EncryptCookies.php(67): Illuminate\\Pipeline\\Pipeline->Illuminate\\Pipeline\\{closure}()
#28 /opt/lampp/htdocs/wireless/vendor/laravel/framework/src/Illuminate/Pipeline/Pipeline.php(183): Illuminate\\Cookie\\Middleware\\EncryptCookies->handle()
#29 /opt/lampp/htdocs/wireless/vendor/laravel/framework/src/Illuminate/Pipeline/Pipeline.php(119): Illuminate\\Pipeline\\Pipeline->Illuminate\\Pipeline\\{closure}()
#30 /opt/lampp/htdocs/wireless/vendor/laravel/framework/src/Illuminate/Routing/Router.php(805): Illuminate\\Pipeline\\Pipeline->then()
#31 /opt/lampp/htdocs/wireless/vendor/laravel/framework/src/Illuminate/Routing/Router.php(784): Illuminate\\Routing\\Router->runRouteWithinStack()
#32 /opt/lampp/htdocs/wireless/vendor/laravel/framework/src/Illuminate/Routing/Router.php(748): Illuminate\\Routing\\Router->runRoute()
#33 /opt/lampp/htdocs/wireless/vendor/laravel/framework/src/Illuminate/Routing/Router.php(737): Illuminate\\Routing\\Router->dispatchToRoute()
#34 /opt/lampp/htdocs/wireless/vendor/laravel/framework/src/Illuminate/Foundation/Http/Kernel.php(200): Illuminate\\Routing\\Router->dispatch()
#35 /opt/lampp/htdocs/wireless/vendor/laravel/framework/src/Illuminate/Pipeline/Pipeline.php(144): Illuminate\\Foundation\\Http\\Kernel->Illuminate\\Foundation\\Http\\{closure}()
#36 /opt/lampp/htdocs/wireless/vendor/livewire/livewire/src/Features/SupportDisablingBackButtonCache/DisableBackButtonCacheMiddleware.php(19): Illuminate\\Pipeline\\Pipeline->Illuminate\\Pipeline\\{closure}()
#37 /opt/lampp/htdocs/wireless/vendor/laravel/framework/src/Illuminate/Pipeline/Pipeline.php(183): Livewire\\Features\\SupportDisablingBackButtonCache\\DisableBackButtonCacheMiddleware->handle()
#38 /opt/lampp/htdocs/wireless/vendor/laravel/framework/src/Illuminate/Foundation/Http/Middleware/TransformsRequest.php(21): Illuminate\\Pipeline\\Pipeline->Illuminate\\Pipeline\\{closure}()
#39 /opt/lampp/htdocs/wireless/vendor/laravel/framework/src/Illuminate/Foundation/Http/Middleware/ConvertEmptyStringsToNull.php(31): Illuminate\\Foundation\\Http\\Middleware\\TransformsRequest->handle()
#40 /opt/lampp/htdocs/wireless/vendor/laravel/framework/src/Illuminate/Pipeline/Pipeline.php(183): Illuminate\\Foundation\\Http\\Middleware\\ConvertEmptyStringsToNull->handle()
#41 /opt/lampp/htdocs/wireless/vendor/laravel/framework/src/Illuminate/Foundation/Http/Middleware/TransformsRequest.php(21): Illuminate\\Pipeline\\Pipeline->Illuminate\\Pipeline\\{closure}()
#42 /opt/lampp/htdocs/wireless/vendor/laravel/framework/src/Illuminate/Foundation/Http/Middleware/TrimStrings.php(40): Illuminate\\Foundation\\Http\\Middleware\\TransformsRequest->handle()
#43 /opt/lampp/htdocs/wireless/vendor/laravel/framework/src/Illuminate/Pipeline/Pipeline.php(183): Illuminate\\Foundation\\Http\\Middleware\\TrimStrings->handle()
#44 /opt/lampp/htdocs/wireless/vendor/laravel/framework/src/Illuminate/Foundation/Http/Middleware/ValidatePostSize.php(27): Illuminate\\Pipeline\\Pipeline->Illuminate\\Pipeline\\{closure}()
#45 /opt/lampp/htdocs/wireless/vendor/laravel/framework/src/Illuminate/Pipeline/Pipeline.php(183): Illuminate\\Foundation\\Http\\Middleware\\ValidatePostSize->handle()
#46 /opt/lampp/htdocs/wireless/vendor/laravel/framework/src/Illuminate/Foundation/Http/Middleware/PreventRequestsDuringMaintenance.php(99): Illuminate\\Pipeline\\Pipeline->Illuminate\\Pipeline\\{closure}()
#47 /opt/lampp/htdocs/wireless/vendor/laravel/framework/src/Illuminate/Pipeline/Pipeline.php(183): Illuminate\\Foundation\\Http\\Middleware\\PreventRequestsDuringMaintenance->handle()
#48 /opt/lampp/htdocs/wireless/vendor/laravel/framework/src/Illuminate/Http/Middleware/HandleCors.php(49): Illuminate\\Pipeline\\Pipeline->Illuminate\\Pipeline\\{closure}()
#49 /opt/lampp/htdocs/wireless/vendor/laravel/framework/src/Illuminate/Pipeline/Pipeline.php(183): Illuminate\\Http\\Middleware\\HandleCors->handle()
#50 /opt/lampp/htdocs/wireless/vendor/laravel/framework/src/Illuminate/Http/Middleware/TrustProxies.php(39): Illuminate\\Pipeline\\Pipeline->Illuminate\\Pipeline\\{closure}()
#51 /opt/lampp/htdocs/wireless/vendor/laravel/framework/src/Illuminate/Pipeline/Pipeline.php(183): Illuminate\\Http\\Middleware\\TrustProxies->handle()
#52 /opt/lampp/htdocs/wireless/vendor/laravel/framework/src/Illuminate/Pipeline/Pipeline.php(119): Illuminate\\Pipeline\\Pipeline->Illuminate\\Pipeline\\{closure}()
#53 /opt/lampp/htdocs/wireless/vendor/laravel/framework/src/Illuminate/Foundation/Http/Kernel.php(175): Illuminate\\Pipeline\\Pipeline->then()
#54 /opt/lampp/htdocs/wireless/vendor/laravel/framework/src/Illuminate/Foundation/Http/Kernel.php(144): Illuminate\\Foundation\\Http\\Kernel->sendRequestThroughRouter()
#55 /opt/lampp/htdocs/wireless/public/index.php(51): Illuminate\\Foundation\\Http\\Kernel->handle()
#56 /opt/lampp/htdocs/wireless/vendor/laravel/framework/src/Illuminate/Foundation/resources/server.php(16): require_once('...')
#57 {main}

[previous exception] [object] (PDOException(code: 42S22): SQLSTATE[42S22]: Column not found: 1054 Unknown column 'posts.published_at' in 'where clause' at /opt/lampp/htdocs/wireless/vendor/laravel/framework/src/Illuminate/Database/Connection.php:416)
[stacktrace]
#0 /opt/lampp/htdocs/wireless/vendor/laravel/framework/src/Illuminate/Database/Connection.php(416): PDO->prepare()
#1 /opt/lampp/htdocs/wireless/vendor/laravel/framework/src/Illuminate/Database/Connection.php(809): Illuminate\\Database\\Connection->Illuminate\\Database\\{closure}()
#2 /opt/lampp/htdocs/wireless/vendor/laravel/framework/src/Illuminate/Database/Connection.php(776): Illuminate\\Database\\Connection->runQueryCallback()
#3 /opt/lampp/htdocs/wireless/vendor/laravel/framework/src/Illuminate/Database/Connection.php(407): Illuminate\\Database\\Connection->run()
#4 /opt/lampp/htdocs/wireless/vendor/laravel/framework/src/Illuminate/Database/Query/Builder.php(2751): Illuminate\\Database\\Connection->select()
#5 /opt/lampp/htdocs/wireless/vendor/laravel/framework/src/Illuminate/Database/Query/Builder.php(2740): Illuminate\\Database\\Query\\Builder->runSelect()
#6 /opt/lampp/htdocs/wireless/vendor/laravel/framework/src/Illuminate/Database/Query/Builder.php(3294): Illuminate\\Database\\Query\\Builder->Illuminate\\Database\\Query\\{closure}()
#7 /opt/lampp/htdocs/wireless/vendor/laravel/framework/src/Illuminate/Database/Query/Builder.php(2739): Illuminate\\Database\\Query\\Builder->onceWithColumns()
#8 /opt/lampp/htdocs/wireless/vendor/laravel/framework/src/Illuminate/Database/Eloquent/Builder.php(737): Illuminate\\Database\\Query\\Builder->get()
#9 /opt/lampp/htdocs/wireless/vendor/laravel/framework/src/Illuminate/Database/Eloquent/Builder.php(721): Illuminate\\Database\\Eloquent\\Builder->getModels()
#10 /opt/lampp/htdocs/wireless/vendor/laravel/framework/src/Illuminate/Database/Concerns/BuildsQueries.php(333): Illuminate\\Database\\Eloquent\\Builder->get()
#11 /opt/lampp/htdocs/wireless/app/Http/Controllers/PostController.php(29): Illuminate\\Database\\Eloquent\\Builder->first()
#12 /opt/lampp/htdocs/wireless/vendor/laravel/framework/src/Illuminate/Routing/Controller.php(54): App\\Http\\Controllers\\PostController->home()
#13 /opt/lampp/htdocs/wireless/vendor/laravel/framework/src/Illuminate/Routing/ControllerDispatcher.php(43): Illuminate\\Routing\\Controller->callAction()
#14 /opt/lampp/htdocs/wireless/vendor/laravel/framework/src/Illuminate/Routing/Route.php(259): Illuminate\\Routing\\ControllerDispatcher->dispatch()
#15 /opt/lampp/htdocs/wireless/vendor/laravel/framework/src/Illuminate/Routing/Route.php(205): Illuminate\\Routing\\Route->runController()
#16 /opt/lampp/htdocs/wireless/vendor/laravel/framework/src/Illuminate/Routing/Router.php(806): Illuminate\\Routing\\Route->run()
#17 /opt/lampp/htdocs/wireless/vendor/laravel/framework/src/Illuminate/Pipeline/Pipeline.php(144): Illuminate\\Routing\\Router->Illuminate\\Routing\\{closure}()
#18 /opt/lampp/htdocs/wireless/vendor/laravel/framework/src/Illuminate/Routing/Middleware/SubstituteBindings.php(50): Illuminate\\Pipeline\\Pipeline->Illuminate\\Pipeline\\{closure}()
#19 /opt/lampp/htdocs/wireless/vendor/laravel/framework/src/Illuminate/Pipeline/Pipeline.php(183): Illuminate\\Routing\\Middleware\\SubstituteBindings->handle()
#20 /opt/lampp/htdocs/wireless/vendor/laravel/framework/src/Illuminate/Foundation/Http/Middleware/VerifyCsrfToken.php(78): Illuminate\\Pipeline\\Pipeline->Illuminate\\Pipeline\\{closure}()
#21 /opt/lampp/htdocs/wireless/vendor/laravel/framework/src/Illuminate/Pipeline/Pipeline.php(183): Illuminate\\Foundation\\Http\\Middleware\\VerifyCsrfToken->handle()
#22 /opt/lampp/htdocs/wireless/vendor/laravel/framework/src/Illuminate/View/Middleware/ShareErrorsFromSession.php(49): Illuminate\\Pipeline\\Pipeline->Illuminate\\Pipeline\\{closure}()
#23 /opt/lampp/htdocs/wireless/vendor/laravel/framework/src/Illuminate/Pipeline/Pipeline.php(183): Illuminate\\View\\Middleware\\ShareErrorsFromSession->handle()
#24 /opt/lampp/htdocs/wireless/vendor/laravel/framework/src/Illuminate/Session/Middleware/StartSession.php(121): Illuminate\\Pipeline\\Pipeline->Illuminate\\Pipeline\\{closure}()
#25 /opt/lampp/htdocs/wireless/vendor/laravel/framework/src/Illuminate/Session/Middleware/StartSession.php(64): Illuminate\\Session\\Middleware\\StartSession->handleStatefulRequest()
#26 /opt/lampp/htdocs/wireless/vendor/laravel/framework/src/Illuminate/Pipeline/Pipeline.php(183): Illuminate\\Session\\Middleware\\StartSession->handle()
#27 /opt/lampp/htdocs/wireless/vendor/laravel/framework/src/Illuminate/Cookie/Middleware/AddQueuedCookiesToResponse.php(37): Illuminate\\Pipeline\\Pipeline->Illuminate\\Pipeline\\{closure}()
#28 /opt/lampp/htdocs/wireless/vendor/laravel/framework/src/Illuminate/Pipeline/Pipeline.php(183): Illuminate\\Cookie\\Middleware\\AddQueuedCookiesToResponse->handle()
#29 /opt/lampp/htdocs/wireless/vendor/laravel/framework/src/Illuminate/Cookie/Middleware/EncryptCookies.php(67): Illuminate\\Pipeline\\Pipeline->Illuminate\\Pipeline\\{closure}()
#30 /opt/lampp/htdocs/wireless/vendor/laravel/framework/src/Illuminate/Pipeline/Pipeline.php(183): Illuminate\\Cookie\\Middleware\\EncryptCookies->handle()
#31 /opt/lampp/htdocs/wireless/vendor/laravel/framework/src/Illuminate/Pipeline/Pipeline.php(119): Illuminate\\Pipeline\\Pipeline->Illuminate\\Pipeline\\{closure}()
#32 /opt/lampp/htdocs/wireless/vendor/laravel/framework/src/Illuminate/Routing/Router.php(805): Illuminate\\Pipeline\\Pipeline->then()
#33 /opt/lampp/htdocs/wireless/vendor/laravel/framework/src/Illuminate/Routing/Router.php(784): Illuminate\\Routing\\Router->runRouteWithinStack()
#34 /opt/lampp/htdocs/wireless/vendor/laravel/framework/src/Illuminate/Routing/Router.php(748): Illuminate\\Routing\\Router->runRoute()
#35 /opt/lampp/htdocs/wireless/vendor/laravel/framework/src/Illuminate/Routing/Router.php(737): Illuminate\\Routing\\Router->dispatchToRoute()
#36 /opt/lampp/htdocs/wireless/vendor/laravel/framework/src/Illuminate/Foundation/Http/Kernel.php(200): Illuminate\\Routing\\Router->dispatch()
#37 /opt/lampp/htdocs/wireless/vendor/laravel/framework/src/Illuminate/Pipeline/Pipeline.php(144): Illuminate\\Foundation\\Http\\Kernel->Illuminate\\Foundation\\Http\\{closure}()
#38 /opt/lampp/htdocs/wireless/vendor/livewire/livewire/src/Features/SupportDisablingBackButtonCache/DisableBackButtonCacheMiddleware.php(19): Illuminate\\Pipeline\\Pipeline->Illuminate\\Pipeline\\{closure}()
#39 /opt/lampp/htdocs/wireless/vendor/laravel/framework/src/Illuminate/Pipeline/Pipeline.php(183): Livewire\\Features\\SupportDisablingBackButtonCache\\DisableBackButtonCacheMiddleware->handle()
#40 /opt/lampp/htdocs/wireless/vendor/laravel/framework/src/Illuminate/Foundation/Http/Middleware/TransformsRequest.php(21): Illuminate\\Pipeline\\Pipeline->Illuminate\\Pipeline\\{closure}()
#41 /opt/lampp/htdocs/wireless/vendor/laravel/framework/src/Illuminate/Foundation/Http/Middleware/ConvertEmptyStringsToNull.php(31): Illuminate\\Foundation\\Http\\Middleware\\TransformsRequest->handle()
#42 /opt/lampp/htdocs/wireless/vendor/laravel/framework/src/Illuminate/Pipeline/Pipeline.php(183): Illuminate\\Foundation\\Http\\Middleware\\ConvertEmptyStringsToNull->handle()
#43 /opt/lampp/htdocs/wireless/vendor/laravel/framework/src/Illuminate/Foundation/Http/Middleware/TransformsRequest.php(21): Illuminate\\Pipeline\\Pipeline->Illuminate\\Pipeline\\{closure}()
#44 /opt/lampp/htdocs/wireless/vendor/laravel/framework/src/Illuminate/Foundation/Http/Middleware/TrimStrings.php(40): Illuminate\\Foundation\\Http\\Middleware\\TransformsRequest->handle()
#45 /opt/lampp/htdocs/wireless/vendor/laravel/framework/src/Illuminate/Pipeline/Pipeline.php(183): Illuminate\\Foundation\\Http\\Middleware\\TrimStrings->handle()
#46 /opt/lampp/htdocs/wireless/vendor/laravel/framework/src/Illuminate/Foundation/Http/Middleware/ValidatePostSize.php(27): Illuminate\\Pipeline\\Pipeline->Illuminate\\Pipeline\\{closure}()
#47 /opt/lampp/htdocs/wireless/vendor/laravel/framework/src/Illuminate/Pipeline/Pipeline.php(183): Illuminate\\Foundation\\Http\\Middleware\\ValidatePostSize->handle()
#48 /opt/lampp/htdocs/wireless/vendor/laravel/framework/src/Illuminate/Foundation/Http/Middleware/PreventRequestsDuringMaintenance.php(99): Illuminate\\Pipeline\\Pipeline->Illuminate\\Pipeline\\{closure}()
#49 /opt/lampp/htdocs/wireless/vendor/laravel/framework/src/Illuminate/Pipeline/Pipeline.php(183): Illuminate\\Foundation\\Http\\Middleware\\PreventRequestsDuringMaintenance->handle()
#50 /opt/lampp/htdocs/wireless/vendor/laravel/framework/src/Illuminate/Http/Middleware/HandleCors.php(49): Illuminate\\Pipeline\\Pipeline->Illuminate\\Pipeline\\{closure}()
#51 /opt/lampp/htdocs/wireless/vendor/laravel/framework/src/Illuminate/Pipeline/Pipeline.php(183): Illuminate\\Http\\Middleware\\HandleCors->handle()
#52 /opt/lampp/htdocs/wireless/vendor/laravel/framework/src/Illuminate/Http/Middleware/TrustProxies.php(39): Illuminate\\Pipeline\\Pipeline->Illuminate\\Pipeline\\{closure}()
#53 /opt/lampp/htdocs/wireless/vendor/laravel/framework/src/Illuminate/Pipeline/Pipeline.php(183): Illuminate\\Http\\Middleware\\TrustProxies->handle()
#54 /opt/lampp/htdocs/wireless/vendor/laravel/framework/src/Illuminate/Pipeline/Pipeline.php(119): Illuminate\\Pipeline\\Pipeline->Illuminate\\Pipeline\\{closure}()
#55 /opt/lampp/htdocs/wireless/vendor/laravel/framework/src/Illuminate/Foundation/Http/Kernel.php(175): Illuminate\\Pipeline\\Pipeline->then()
#56 /opt/lampp/htdocs/wireless/vendor/laravel/framework/src/Illuminate/Foundation/Http/Kernel.php(144): Illuminate\\Foundation\\Http\\Kernel->sendRequestThroughRouter()
#57 /opt/lampp/htdocs/wireless/public/index.php(51): Illuminate\\Foundation\\Http\\Kernel->handle()
#58 /opt/lampp/htdocs/wireless/vendor/laravel/framework/src/Illuminate/Foundation/resources/server.php(16): require_once('...')
#59 {main}
"} 
[2026-03-06 13:54:48] production.ERROR: SQLSTATE[42S02]: Base table or view not found: 1146 Table 'wireless.text_widgets' doesn't exist (Connection: mysql, SQL: select * from `text_widgets` where `key` = about-us-sidebar limit 1) {"view":{"view":"/opt/lampp/htdocs/wireless/resources/views/layouts/app.blade.php","data":[]},"exception":"[object] (Spatie\\LaravelIgnition\\Exceptions\\ViewException(code: 0): SQLSTATE[42S02]: Base table or view not found: 1146 Table 'wireless.text_widgets' doesn't exist (Connection: mysql, SQL: select * from `text_widgets` where `key` = about-us-sidebar limit 1) at /opt/lampp/htdocs/wireless/vendor/laravel/framework/src/Illuminate/Database/Connection.php:822)
[stacktrace]
#0 /opt/lampp/htdocs/wireless/vendor/laravel/framework/src/Illuminate/Database/Connection.php(776): Illuminate\\Database\\Connection->runQueryCallback()
#1 /opt/lampp/htdocs/wireless/vendor/laravel/framework/src/Illuminate/Database/Connection.php(407): Illuminate\\Database\\Connection->run()
#2 /opt/lampp/htdocs/wireless/vendor/laravel/framework/src/Illuminate/Database/Query/Builder.php(2751): Illuminate\\Database\\Connection->select()
#3 /opt/lampp/htdocs/wireless/vendor/laravel/framework/src/Illuminate/Database/Query/Builder.php(2740): Illuminate\\Database\\Query\\Builder->runSelect()
#4 /opt/lampp/htdocs/wireless/vendor/laravel/framework/src/Illuminate/Database/Query/Builder.php(3294): Illuminate\\Database\\Query\\Builder->Illuminate\\Database\\Query\\{closure}()
#5 /opt/lampp/htdocs/wireless/vendor/laravel/framework/src/Illuminate/Database/Query/Builder.php(2739): Illuminate\\Database\\Query\\Builder->onceWithColumns()
#6 /opt/lampp/htdocs/wireless/vendor/laravel/framework/src/Illuminate/Database/Eloquent/Builder.php(737): Illuminate\\Database\\Query\\Builder->get()
#7 /opt/lampp/htdocs/wireless/vendor/laravel/framework/src/Illuminate/Database/Eloquent/Builder.php(721): Illuminate\\Database\\Eloquent\\Builder->getModels()
#8 /opt/lampp/htdocs/wireless/vendor/laravel/framework/src/Illuminate/Database/Concerns/BuildsQueries.php(333): Illuminate\\Database\\Eloquent\\Builder->get()
#9 /opt/lampp/htdocs/wireless/app/Models/TextWidget.php(35): Illuminate\\Database\\Eloquent\\Builder->first()
#10 /opt/lampp/htdocs/wireless/vendor/laravel/framework/src/Illuminate/Collections/helpers.php(224): App\\Models\\TextWidget::App\\Models\\{closure}()
#11 /opt/lampp/htdocs/wireless/vendor/laravel/framework/src/Illuminate/Cache/Repository.php(107): value()
#12 /opt/lampp/htdocs/wireless/vendor/laravel/framework/src/Illuminate/Cache/CacheManager.php(429): Illuminate\\Cache\\Repository->get()
#13 /opt/lampp/htdocs/wireless/vendor/laravel/framework/src/Illuminate/Support/Facades/Facade.php(355): Illuminate\\Cache\\CacheManager->__call()
#14 /opt/lampp/htdocs/wireless/app/Models/TextWidget.php(34): Illuminate\\Support\\Facades\\Facade::__callStatic()
#15 /opt/lampp/htdocs/wireless/resources/views/layouts/app.blade.php(291): App\\Models\\TextWidget::getContent()
#16 /opt/lampp/htdocs/wireless/vendor/laravel/framework/src/Illuminate/Filesystem/Filesystem.php(124): require('...')
#17 /opt/lampp/htdocs/wireless/vendor/laravel/framework/src/Illuminate/Filesystem/Filesystem.php(125): Illuminate\\Filesystem\\Filesystem::Illuminate\\Filesystem\\{closure}()
#18 /opt/lampp/htdocs/wireless/vendor/laravel/framework/src/Illuminate/View/Engines/PhpEngine.php(58): Illuminate\\Filesystem\\Filesystem->getRequire()
#19 /opt/lampp/htdocs/wireless/vendor/livewire/livewire/src/Mechanisms/ExtendBlade/ExtendedCompilerEngine.php(22): Illuminate\\View\\Engines\\PhpEngine->evaluatePath()
#20 /opt/lampp/htdocs/wireless/vendor/laravel/framework/src/Illuminate/View/Engines/CompilerEngine.php(72): Livewire\\Mechanisms\\ExtendBlade\\ExtendedCompilerEngine->evaluatePath()
#21 /opt/lampp/htdocs/wireless/vendor/livewire/livewire/src/Mechanisms/ExtendBlade/ExtendedCompilerEngine.php(10): Illuminate\\View\\Engines\\CompilerEngine->get()
#22 /opt/lampp/htdocs/wireless/vendor/laravel/framework/src/Illuminate/View/View.php(207): Livewire\\Mechanisms\\ExtendBlade\\ExtendedCompilerEngine->get()
#23 /opt/lampp/htdocs/wireless/vendor/laravel/framework/src/Illuminate/View/View.php(190): Illuminate\\View\\View->getContents()
#24 /opt/lampp/htdocs/wireless/vendor/laravel/framework/src/Illuminate/View/View.php(159): Illuminate\\View\\View->renderContents()
#25 /opt/lampp/htdocs/wireless/vendor/laravel/framework/src/Illuminate/View/Concerns/ManagesComponents.php(99): Illuminate\\View\\View->render()
#26 /opt/lampp/htdocs/wireless/resources/views/errors/404.blade.php(45): Illuminate\\View\\Factory->renderComponent()
#27 /opt/lampp/htdocs/wireless/vendor/laravel/framework/src/Illuminate/Filesystem/Filesystem.php(124): require('...')
#28 /opt/lampp/htdocs/wireless/vendor/laravel/framework/src/Illuminate/Filesystem/Filesystem.php(125): Illuminate\\Filesystem\\Filesystem::Illuminate\\Filesystem\\{closure}()
#29 /opt/lampp/htdocs/wireless/vendor/laravel/framework/src/Illuminate/View/Engines/PhpEngine.php(58): Illuminate\\Filesystem\\Filesystem->getRequire()
#30 /opt/lampp/htdocs/wireless/vendor/livewire/livewire/src/Mechanisms/ExtendBlade/ExtendedCompilerEngine.php(22): Illuminate\\View\\Engines\\PhpEngine->evaluatePath()
#31 /opt/lampp/htdocs/wireless/vendor/laravel/framework/src/Illuminate/View/Engines/CompilerEngine.php(72): Livewire\\Mechanisms\\ExtendBlade\\ExtendedCompilerEngine->evaluatePath()
#32 /opt/lampp/htdocs/wireless/vendor/livewire/livewire/src/Mechanisms/ExtendBlade/ExtendedCompilerEngine.php(10): Illuminate\\View\\Engines\\CompilerEngine->get()
#33 /opt/lampp/htdocs/wireless/vendor/laravel/framework/src/Illuminate/View/View.php(207): Livewire\\Mechanisms\\ExtendBlade\\ExtendedCompilerEngine->get()
#34 /opt/lampp/htdocs/wireless/vendor/laravel/framework/src/Illuminate/View/View.php(190): Illuminate\\View\\View->getContents()
#35 /opt/lampp/htdocs/wireless/vendor/laravel/framework/src/Illuminate/View/View.php(159): Illuminate\\View\\View->renderContents()
#36 /opt/lampp/htdocs/wireless/vendor/laravel/framework/src/Illuminate/Http/Response.php(69): Illuminate\\View\\View->render()
#37 /opt/lampp/htdocs/wireless/vendor/laravel/framework/src/Illuminate/Http/Response.php(35): Illuminate\\Http\\Response->setContent()
#38 /opt/lampp/htdocs/wireless/vendor/laravel/framework/src/Illuminate/Routing/ResponseFactory.php(57): Illuminate\\Http\\Response->__construct()
#39 /opt/lampp/htdocs/wireless/vendor/laravel/framework/src/Illuminate/Routing/ResponseFactory.php(87): Illuminate\\Routing\\ResponseFactory->make()
#40 /opt/lampp/htdocs/wireless/vendor/laravel/framework/src/Illuminate/Foundation/Exceptions/Handler.php(723): Illuminate\\Routing\\ResponseFactory->view()
#41 /opt/lampp/htdocs/wireless/vendor/laravel/framework/src/Illuminate/Foundation/Exceptions/Handler.php(650): Illuminate\\Foundation\\Exceptions\\Handler->renderHttpException()
#42 /opt/lampp/htdocs/wireless/vendor/laravel/framework/src/Illuminate/Foundation/Exceptions/Handler.php(556): Illuminate\\Foundation\\Exceptions\\Handler->prepareResponse()
#43 /opt/lampp/htdocs/wireless/vendor/laravel/framework/src/Illuminate/Foundation/Exceptions/Handler.php(473): Illuminate\\Foundation\\Exceptions\\Handler->renderExceptionResponse()
#44 /opt/lampp/htdocs/wireless/vendor/laravel/framework/src/Illuminate/Routing/Pipeline.php(51): Illuminate\\Foundation\\Exceptions\\Handler->render()
#45 /opt/lampp/htdocs/wireless/vendor/laravel/framework/src/Illuminate/Pipeline/Pipeline.php(188): Illuminate\\Routing\\Pipeline->handleException()
#46 /opt/lampp/htdocs/wireless/vendor/laravel/framework/src/Illuminate/Pipeline/Pipeline.php(119): Illuminate\\Pipeline\\Pipeline->Illuminate\\Pipeline\\{closure}()
#47 /opt/lampp/htdocs/wireless/vendor/laravel/framework/src/Illuminate/Routing/Router.php(805): Illuminate\\Pipeline\\Pipeline->then()
#48 /opt/lampp/htdocs/wireless/vendor/laravel/framework/src/Illuminate/Routing/Router.php(784): Illuminate\\Routing\\Router->runRouteWithinStack()
#49 /opt/lampp/htdocs/wireless/vendor/laravel/framework/src/Illuminate/Routing/Router.php(748): Illuminate\\Routing\\Router->runRoute()
#50 /opt/lampp/htdocs/wireless/vendor/laravel/framework/src/Illuminate/Routing/Router.php(737): Illuminate\\Routing\\Router->dispatchToRoute()
#51 /opt/lampp/htdocs/wireless/vendor/laravel/framework/src/Illuminate/Foundation/Http/Kernel.php(200): Illuminate\\Routing\\Router->dispatch()
#52 /opt/lampp/htdocs/wireless/vendor/laravel/framework/src/Illuminate/Pipeline/Pipeline.php(144): Illuminate\\Foundation\\Http\\Kernel->Illuminate\\Foundation\\Http\\{closure}()
#53 /opt/lampp/htdocs/wireless/vendor/livewire/livewire/src/Features/SupportDisablingBackButtonCache/DisableBackButtonCacheMiddleware.php(19): Illuminate\\Pipeline\\Pipeline->Illuminate\\Pipeline\\{closure}()
#54 /opt/lampp/htdocs/wireless/vendor/laravel/framework/src/Illuminate/Pipeline/Pipeline.php(183): Livewire\\Features\\SupportDisablingBackButtonCache\\DisableBackButtonCacheMiddleware->handle()
#55 /opt/lampp/htdocs/wireless/vendor/laravel/framework/src/Illuminate/Foundation/Http/Middleware/TransformsRequest.php(21): Illuminate\\Pipeline\\Pipeline->Illuminate\\Pipeline\\{closure}()
#56 /opt/lampp/htdocs/wireless/vendor/laravel/framework/src/Illuminate/Foundation/Http/Middleware/ConvertEmptyStringsToNull.php(31): Illuminate\\Foundation\\Http\\Middleware\\TransformsRequest->handle()
#57 /opt/lampp/htdocs/wireless/vendor/laravel/framework/src/Illuminate/Pipeline/Pipeline.php(183): Illuminate\\Foundation\\Http\\Middleware\\ConvertEmptyStringsToNull->handle()
#58 /opt/lampp/htdocs/wireless/vendor/laravel/framework/src/Illuminate/Foundation/Http/Middleware/TransformsRequest.php(21): Illuminate\\Pipeline\\Pipeline->Illuminate\\Pipeline\\{closure}()
#59 /opt/lampp/htdocs/wireless/vendor/laravel/framework/src/Illuminate/Foundation/Http/Middleware/TrimStrings.php(40): Illuminate\\Foundation\\Http\\Middleware\\TransformsRequest->handle()
#60 /opt/lampp/htdocs/wireless/vendor/laravel/framework/src/Illuminate/Pipeline/Pipeline.php(183): Illuminate\\Foundation\\Http\\Middleware\\TrimStrings->handle()
#61 /opt/lampp/htdocs/wireless/vendor/laravel/framework/src/Illuminate/Foundation/Http/Middleware/ValidatePostSize.php(27): Illuminate\\Pipeline\\Pipeline->Illuminate\\Pipeline\\{closure}()
#62 /opt/lampp/htdocs/wireless/vendor/laravel/framework/src/Illuminate/Pipeline/Pipeline.php(183): Illuminate\\Foundation\\Http\\Middleware\\ValidatePostSize->handle()
#63 /opt/lampp/htdocs/wireless/vendor/laravel/framework/src/Illuminate/Foundation/Http/Middleware/PreventRequestsDuringMaintenance.php(99): Illuminate\\Pipeline\\Pipeline->Illuminate\\Pipeline\\{closure}()
#64 /opt/lampp/htdocs/wireless/vendor/laravel/framework/src/Illuminate/Pipeline/Pipeline.php(183): Illuminate\\Foundation\\Http\\Middleware\\PreventRequestsDuringMaintenance->handle()
#65 /opt/lampp/htdocs/wireless/vendor/laravel/framework/src/Illuminate/Http/Middleware/HandleCors.php(49): Illuminate\\Pipeline\\Pipeline->Illuminate\\Pipeline\\{closure}()
#66 /opt/lampp/htdocs/wireless/vendor/laravel/framework/src/Illuminate/Pipeline/Pipeline.php(183): Illuminate\\Http\\Middleware\\HandleCors->handle()
#67 /opt/lampp/htdocs/wireless/vendor/laravel/framework/src/Illuminate/Http/Middleware/TrustProxies.php(39): Illuminate\\Pipeline\\Pipeline->Illuminate\\Pipeline\\{closure}()
#68 /opt/lampp/htdocs/wireless/vendor/laravel/framework/src/Illuminate/Pipeline/Pipeline.php(183): Illuminate\\Http\\Middleware\\TrustProxies->handle()
#69 /opt/lampp/htdocs/wireless/vendor/laravel/framework/src/Illuminate/Pipeline/Pipeline.php(119): Illuminate\\Pipeline\\Pipeline->Illuminate\\Pipeline\\{closure}()
#70 /opt/lampp/htdocs/wireless/vendor/laravel/framework/src/Illuminate/Foundation/Http/Kernel.php(175): Illuminate\\Pipeline\\Pipeline->then()
#71 /opt/lampp/htdocs/wireless/vendor/laravel/framework/src/Illuminate/Foundation/Http/Kernel.php(144): Illuminate\\Foundation\\Http\\Kernel->sendRequestThroughRouter()
#72 /opt/lampp/htdocs/wireless/public/index.php(51): Illuminate\\Foundation\\Http\\Kernel->handle()
#73 /opt/lampp/htdocs/wireless/vendor/laravel/framework/src/Illuminate/Foundation/resources/server.php(16): require_once('...')
#74 {main}

[previous exception] [object] (Illuminate\\Database\\QueryException(code: 42S02): SQLSTATE[42S02]: Base table or view not found: 1146 Table 'wireless.text_widgets' doesn't exist (Connection: mysql, SQL: select * from `text_widgets` where `key` = about-us-sidebar limit 1) at /opt/lampp/htdocs/wireless/vendor/laravel/framework/src/Illuminate/Database/Connection.php:822)
[stacktrace]
#0 /opt/lampp/htdocs/wireless/vendor/laravel/framework/src/Illuminate/Database/Connection.php(776): Illuminate\\Database\\Connection->runQueryCallback()
#1 /opt/lampp/htdocs/wireless/vendor/laravel/framework/src/Illuminate/Database/Connection.php(407): Illuminate\\Database\\Connection->run()
#2 /opt/lampp/htdocs/wireless/vendor/laravel/framework/src/Illuminate/Database/Query/Builder.php(2751): Illuminate\\Database\\Connection->select()
#3 /opt/lampp/htdocs/wireless/vendor/laravel/framework/src/Illuminate/Database/Query/Builder.php(2740): Illuminate\\Database\\Query\\Builder->runSelect()
#4 /opt/lampp/htdocs/wireless/vendor/laravel/framework/src/Illuminate/Database/Query/Builder.php(3294): Illuminate\\Database\\Query\\Builder->Illuminate\\Database\\Query\\{closure}()
#5 /opt/lampp/htdocs/wireless/vendor/laravel/framework/src/Illuminate/Database/Query/Builder.php(2739): Illuminate\\Database\\Query\\Builder->onceWithColumns()
#6 /opt/lampp/htdocs/wireless/vendor/laravel/framework/src/Illuminate/Database/Eloquent/Builder.php(737): Illuminate\\Database\\Query\\Builder->get()
#7 /opt/lampp/htdocs/wireless/vendor/laravel/framework/src/Illuminate/Database/Eloquent/Builder.php(721): Illuminate\\Database\\Eloquent\\Builder->getModels()
#8 /opt/lampp/htdocs/wireless/vendor/laravel/framework/src/Illuminate/Database/Concerns/BuildsQueries.php(333): Illuminate\\Database\\Eloquent\\Builder->get()
#9 /opt/lampp/htdocs/wireless/app/Models/TextWidget.php(35): Illuminate\\Database\\Eloquent\\Builder->first()
#10 /opt/lampp/htdocs/wireless/vendor/laravel/framework/src/Illuminate/Collections/helpers.php(224): App\\Models\\TextWidget::App\\Models\\{closure}()
#11 /opt/lampp/htdocs/wireless/vendor/laravel/framework/src/Illuminate/Cache/Repository.php(107): value()
#12 /opt/lampp/htdocs/wireless/vendor/laravel/framework/src/Illuminate/Cache/CacheManager.php(429): Illuminate\\Cache\\Repository->get()
#13 /opt/lampp/htdocs/wireless/vendor/laravel/framework/src/Illuminate/Support/Facades/Facade.php(355): Illuminate\\Cache\\CacheManager->__call()
#14 /opt/lampp/htdocs/wireless/app/Models/TextWidget.php(34): Illuminate\\Support\\Facades\\Facade::__callStatic()
#15 /opt/lampp/htdocs/wireless/storage/framework/views/4918ade9d894dbbdc113be650a0f2910.php(405): App\\Models\\TextWidget::getContent()
#16 /opt/lampp/htdocs/wireless/vendor/laravel/framework/src/Illuminate/Filesystem/Filesystem.php(124): require('...')
#17 /opt/lampp/htdocs/wireless/vendor/laravel/framework/src/Illuminate/Filesystem/Filesystem.php(125): Illuminate\\Filesystem\\Filesystem::Illuminate\\Filesystem\\{closure}()
#18 /opt/lampp/htdocs/wireless/vendor/laravel/framework/src/Illuminate/View/Engines/PhpEngine.php(58): Illuminate\\Filesystem\\Filesystem->getRequire()
#19 /opt/lampp/htdocs/wireless/vendor/livewire/livewire/src/Mechanisms/ExtendBlade/ExtendedCompilerEngine.php(22): Illuminate\\View\\Engines\\PhpEngine->evaluatePath()
#20 /opt/lampp/htdocs/wireless/vendor/laravel/framework/src/Illuminate/View/Engines/CompilerEngine.php(72): Livewire\\Mechanisms\\ExtendBlade\\ExtendedCompilerEngine->evaluatePath()
#21 /opt/lampp/htdocs/wireless/vendor/livewire/livewire/src/Mechanisms/ExtendBlade/ExtendedCompilerEngine.php(10): Illuminate\\View\\Engines\\CompilerEngine->get()
#22 /opt/lampp/htdocs/wireless/vendor/laravel/framework/src/Illuminate/View/View.php(207): Livewire\\Mechanisms\\ExtendBlade\\ExtendedCompilerEngine->get()
#23 /opt/lampp/htdocs/wireless/vendor/laravel/framework/src/Illuminate/View/View.php(190): Illuminate\\View\\View->getContents()
#24 /opt/lampp/htdocs/wireless/vendor/laravel/framework/src/Illuminate/View/View.php(159): Illuminate\\View\\View->renderContents()
#25 /opt/lampp/htdocs/wireless/vendor/laravel/framework/src/Illuminate/View/Concerns/ManagesComponents.php(99): Illuminate\\View\\View->render()
#26 /opt/lampp/htdocs/wireless/storage/framework/views/6c98e84b92353b4122cb1cc648a9d157.php(45): Illuminate\\View\\Factory->renderComponent()
#27 /opt/lampp/htdocs/wireless/vendor/laravel/framework/src/Illuminate/Filesystem/Filesystem.php(124): require('...')
#28 /opt/lampp/htdocs/wireless/vendor/laravel/framework/src/Illuminate/Filesystem/Filesystem.php(125): Illuminate\\Filesystem\\Filesystem::Illuminate\\Filesystem\\{closure}()
#29 /opt/lampp/htdocs/wireless/vendor/laravel/framework/src/Illuminate/View/Engines/PhpEngine.php(58): Illuminate\\Filesystem\\Filesystem->getRequire()
#30 /opt/lampp/htdocs/wireless/vendor/livewire/livewire/src/Mechanisms/ExtendBlade/ExtendedCompilerEngine.php(22): Illuminate\\View\\Engines\\PhpEngine->evaluatePath()
#31 /opt/lampp/htdocs/wireless/vendor/laravel/framework/src/Illuminate/View/Engines/CompilerEngine.php(72): Livewire\\Mechanisms\\ExtendBlade\\ExtendedCompilerEngine->evaluatePath()
#32 /opt/lampp/htdocs/wireless/vendor/livewire/livewire/src/Mechanisms/ExtendBlade/ExtendedCompilerEngine.php(10): Illuminate\\View\\Engines\\CompilerEngine->get()
#33 /opt/lampp/htdocs/wireless/vendor/laravel/framework/src/Illuminate/View/View.php(207): Livewire\\Mechanisms\\ExtendBlade\\ExtendedCompilerEngine->get()
#34 /opt/lampp/htdocs/wireless/vendor/laravel/framework/src/Illuminate/View/View.php(190): Illuminate\\View\\View->getContents()
#35 /opt/lampp/htdocs/wireless/vendor/laravel/framework/src/Illuminate/View/View.php(159): Illuminate\\View\\View->renderContents()
#36 /opt/lampp/htdocs/wireless/vendor/laravel/framework/src/Illuminate/Http/Response.php(69): Illuminate\\View\\View->render()
#37 /opt/lampp/htdocs/wireless/vendor/laravel/framework/src/Illuminate/Http/Response.php(35): Illuminate\\Http\\Response->setContent()
#38 /opt/lampp/htdocs/wireless/vendor/laravel/framework/src/Illuminate/Routing/ResponseFactory.php(57): Illuminate\\Http\\Response->__construct()
#39 /opt/lampp/htdocs/wireless/vendor/laravel/framework/src/Illuminate/Routing/ResponseFactory.php(87): Illuminate\\Routing\\ResponseFactory->make()
#40 /opt/lampp/htdocs/wireless/vendor/laravel/framework/src/Illuminate/Foundation/Exceptions/Handler.php(723): Illuminate\\Routing\\ResponseFactory->view()
#41 /opt/lampp/htdocs/wireless/vendor/laravel/framework/src/Illuminate/Foundation/Exceptions/Handler.php(650): Illuminate\\Foundation\\Exceptions\\Handler->renderHttpException()
#42 /opt/lampp/htdocs/wireless/vendor/laravel/framework/src/Illuminate/Foundation/Exceptions/Handler.php(556): Illuminate\\Foundation\\Exceptions\\Handler->prepareResponse()
#43 /opt/lampp/htdocs/wireless/vendor/laravel/framework/src/Illuminate/Foundation/Exceptions/Handler.php(473): Illuminate\\Foundation\\Exceptions\\Handler->renderExceptionResponse()
#44 /opt/lampp/htdocs/wireless/vendor/laravel/framework/src/Illuminate/Routing/Pipeline.php(51): Illuminate\\Foundation\\Exceptions\\Handler->render()
#45 /opt/lampp/htdocs/wireless/vendor/laravel/framework/src/Illuminate/Pipeline/Pipeline.php(188): Illuminate\\Routing\\Pipeline->handleException()
#46 /opt/lampp/htdocs/wireless/vendor/laravel/framework/src/Illuminate/Pipeline/Pipeline.php(119): Illuminate\\Pipeline\\Pipeline->Illuminate\\Pipeline\\{closure}()
#47 /opt/lampp/htdocs/wireless/vendor/laravel/framework/src/Illuminate/Routing/Router.php(805): Illuminate\\Pipeline\\Pipeline->then()
#48 /opt/lampp/htdocs/wireless/vendor/laravel/framework/src/Illuminate/Routing/Router.php(784): Illuminate\\Routing\\Router->runRouteWithinStack()
#49 /opt/lampp/htdocs/wireless/vendor/laravel/framework/src/Illuminate/Routing/Router.php(748): Illuminate\\Routing\\Router->runRoute()
#50 /opt/lampp/htdocs/wireless/vendor/laravel/framework/src/Illuminate/Routing/Router.php(737): Illuminate\\Routing\\Router->dispatchToRoute()
#51 /opt/lampp/htdocs/wireless/vendor/laravel/framework/src/Illuminate/Foundation/Http/Kernel.php(200): Illuminate\\Routing\\Router->dispatch()
#52 /opt/lampp/htdocs/wireless/vendor/laravel/framework/src/Illuminate/Pipeline/Pipeline.php(144): Illuminate\\Foundation\\Http\\Kernel->Illuminate\\Foundation\\Http\\{closure}()
#53 /opt/lampp/htdocs/wireless/vendor/livewire/livewire/src/Features/SupportDisablingBackButtonCache/DisableBackButtonCacheMiddleware.php(19): Illuminate\\Pipeline\\Pipeline->Illuminate\\Pipeline\\{closure}()
#54 /opt/lampp/htdocs/wireless/vendor/laravel/framework/src/Illuminate/Pipeline/Pipeline.php(183): Livewire\\Features\\SupportDisablingBackButtonCache\\DisableBackButtonCacheMiddleware->handle()
#55 /opt/lampp/htdocs/wireless/vendor/laravel/framework/src/Illuminate/Foundation/Http/Middleware/TransformsRequest.php(21): Illuminate\\Pipeline\\Pipeline->Illuminate\\Pipeline\\{closure}()
#56 /opt/lampp/htdocs/wireless/vendor/laravel/framework/src/Illuminate/Foundation/Http/Middleware/ConvertEmptyStringsToNull.php(31): Illuminate\\Foundation\\Http\\Middleware\\TransformsRequest->handle()
#57 /opt/lampp/htdocs/wireless/vendor/laravel/framework/src/Illuminate/Pipeline/Pipeline.php(183): Illuminate\\Foundation\\Http\\Middleware\\ConvertEmptyStringsToNull->handle()
#58 /opt/lampp/htdocs/wireless/vendor/laravel/framework/src/Illuminate/Foundation/Http/Middleware/TransformsRequest.php(21): Illuminate\\Pipeline\\Pipeline->Illuminate\\Pipeline\\{closure}()
#59 /opt/lampp/htdocs/wireless/vendor/laravel/framework/src/Illuminate/Foundation/Http/Middleware/TrimStrings.php(40): Illuminate\\Foundation\\Http\\Middleware\\TransformsRequest->handle()
#60 /opt/lampp/htdocs/wireless/vendor/laravel/framework/src/Illuminate/Pipeline/Pipeline.php(183): Illuminate\\Foundation\\Http\\Middleware\\TrimStrings->handle()
#61 /opt/lampp/htdocs/wireless/vendor/laravel/framework/src/Illuminate/Foundation/Http/Middleware/ValidatePostSize.php(27): Illuminate\\Pipeline\\Pipeline->Illuminate\\Pipeline\\{closure}()
#62 /opt/lampp/htdocs/wireless/vendor/laravel/framework/src/Illuminate/Pipeline/Pipeline.php(183): Illuminate\\Foundation\\Http\\Middleware\\ValidatePostSize->handle()
#63 /opt/lampp/htdocs/wireless/vendor/laravel/framework/src/Illuminate/Foundation/Http/Middleware/PreventRequestsDuringMaintenance.php(99): Illuminate\\Pipeline\\Pipeline->Illuminate\\Pipeline\\{closure}()
#64 /opt/lampp/htdocs/wireless/vendor/laravel/framework/src/Illuminate/Pipeline/Pipeline.php(183): Illuminate\\Foundation\\Http\\Middleware\\PreventRequestsDuringMaintenance->handle()
#65 /opt/lampp/htdocs/wireless/vendor/laravel/framework/src/Illuminate/Http/Middleware/HandleCors.php(49): Illuminate\\Pipeline\\Pipeline->Illuminate\\Pipeline\\{closure}()
#66 /opt/lampp/htdocs/wireless/vendor/laravel/framework/src/Illuminate/Pipeline/Pipeline.php(183): Illuminate\\Http\\Middleware\\HandleCors->handle()
#67 /opt/lampp/htdocs/wireless/vendor/laravel/framework/src/Illuminate/Http/Middleware/TrustProxies.php(39): Illuminate\\Pipeline\\Pipeline->Illuminate\\Pipeline\\{closure}()
#68 /opt/lampp/htdocs/wireless/vendor/laravel/framework/src/Illuminate/Pipeline/Pipeline.php(183): Illuminate\\Http\\Middleware\\TrustProxies->handle()
#69 /opt/lampp/htdocs/wireless/vendor/laravel/framework/src/Illuminate/Pipeline/Pipeline.php(119): Illuminate\\Pipeline\\Pipeline->Illuminate\\Pipeline\\{closure}()
#70 /opt/lampp/htdocs/wireless/vendor/laravel/framework/src/Illuminate/Foundation/Http/Kernel.php(175): Illuminate\\Pipeline\\Pipeline->then()
#71 /opt/lampp/htdocs/wireless/vendor/laravel/framework/src/Illuminate/Foundation/Http/Kernel.php(144): Illuminate\\Foundation\\Http\\Kernel->sendRequestThroughRouter()
#72 /opt/lampp/htdocs/wireless/public/index.php(51): Illuminate\\Foundation\\Http\\Kernel->handle()
#73 /opt/lampp/htdocs/wireless/vendor/laravel/framework/src/Illuminate/Foundation/resources/server.php(16): require_once('...')
#74 {main}

[previous exception] [object] (PDOException(code: 42S02): SQLSTATE[42S02]: Base table or view not found: 1146 Table 'wireless.text_widgets' doesn't exist at /opt/lampp/htdocs/wireless/vendor/laravel/framework/src/Illuminate/Database/Connection.php:416)
[stacktrace]
#0 /opt/lampp/htdocs/wireless/vendor/laravel/framework/src/Illuminate/Database/Connection.php(416): PDO->prepare()
#1 /opt/lampp/htdocs/wireless/vendor/laravel/framework/src/Illuminate/Database/Connection.php(809): Illuminate\\Database\\Connection->Illuminate\\Database\\{closure}()
#2 /opt/lampp/htdocs/wireless/vendor/laravel/framework/src/Illuminate/Database/Connection.php(776): Illuminate\\Database\\Connection->runQueryCallback()
#3 /opt/lampp/htdocs/wireless/vendor/laravel/framework/src/Illuminate/Database/Connection.php(407): Illuminate\\Database\\Connection->run()
#4 /opt/lampp/htdocs/wireless/vendor/laravel/framework/src/Illuminate/Database/Query/Builder.php(2751): Illuminate\\Database\\Connection->select()
#5 /opt/lampp/htdocs/wireless/vendor/laravel/framework/src/Illuminate/Database/Query/Builder.php(2740): Illuminate\\Database\\Query\\Builder->runSelect()
#6 /opt/lampp/htdocs/wireless/vendor/laravel/framework/src/Illuminate/Database/Query/Builder.php(3294): Illuminate\\Database\\Query\\Builder->Illuminate\\Database\\Query\\{closure}()
#7 /opt/lampp/htdocs/wireless/vendor/laravel/framework/src/Illuminate/Database/Query/Builder.php(2739): Illuminate\\Database\\Query\\Builder->onceWithColumns()
#8 /opt/lampp/htdocs/wireless/vendor/laravel/framework/src/Illuminate/Database/Eloquent/Builder.php(737): Illuminate\\Database\\Query\\Builder->get()
#9 /opt/lampp/htdocs/wireless/vendor/laravel/framework/src/Illuminate/Database/Eloquent/Builder.php(721): Illuminate\\Database\\Eloquent\\Builder->getModels()
#10 /opt/lampp/htdocs/wireless/vendor/laravel/framework/src/Illuminate/Database/Concerns/BuildsQueries.php(333): Illuminate\\Database\\Eloquent\\Builder->get()
#11 /opt/lampp/htdocs/wireless/app/Models/TextWidget.php(35): Illuminate\\Database\\Eloquent\\Builder->first()
#12 /opt/lampp/htdocs/wireless/vendor/laravel/framework/src/Illuminate/Collections/helpers.php(224): App\\Models\\TextWidget::App\\Models\\{closure}()
#13 /opt/lampp/htdocs/wireless/vendor/laravel/framework/src/Illuminate/Cache/Repository.php(107): value()
#14 /opt/lampp/htdocs/wireless/vendor/laravel/framework/src/Illuminate/Cache/CacheManager.php(429): Illuminate\\Cache\\Repository->get()
#15 /opt/lampp/htdocs/wireless/vendor/laravel/framework/src/Illuminate/Support/Facades/Facade.php(355): Illuminate\\Cache\\CacheManager->__call()
#16 /opt/lampp/htdocs/wireless/app/Models/TextWidget.php(34): Illuminate\\Support\\Facades\\Facade::__callStatic()
#17 /opt/lampp/htdocs/wireless/storage/framework/views/4918ade9d894dbbdc113be650a0f2910.php(405): App\\Models\\TextWidget::getContent()
#18 /opt/lampp/htdocs/wireless/vendor/laravel/framework/src/Illuminate/Filesystem/Filesystem.php(124): require('...')
#19 /opt/lampp/htdocs/wireless/vendor/laravel/framework/src/Illuminate/Filesystem/Filesystem.php(125): Illuminate\\Filesystem\\Filesystem::Illuminate\\Filesystem\\{closure}()
#20 /opt/lampp/htdocs/wireless/vendor/laravel/framework/src/Illuminate/View/Engines/PhpEngine.php(58): Illuminate\\Filesystem\\Filesystem->getRequire()
#21 /opt/lampp/htdocs/wireless/vendor/livewire/livewire/src/Mechanisms/ExtendBlade/ExtendedCompilerEngine.php(22): Illuminate\\View\\Engines\\PhpEngine->evaluatePath()
#22 /opt/lampp/htdocs/wireless/vendor/laravel/framework/src/Illuminate/View/Engines/CompilerEngine.php(72): Livewire\\Mechanisms\\ExtendBlade\\ExtendedCompilerEngine->evaluatePath()
#23 /opt/lampp/htdocs/wireless/vendor/livewire/livewire/src/Mechanisms/ExtendBlade/ExtendedCompilerEngine.php(10): Illuminate\\View\\Engines\\CompilerEngine->get()
#24 /opt/lampp/htdocs/wireless/vendor/laravel/framework/src/Illuminate/View/View.php(207): Livewire\\Mechanisms\\ExtendBlade\\ExtendedCompilerEngine->get()
#25 /opt/lampp/htdocs/wireless/vendor/laravel/framework/src/Illuminate/View/View.php(190): Illuminate\\View\\View->getContents()
#26 /opt/lampp/htdocs/wireless/vendor/laravel/framework/src/Illuminate/View/View.php(159): Illuminate\\View\\View->renderContents()
#27 /opt/lampp/htdocs/wireless/vendor/laravel/framework/src/Illuminate/View/Concerns/ManagesComponents.php(99): Illuminate\\View\\View->render()
#28 /opt/lampp/htdocs/wireless/storage/framework/views/6c98e84b92353b4122cb1cc648a9d157.php(45): Illuminate\\View\\Factory->renderComponent()
#29 /opt/lampp/htdocs/wireless/vendor/laravel/framework/src/Illuminate/Filesystem/Filesystem.php(124): require('...')
#30 /opt/lampp/htdocs/wireless/vendor/laravel/framework/src/Illuminate/Filesystem/Filesystem.php(125): Illuminate\\Filesystem\\Filesystem::Illuminate\\Filesystem\\{closure}()
#31 /opt/lampp/htdocs/wireless/vendor/laravel/framework/src/Illuminate/View/Engines/PhpEngine.php(58): Illuminate\\Filesystem\\Filesystem->getRequire()
#32 /opt/lampp/htdocs/wireless/vendor/livewire/livewire/src/Mechanisms/ExtendBlade/ExtendedCompilerEngine.php(22): Illuminate\\View\\Engines\\PhpEngine->evaluatePath()
#33 /opt/lampp/htdocs/wireless/vendor/laravel/framework/src/Illuminate/View/Engines/CompilerEngine.php(72): Livewire\\Mechanisms\\ExtendBlade\\ExtendedCompilerEngine->evaluatePath()
#34 /opt/lampp/htdocs/wireless/vendor/livewire/livewire/src/Mechanisms/ExtendBlade/ExtendedCompilerEngine.php(10): Illuminate\\View\\Engines\\CompilerEngine->get()
#35 /opt/lampp/htdocs/wireless/vendor/laravel/framework/src/Illuminate/View/View.php(207): Livewire\\Mechanisms\\ExtendBlade\\ExtendedCompilerEngine->get()
#36 /opt/lampp/htdocs/wireless/vendor/laravel/framework/src/Illuminate/View/View.php(190): Illuminate\\View\\View->getContents()
#37 /opt/lampp/htdocs/wireless/vendor/laravel/framework/src/Illuminate/View/View.php(159): Illuminate\\View\\View->renderContents()
#38 /opt/lampp/htdocs/wireless/vendor/laravel/framework/src/Illuminate/Http/Response.php(69): Illuminate\\View\\View->render()
#39 /opt/lampp/htdocs/wireless/vendor/laravel/framework/src/Illuminate/Http/Response.php(35): Illuminate\\Http\\Response->setContent()
#40 /opt/lampp/htdocs/wireless/vendor/laravel/framework/src/Illuminate/Routing/ResponseFactory.php(57): Illuminate\\Http\\Response->__construct()
#41 /opt/lampp/htdocs/wireless/vendor/laravel/framework/src/Illuminate/Routing/ResponseFactory.php(87): Illuminate\\Routing\\ResponseFactory->make()
#42 /opt/lampp/htdocs/wireless/vendor/laravel/framework/src/Illuminate/Foundation/Exceptions/Handler.php(723): Illuminate\\Routing\\ResponseFactory->view()
#43 /opt/lampp/htdocs/wireless/vendor/laravel/framework/src/Illuminate/Foundation/Exceptions/Handler.php(650): Illuminate\\Foundation\\Exceptions\\Handler->renderHttpException()
#44 /opt/lampp/htdocs/wireless/vendor/laravel/framework/src/Illuminate/Foundation/Exceptions/Handler.php(556): Illuminate\\Foundation\\Exceptions\\Handler->prepareResponse()
#45 /opt/lampp/htdocs/wireless/vendor/laravel/framework/src/Illuminate/Foundation/Exceptions/Handler.php(473): Illuminate\\Foundation\\Exceptions\\Handler->renderExceptionResponse()
#46 /opt/lampp/htdocs/wireless/vendor/laravel/framework/src/Illuminate/Routing/Pipeline.php(51): Illuminate\\Foundation\\Exceptions\\Handler->render()
#47 /opt/lampp/htdocs/wireless/vendor/laravel/framework/src/Illuminate/Pipeline/Pipeline.php(188): Illuminate\\Routing\\Pipeline->handleException()
#48 /opt/lampp/htdocs/wireless/vendor/laravel/framework/src/Illuminate/Pipeline/Pipeline.php(119): Illuminate\\Pipeline\\Pipeline->Illuminate\\Pipeline\\{closure}()
#49 /opt/lampp/htdocs/wireless/vendor/laravel/framework/src/Illuminate/Routing/Router.php(805): Illuminate\\Pipeline\\Pipeline->then()
#50 /opt/lampp/htdocs/wireless/vendor/laravel/framework/src/Illuminate/Routing/Router.php(784): Illuminate\\Routing\\Router->runRouteWithinStack()
#51 /opt/lampp/htdocs/wireless/vendor/laravel/framework/src/Illuminate/Routing/Router.php(748): Illuminate\\Routing\\Router->runRoute()
#52 /opt/lampp/htdocs/wireless/vendor/laravel/framework/src/Illuminate/Routing/Router.php(737): Illuminate\\Routing\\Router->dispatchToRoute()
#53 /opt/lampp/htdocs/wireless/vendor/laravel/framework/src/Illuminate/Foundation/Http/Kernel.php(200): Illuminate\\Routing\\Router->dispatch()
#54 /opt/lampp/htdocs/wireless/vendor/laravel/framework/src/Illuminate/Pipeline/Pipeline.php(144): Illuminate\\Foundation\\Http\\Kernel->Illuminate\\Foundation\\Http\\{closure}()
#55 /opt/lampp/htdocs/wireless/vendor/livewire/livewire/src/Features/SupportDisablingBackButtonCache/DisableBackButtonCacheMiddleware.php(19): Illuminate\\Pipeline\\Pipeline->Illuminate\\Pipeline\\{closure}()
#56 /opt/lampp/htdocs/wireless/vendor/laravel/framework/src/Illuminate/Pipeline/Pipeline.php(183): Livewire\\Features\\SupportDisablingBackButtonCache\\DisableBackButtonCacheMiddleware->handle()
#57 /opt/lampp/htdocs/wireless/vendor/laravel/framework/src/Illuminate/Foundation/Http/Middleware/TransformsRequest.php(21): Illuminate\\Pipeline\\Pipeline->Illuminate\\Pipeline\\{closure}()
#58 /opt/lampp/htdocs/wireless/vendor/laravel/framework/src/Illuminate/Foundation/Http/Middleware/ConvertEmptyStringsToNull.php(31): Illuminate\\Foundation\\Http\\Middleware\\TransformsRequest->handle()
#59 /opt/lampp/htdocs/wireless/vendor/laravel/framework/src/Illuminate/Pipeline/Pipeline.php(183): Illuminate\\Foundation\\Http\\Middleware\\ConvertEmptyStringsToNull->handle()
#60 /opt/lampp/htdocs/wireless/vendor/laravel/framework/src/Illuminate/Foundation/Http/Middleware/TransformsRequest.php(21): Illuminate\\Pipeline\\Pipeline->Illuminate\\Pipeline\\{closure}()
#61 /opt/lampp/htdocs/wireless/vendor/laravel/framework/src/Illuminate/Foundation/Http/Middleware/TrimStrings.php(40): Illuminate\\Foundation\\Http\\Middleware\\TransformsRequest->handle()
#62 /opt/lampp/htdocs/wireless/vendor/laravel/framework/src/Illuminate/Pipeline/Pipeline.php(183): Illuminate\\Foundation\\Http\\Middleware\\TrimStrings->handle()
#63 /opt/lampp/htdocs/wireless/vendor/laravel/framework/src/Illuminate/Foundation/Http/Middleware/ValidatePostSize.php(27): Illuminate\\Pipeline\\Pipeline->Illuminate\\Pipeline\\{closure}()
#64 /opt/lampp/htdocs/wireless/vendor/laravel/framework/src/Illuminate/Pipeline/Pipeline.php(183): Illuminate\\Foundation\\Http\\Middleware\\ValidatePostSize->handle()
#65 /opt/lampp/htdocs/wireless/vendor/laravel/framework/src/Illuminate/Foundation/Http/Middleware/PreventRequestsDuringMaintenance.php(99): Illuminate\\Pipeline\\Pipeline->Illuminate\\Pipeline\\{closure}()
#66 /opt/lampp/htdocs/wireless/vendor/laravel/framework/src/Illuminate/Pipeline/Pipeline.php(183): Illuminate\\Foundation\\Http\\Middleware\\PreventRequestsDuringMaintenance->handle()
#67 /opt/lampp/htdocs/wireless/vendor/laravel/framework/src/Illuminate/Http/Middleware/HandleCors.php(49): Illuminate\\Pipeline\\Pipeline->Illuminate\\Pipeline\\{closure}()
#68 /opt/lampp/htdocs/wireless/vendor/laravel/framework/src/Illuminate/Pipeline/Pipeline.php(183): Illuminate\\Http\\Middleware\\HandleCors->handle()
#69 /opt/lampp/htdocs/wireless/vendor/laravel/framework/src/Illuminate/Http/Middleware/TrustProxies.php(39): Illuminate\\Pipeline\\Pipeline->Illuminate\\Pipeline\\{closure}()
#70 /opt/lampp/htdocs/wireless/vendor/laravel/framework/src/Illuminate/Pipeline/Pipeline.php(183): Illuminate\\Http\\Middleware\\TrustProxies->handle()
#71 /opt/lampp/htdocs/wireless/vendor/laravel/framework/src/Illuminate/Pipeline/Pipeline.php(119): Illuminate\\Pipeline\\Pipeline->Illuminate\\Pipeline\\{closure}()
#72 /opt/lampp/htdocs/wireless/vendor/laravel/framework/src/Illuminate/Foundation/Http/Kernel.php(175): Illuminate\\Pipeline\\Pipeline->then()
#73 /opt/lampp/htdocs/wireless/vendor/laravel/framework/src/Illuminate/Foundation/Http/Kernel.php(144): Illuminate\\Foundation\\Http\\Kernel->sendRequestThroughRouter()
#74 /opt/lampp/htdocs/wireless/public/index.php(51): Illuminate\\Foundation\\Http\\Kernel->handle()
#75 /opt/lampp/htdocs/wireless/vendor/laravel/framework/src/Illuminate/Foundation/resources/server.php(16): require_once('...')
#76 {main}
"} 
[2026-03-06 13:54:58] production.ERROR: SQLSTATE[42S22]: Column not found: 1054 Unknown column 'posts.published_at' in 'where clause' (Connection: mysql, SQL: select * from `posts` where date(`posts`.`published_at`) <= 2026-03-06 order by `published_at` desc limit 1) {"exception":"[object] (Illuminate\\Database\\QueryException(code: 42S22): SQLSTATE[42S22]: Column not found: 1054 Unknown column 'posts.published_at' in 'where clause' (Connection: mysql, SQL: select * from `posts` where date(`posts`.`published_at`) <= 2026-03-06 order by `published_at` desc limit 1) at /opt/lampp/htdocs/wireless/vendor/laravel/framework/src/Illuminate/Database/Connection.php:822)
[stacktrace]
#0 /opt/lampp/htdocs/wireless/vendor/laravel/framework/src/Illuminate/Database/Connection.php(776): Illuminate\\Database\\Connection->runQueryCallback()
#1 /opt/lampp/htdocs/wireless/vendor/laravel/framework/src/Illuminate/Database/Connection.php(407): Illuminate\\Database\\Connection->run()
#2 /opt/lampp/htdocs/wireless/vendor/laravel/framework/src/Illuminate/Database/Query/Builder.php(2751): Illuminate\\Database\\Connection->select()
#3 /opt/lampp/htdocs/wireless/vendor/laravel/framework/src/Illuminate/Database/Query/Builder.php(2740): Illuminate\\Database\\Query\\Builder->runSelect()
#4 /opt/lampp/htdocs/wireless/vendor/laravel/framework/src/Illuminate/Database/Query/Builder.php(3294): Illuminate\\Database\\Query\\Builder->Illuminate\\Database\\Query\\{closure}()
#5 /opt/lampp/htdocs/wireless/vendor/laravel/framework/src/Illuminate/Database/Query/Builder.php(2739): Illuminate\\Database\\Query\\Builder->onceWithColumns()
#6 /opt/lampp/htdocs/wireless/vendor/laravel/framework/src/Illuminate/Database/Eloquent/Builder.php(737): Illuminate\\Database\\Query\\Builder->get()
#7 /opt/lampp/htdocs/wireless/vendor/laravel/framework/src/Illuminate/Database/Eloquent/Builder.php(721): Illuminate\\Database\\Eloquent\\Builder->getModels()
#8 /opt/lampp/htdocs/wireless/vendor/laravel/framework/src/Illuminate/Database/Concerns/BuildsQueries.php(333): Illuminate\\Database\\Eloquent\\Builder->get()
#9 /opt/lampp/htdocs/wireless/app/Http/Controllers/PostController.php(29): Illuminate\\Database\\Eloquent\\Builder->first()
#10 /opt/lampp/htdocs/wireless/vendor/laravel/framework/src/Illuminate/Routing/Controller.php(54): App\\Http\\Controllers\\PostController->home()
#11 /opt/lampp/htdocs/wireless/vendor/laravel/framework/src/Illuminate/Routing/ControllerDispatcher.php(43): Illuminate\\Routing\\Controller->callAction()
#12 /opt/lampp/htdocs/wireless/vendor/laravel/framework/src/Illuminate/Routing/Route.php(259): Illuminate\\Routing\\ControllerDispatcher->dispatch()
#13 /opt/lampp/htdocs/wireless/vendor/laravel/framework/src/Illuminate/Routing/Route.php(205): Illuminate\\Routing\\Route->runController()
#14 /opt/lampp/htdocs/wireless/vendor/laravel/framework/src/Illuminate/Routing/Router.php(806): Illuminate\\Routing\\Route->run()
#15 /opt/lampp/htdocs/wireless/vendor/laravel/framework/src/Illuminate/Pipeline/Pipeline.php(144): Illuminate\\Routing\\Router->Illuminate\\Routing\\{closure}()
#16 /opt/lampp/htdocs/wireless/vendor/laravel/framework/src/Illuminate/Routing/Middleware/SubstituteBindings.php(50): Illuminate\\Pipeline\\Pipeline->Illuminate\\Pipeline\\{closure}()
#17 /opt/lampp/htdocs/wireless/vendor/laravel/framework/src/Illuminate/Pipeline/Pipeline.php(183): Illuminate\\Routing\\Middleware\\SubstituteBindings->handle()
#18 /opt/lampp/htdocs/wireless/vendor/laravel/framework/src/Illuminate/Foundation/Http/Middleware/VerifyCsrfToken.php(78): Illuminate\\Pipeline\\Pipeline->Illuminate\\Pipeline\\{closure}()
#19 /opt/lampp/htdocs/wireless/vendor/laravel/framework/src/Illuminate/Pipeline/Pipeline.php(183): Illuminate\\Foundation\\Http\\Middleware\\VerifyCsrfToken->handle()
#20 /opt/lampp/htdocs/wireless/vendor/laravel/framework/src/Illuminate/View/Middleware/ShareErrorsFromSession.php(49): Illuminate\\Pipeline\\Pipeline->Illuminate\\Pipeline\\{closure}()
#21 /opt/lampp/htdocs/wireless/vendor/laravel/framework/src/Illuminate/Pipeline/Pipeline.php(183): Illuminate\\View\\Middleware\\ShareErrorsFromSession->handle()
#22 /opt/lampp/htdocs/wireless/vendor/laravel/framework/src/Illuminate/Session/Middleware/StartSession.php(121): Illuminate\\Pipeline\\Pipeline->Illuminate\\Pipeline\\{closure}()
#23 /opt/lampp/htdocs/wireless/vendor/laravel/framework/src/Illuminate/Session/Middleware/StartSession.php(64): Illuminate\\Session\\Middleware\\StartSession->handleStatefulRequest()
#24 /opt/lampp/htdocs/wireless/vendor/laravel/framework/src/Illuminate/Pipeline/Pipeline.php(183): Illuminate\\Session\\Middleware\\StartSession->handle()
#25 /opt/lampp/htdocs/wireless/vendor/laravel/framework/src/Illuminate/Cookie/Middleware/AddQueuedCookiesToResponse.php(37): Illuminate\\Pipeline\\Pipeline->Illuminate\\Pipeline\\{closure}()
#26 /opt/lampp/htdocs/wireless/vendor/laravel/framework/src/Illuminate/Pipeline/Pipeline.php(183): Illuminate\\Cookie\\Middleware\\AddQueuedCookiesToResponse->handle()
#27 /opt/lampp/htdocs/wireless/vendor/laravel/framework/src/Illuminate/Cookie/Middleware/EncryptCookies.php(67): Illuminate\\Pipeline\\Pipeline->Illuminate\\Pipeline\\{closure}()
#28 /opt/lampp/htdocs/wireless/vendor/laravel/framework/src/Illuminate/Pipeline/Pipeline.php(183): Illuminate\\Cookie\\Middleware\\EncryptCookies->handle()
#29 /opt/lampp/htdocs/wireless/vendor/laravel/framework/src/Illuminate/Pipeline/Pipeline.php(119): Illuminate\\Pipeline\\Pipeline->Illuminate\\Pipeline\\{closure}()
#30 /opt/lampp/htdocs/wireless/vendor/laravel/framework/src/Illuminate/Routing/Router.php(805): Illuminate\\Pipeline\\Pipeline->then()
#31 /opt/lampp/htdocs/wireless/vendor/laravel/framework/src/Illuminate/Routing/Router.php(784): Illuminate\\Routing\\Router->runRouteWithinStack()
#32 /opt/lampp/htdocs/wireless/vendor/laravel/framework/src/Illuminate/Routing/Router.php(748): Illuminate\\Routing\\Router->runRoute()
#33 /opt/lampp/htdocs/wireless/vendor/laravel/framework/src/Illuminate/Routing/Router.php(737): Illuminate\\Routing\\Router->dispatchToRoute()
#34 /opt/lampp/htdocs/wireless/vendor/laravel/framework/src/Illuminate/Foundation/Http/Kernel.php(200): Illuminate\\Routing\\Router->dispatch()
#35 /opt/lampp/htdocs/wireless/vendor/laravel/framework/src/Illuminate/Pipeline/Pipeline.php(144): Illuminate\\Foundation\\Http\\Kernel->Illuminate\\Foundation\\Http\\{closure}()
#36 /opt/lampp/htdocs/wireless/vendor/livewire/livewire/src/Features/SupportDisablingBackButtonCache/DisableBackButtonCacheMiddleware.php(19): Illuminate\\Pipeline\\Pipeline->Illuminate\\Pipeline\\{closure}()
#37 /opt/lampp/htdocs/wireless/vendor/laravel/framework/src/Illuminate/Pipeline/Pipeline.php(183): Livewire\\Features\\SupportDisablingBackButtonCache\\DisableBackButtonCacheMiddleware->handle()
#38 /opt/lampp/htdocs/wireless/vendor/laravel/framework/src/Illuminate/Foundation/Http/Middleware/TransformsRequest.php(21): Illuminate\\Pipeline\\Pipeline->Illuminate\\Pipeline\\{closure}()
#39 /opt/lampp/htdocs/wireless/vendor/laravel/framework/src/Illuminate/Foundation/Http/Middleware/ConvertEmptyStringsToNull.php(31): Illuminate\\Foundation\\Http\\Middleware\\TransformsRequest->handle()
#40 /opt/lampp/htdocs/wireless/vendor/laravel/framework/src/Illuminate/Pipeline/Pipeline.php(183): Illuminate\\Foundation\\Http\\Middleware\\ConvertEmptyStringsToNull->handle()
#41 /opt/lampp/htdocs/wireless/vendor/laravel/framework/src/Illuminate/Foundation/Http/Middleware/TransformsRequest.php(21): Illuminate\\Pipeline\\Pipeline->Illuminate\\Pipeline\\{closure}()
#42 /opt/lampp/htdocs/wireless/vendor/laravel/framework/src/Illuminate/Foundation/Http/Middleware/TrimStrings.php(40): Illuminate\\Foundation\\Http\\Middleware\\TransformsRequest->handle()
#43 /opt/lampp/htdocs/wireless/vendor/laravel/framework/src/Illuminate/Pipeline/Pipeline.php(183): Illuminate\\Foundation\\Http\\Middleware\\TrimStrings->handle()
#44 /opt/lampp/htdocs/wireless/vendor/laravel/framework/src/Illuminate/Foundation/Http/Middleware/ValidatePostSize.php(27): Illuminate\\Pipeline\\Pipeline->Illuminate\\Pipeline\\{closure}()
#45 /opt/lampp/htdocs/wireless/vendor/laravel/framework/src/Illuminate/Pipeline/Pipeline.php(183): Illuminate\\Foundation\\Http\\Middleware\\ValidatePostSize->handle()
#46 /opt/lampp/htdocs/wireless/vendor/laravel/framework/src/Illuminate/Foundation/Http/Middleware/PreventRequestsDuringMaintenance.php(99): Illuminate\\Pipeline\\Pipeline->Illuminate\\Pipeline\\{closure}()
#47 /opt/lampp/htdocs/wireless/vendor/laravel/framework/src/Illuminate/Pipeline/Pipeline.php(183): Illuminate\\Foundation\\Http\\Middleware\\PreventRequestsDuringMaintenance->handle()
#48 /opt/lampp/htdocs/wireless/vendor/laravel/framework/src/Illuminate/Http/Middleware/HandleCors.php(49): Illuminate\\Pipeline\\Pipeline->Illuminate\\Pipeline\\{closure}()
#49 /opt/lampp/htdocs/wireless/vendor/laravel/framework/src/Illuminate/Pipeline/Pipeline.php(183): Illuminate\\Http\\Middleware\\HandleCors->handle()
#50 /opt/lampp/htdocs/wireless/vendor/laravel/framework/src/Illuminate/Http/Middleware/TrustProxies.php(39): Illuminate\\Pipeline\\Pipeline->Illuminate\\Pipeline\\{closure}()
#51 /opt/lampp/htdocs/wireless/vendor/laravel/framework/src/Illuminate/Pipeline/Pipeline.php(183): Illuminate\\Http\\Middleware\\TrustProxies->handle()
#52 /opt/lampp/htdocs/wireless/vendor/laravel/framework/src/Illuminate/Pipeline/Pipeline.php(119): Illuminate\\Pipeline\\Pipeline->Illuminate\\Pipeline\\{closure}()
#53 /opt/lampp/htdocs/wireless/vendor/laravel/framework/src/Illuminate/Foundation/Http/Kernel.php(175): Illuminate\\Pipeline\\Pipeline->then()
#54 /opt/lampp/htdocs/wireless/vendor/laravel/framework/src/Illuminate/Foundation/Http/Kernel.php(144): Illuminate\\Foundation\\Http\\Kernel->sendRequestThroughRouter()
#55 /opt/lampp/htdocs/wireless/public/index.php(51): Illuminate\\Foundation\\Http\\Kernel->handle()
#56 /opt/lampp/htdocs/wireless/vendor/laravel/framework/src/Illuminate/Foundation/resources/server.php(16): require_once('...')
#57 {main}

[previous exception] [object] (PDOException(code: 42S22): SQLSTATE[42S22]: Column not found: 1054 Unknown column 'posts.published_at' in 'where clause' at /opt/lampp/htdocs/wireless/vendor/laravel/framework/src/Illuminate/Database/Connection.php:416)
[stacktrace]
#0 /opt/lampp/htdocs/wireless/vendor/laravel/framework/src/Illuminate/Database/Connection.php(416): PDO->prepare()
#1 /opt/lampp/htdocs/wireless/vendor/laravel/framework/src/Illuminate/Database/Connection.php(809): Illuminate\\Database\\Connection->Illuminate\\Database\\{closure}()
#2 /opt/lampp/htdocs/wireless/vendor/laravel/framework/src/Illuminate/Database/Connection.php(776): Illuminate\\Database\\Connection->runQueryCallback()
#3 /opt/lampp/htdocs/wireless/vendor/laravel/framework/src/Illuminate/Database/Connection.php(407): Illuminate\\Database\\Connection->run()
#4 /opt/lampp/htdocs/wireless/vendor/laravel/framework/src/Illuminate/Database/Query/Builder.php(2751): Illuminate\\Database\\Connection->select()
#5 /opt/lampp/htdocs/wireless/vendor/laravel/framework/src/Illuminate/Database/Query/Builder.php(2740): Illuminate\\Database\\Query\\Builder->runSelect()
#6 /opt/lampp/htdocs/wireless/vendor/laravel/framework/src/Illuminate/Database/Query/Builder.php(3294): Illuminate\\Database\\Query\\Builder->Illuminate\\Database\\Query\\{closure}()
#7 /opt/lampp/htdocs/wireless/vendor/laravel/framework/src/Illuminate/Database/Query/Builder.php(2739): Illuminate\\Database\\Query\\Builder->onceWithColumns()
#8 /opt/lampp/htdocs/wireless/vendor/laravel/framework/src/Illuminate/Database/Eloquent/Builder.php(737): Illuminate\\Database\\Query\\Builder->get()
#9 /opt/lampp/htdocs/wireless/vendor/laravel/framework/src/Illuminate/Database/Eloquent/Builder.php(721): Illuminate\\Database\\Eloquent\\Builder->getModels()
#10 /opt/lampp/htdocs/wireless/vendor/laravel/framework/src/Illuminate/Database/Concerns/BuildsQueries.php(333): Illuminate\\Database\\Eloquent\\Builder->get()
#11 /opt/lampp/htdocs/wireless/app/Http/Controllers/PostController.php(29): Illuminate\\Database\\Eloquent\\Builder->first()
#12 /opt/lampp/htdocs/wireless/vendor/laravel/framework/src/Illuminate/Routing/Controller.php(54): App\\Http\\Controllers\\PostController->home()
#13 /opt/lampp/htdocs/wireless/vendor/laravel/framework/src/Illuminate/Routing/ControllerDispatcher.php(43): Illuminate\\Routing\\Controller->callAction()
#14 /opt/lampp/htdocs/wireless/vendor/laravel/framework/src/Illuminate/Routing/Route.php(259): Illuminate\\Routing\\ControllerDispatcher->dispatch()
#15 /opt/lampp/htdocs/wireless/vendor/laravel/framework/src/Illuminate/Routing/Route.php(205): Illuminate\\Routing\\Route->runController()
#16 /opt/lampp/htdocs/wireless/vendor/laravel/framework/src/Illuminate/Routing/Router.php(806): Illuminate\\Routing\\Route->run()
#17 /opt/lampp/htdocs/wireless/vendor/laravel/framework/src/Illuminate/Pipeline/Pipeline.php(144): Illuminate\\Routing\\Router->Illuminate\\Routing\\{closure}()
#18 /opt/lampp/htdocs/wireless/vendor/laravel/framework/src/Illuminate/Routing/Middleware/SubstituteBindings.php(50): Illuminate\\Pipeline\\Pipeline->Illuminate\\Pipeline\\{closure}()
#19 /opt/lampp/htdocs/wireless/vendor/laravel/framework/src/Illuminate/Pipeline/Pipeline.php(183): Illuminate\\Routing\\Middleware\\SubstituteBindings->handle()
#20 /opt/lampp/htdocs/wireless/vendor/laravel/framework/src/Illuminate/Foundation/Http/Middleware/VerifyCsrfToken.php(78): Illuminate\\Pipeline\\Pipeline->Illuminate\\Pipeline\\{closure}()
#21 /opt/lampp/htdocs/wireless/vendor/laravel/framework/src/Illuminate/Pipeline/Pipeline.php(183): Illuminate\\Foundation\\Http\\Middleware\\VerifyCsrfToken->handle()
#22 /opt/lampp/htdocs/wireless/vendor/laravel/framework/src/Illuminate/View/Middleware/ShareErrorsFromSession.php(49): Illuminate\\Pipeline\\Pipeline->Illuminate\\Pipeline\\{closure}()
#23 /opt/lampp/htdocs/wireless/vendor/laravel/framework/src/Illuminate/Pipeline/Pipeline.php(183): Illuminate\\View\\Middleware\\ShareErrorsFromSession->handle()
#24 /opt/lampp/htdocs/wireless/vendor/laravel/framework/src/Illuminate/Session/Middleware/StartSession.php(121): Illuminate\\Pipeline\\Pipeline->Illuminate\\Pipeline\\{closure}()
#25 /opt/lampp/htdocs/wireless/vendor/laravel/framework/src/Illuminate/Session/Middleware/StartSession.php(64): Illuminate\\Session\\Middleware\\StartSession->handleStatefulRequest()
#26 /opt/lampp/htdocs/wireless/vendor/laravel/framework/src/Illuminate/Pipeline/Pipeline.php(183): Illuminate\\Session\\Middleware\\StartSession->handle()
#27 /opt/lampp/htdocs/wireless/vendor/laravel/framework/src/Illuminate/Cookie/Middleware/AddQueuedCookiesToResponse.php(37): Illuminate\\Pipeline\\Pipeline->Illuminate\\Pipeline\\{closure}()
#28 /opt/lampp/htdocs/wireless/vendor/laravel/framework/src/Illuminate/Pipeline/Pipeline.php(183): Illuminate\\Cookie\\Middleware\\AddQueuedCookiesToResponse->handle()
#29 /opt/lampp/htdocs/wireless/vendor/laravel/framework/src/Illuminate/Cookie/Middleware/EncryptCookies.php(67): Illuminate\\Pipeline\\Pipeline->Illuminate\\Pipeline\\{closure}()
#30 /opt/lampp/htdocs/wireless/vendor/laravel/framework/src/Illuminate/Pipeline/Pipeline.php(183): Illuminate\\Cookie\\Middleware\\EncryptCookies->handle()
#31 /opt/lampp/htdocs/wireless/vendor/laravel/framework/src/Illuminate/Pipeline/Pipeline.php(119): Illuminate\\Pipeline\\Pipeline->Illuminate\\Pipeline\\{closure}()
#32 /opt/lampp/htdocs/wireless/vendor/laravel/framework/src/Illuminate/Routing/Router.php(805): Illuminate\\Pipeline\\Pipeline->then()
#33 /opt/lampp/htdocs/wireless/vendor/laravel/framework/src/Illuminate/Routing/Router.php(784): Illuminate\\Routing\\Router->runRouteWithinStack()
#34 /opt/lampp/htdocs/wireless/vendor/laravel/framework/src/Illuminate/Routing/Router.php(748): Illuminate\\Routing\\Router->runRoute()
#35 /opt/lampp/htdocs/wireless/vendor/laravel/framework/src/Illuminate/Routing/Router.php(737): Illuminate\\Routing\\Router->dispatchToRoute()
#36 /opt/lampp/htdocs/wireless/vendor/laravel/framework/src/Illuminate/Foundation/Http/Kernel.php(200): Illuminate\\Routing\\Router->dispatch()
#37 /opt/lampp/htdocs/wireless/vendor/laravel/framework/src/Illuminate/Pipeline/Pipeline.php(144): Illuminate\\Foundation\\Http\\Kernel->Illuminate\\Foundation\\Http\\{closure}()
#38 /opt/lampp/htdocs/wireless/vendor/livewire/livewire/src/Features/SupportDisablingBackButtonCache/DisableBackButtonCacheMiddleware.php(19): Illuminate\\Pipeline\\Pipeline->Illuminate\\Pipeline\\{closure}()
#39 /opt/lampp/htdocs/wireless/vendor/laravel/framework/src/Illuminate/Pipeline/Pipeline.php(183): Livewire\\Features\\SupportDisablingBackButtonCache\\DisableBackButtonCacheMiddleware->handle()
#40 /opt/lampp/htdocs/wireless/vendor/laravel/framework/src/Illuminate/Foundation/Http/Middleware/TransformsRequest.php(21): Illuminate\\Pipeline\\Pipeline->Illuminate\\Pipeline\\{closure}()
#41 /opt/lampp/htdocs/wireless/vendor/laravel/framework/src/Illuminate/Foundation/Http/Middleware/ConvertEmptyStringsToNull.php(31): Illuminate\\Foundation\\Http\\Middleware\\TransformsRequest->handle()
#42 /opt/lampp/htdocs/wireless/vendor/laravel/framework/src/Illuminate/Pipeline/Pipeline.php(183): Illuminate\\Foundation\\Http\\Middleware\\ConvertEmptyStringsToNull->handle()
#43 /opt/lampp/htdocs/wireless/vendor/laravel/framework/src/Illuminate/Foundation/Http/Middleware/TransformsRequest.php(21): Illuminate\\Pipeline\\Pipeline->Illuminate\\Pipeline\\{closure}()
#44 /opt/lampp/htdocs/wireless/vendor/laravel/framework/src/Illuminate/Foundation/Http/Middleware/TrimStrings.php(40): Illuminate\\Foundation\\Http\\Middleware\\TransformsRequest->handle()
#45 /opt/lampp/htdocs/wireless/vendor/laravel/framework/src/Illuminate/Pipeline/Pipeline.php(183): Illuminate\\Foundation\\Http\\Middleware\\TrimStrings->handle()
#46 /opt/lampp/htdocs/wireless/vendor/laravel/framework/src/Illuminate/Foundation/Http/Middleware/ValidatePostSize.php(27): Illuminate\\Pipeline\\Pipeline->Illuminate\\Pipeline\\{closure}()
#47 /opt/lampp/htdocs/wireless/vendor/laravel/framework/src/Illuminate/Pipeline/Pipeline.php(183): Illuminate\\Foundation\\Http\\Middleware\\ValidatePostSize->handle()
#48 /opt/lampp/htdocs/wireless/vendor/laravel/framework/src/Illuminate/Foundation/Http/Middleware/PreventRequestsDuringMaintenance.php(99): Illuminate\\Pipeline\\Pipeline->Illuminate\\Pipeline\\{closure}()
#49 /opt/lampp/htdocs/wireless/vendor/laravel/framework/src/Illuminate/Pipeline/Pipeline.php(183): Illuminate\\Foundation\\Http\\Middleware\\PreventRequestsDuringMaintenance->handle()
#50 /opt/lampp/htdocs/wireless/vendor/laravel/framework/src/Illuminate/Http/Middleware/HandleCors.php(49): Illuminate\\Pipeline\\Pipeline->Illuminate\\Pipeline\\{closure}()
#51 /opt/lampp/htdocs/wireless/vendor/laravel/framework/src/Illuminate/Pipeline/Pipeline.php(183): Illuminate\\Http\\Middleware\\HandleCors->handle()
#52 /opt/lampp/htdocs/wireless/vendor/laravel/framework/src/Illuminate/Http/Middleware/TrustProxies.php(39): Illuminate\\Pipeline\\Pipeline->Illuminate\\Pipeline\\{closure}()
#53 /opt/lampp/htdocs/wireless/vendor/laravel/framework/src/Illuminate/Pipeline/Pipeline.php(183): Illuminate\\Http\\Middleware\\TrustProxies->handle()
#54 /opt/lampp/htdocs/wireless/vendor/laravel/framework/src/Illuminate/Pipeline/Pipeline.php(119): Illuminate\\Pipeline\\Pipeline->Illuminate\\Pipeline\\{closure}()
#55 /opt/lampp/htdocs/wireless/vendor/laravel/framework/src/Illuminate/Foundation/Http/Kernel.php(175): Illuminate\\Pipeline\\Pipeline->then()
#56 /opt/lampp/htdocs/wireless/vendor/laravel/framework/src/Illuminate/Foundation/Http/Kernel.php(144): Illuminate\\Foundation\\Http\\Kernel->sendRequestThroughRouter()
#57 /opt/lampp/htdocs/wireless/public/index.php(51): Illuminate\\Foundation\\Http\\Kernel->handle()
#58 /opt/lampp/htdocs/wireless/vendor/laravel/framework/src/Illuminate/Foundation/resources/server.php(16): require_once('...')
#59 {main}
"} 
[2026-03-06 13:54:58] production.ERROR: SQLSTATE[42S02]: Base table or view not found: 1146 Table 'wireless.text_widgets' doesn't exist (Connection: mysql, SQL: select * from `text_widgets` where `key` = about-us-sidebar limit 1) {"view":{"view":"/opt/lampp/htdocs/wireless/resources/views/layouts/app.blade.php","data":[]},"exception":"[object] (Spatie\\LaravelIgnition\\Exceptions\\ViewException(code: 0): SQLSTATE[42S02]: Base table or view not found: 1146 Table 'wireless.text_widgets' doesn't exist (Connection: mysql, SQL: select * from `text_widgets` where `key` = about-us-sidebar limit 1) at /opt/lampp/htdocs/wireless/vendor/laravel/framework/src/Illuminate/Database/Connection.php:822)
[stacktrace]
#0 /opt/lampp/htdocs/wireless/vendor/laravel/framework/src/Illuminate/Database/Connection.php(776): Illuminate\\Database\\Connection->runQueryCallback()
#1 /opt/lampp/htdocs/wireless/vendor/laravel/framework/src/Illuminate/Database/Connection.php(407): Illuminate\\Database\\Connection->run()
#2 /opt/lampp/htdocs/wireless/vendor/laravel/framework/src/Illuminate/Database/Query/Builder.php(2751): Illuminate\\Database\\Connection->select()
#3 /opt/lampp/htdocs/wireless/vendor/laravel/framework/src/Illuminate/Database/Query/Builder.php(2740): Illuminate\\Database\\Query\\Builder->runSelect()
#4 /opt/lampp/htdocs/wireless/vendor/laravel/framework/src/Illuminate/Database/Query/Builder.php(3294): Illuminate\\Database\\Query\\Builder->Illuminate\\Database\\Query\\{closure}()
#5 /opt/lampp/htdocs/wireless/vendor/laravel/framework/src/Illuminate/Database/Query/Builder.php(2739): Illuminate\\Database\\Query\\Builder->onceWithColumns()
#6 /opt/lampp/htdocs/wireless/vendor/laravel/framework/src/Illuminate/Database/Eloquent/Builder.php(737): Illuminate\\Database\\Query\\Builder->get()
#7 /opt/lampp/htdocs/wireless/vendor/laravel/framework/src/Illuminate/Database/Eloquent/Builder.php(721): Illuminate\\Database\\Eloquent\\Builder->getModels()
#8 /opt/lampp/htdocs/wireless/vendor/laravel/framework/src/Illuminate/Database/Concerns/BuildsQueries.php(333): Illuminate\\Database\\Eloquent\\Builder->get()
#9 /opt/lampp/htdocs/wireless/app/Models/TextWidget.php(35): Illuminate\\Database\\Eloquent\\Builder->first()
#10 /opt/lampp/htdocs/wireless/vendor/laravel/framework/src/Illuminate/Collections/helpers.php(224): App\\Models\\TextWidget::App\\Models\\{closure}()
#11 /opt/lampp/htdocs/wireless/vendor/laravel/framework/src/Illuminate/Cache/Repository.php(107): value()
#12 /opt/lampp/htdocs/wireless/vendor/laravel/framework/src/Illuminate/Cache/CacheManager.php(429): Illuminate\\Cache\\Repository->get()
#13 /opt/lampp/htdocs/wireless/vendor/laravel/framework/src/Illuminate/Support/Facades/Facade.php(355): Illuminate\\Cache\\CacheManager->__call()
#14 /opt/lampp/htdocs/wireless/app/Models/TextWidget.php(34): Illuminate\\Support\\Facades\\Facade::__callStatic()
#15 /opt/lampp/htdocs/wireless/resources/views/layouts/app.blade.php(291): App\\Models\\TextWidget::getContent()
#16 /opt/lampp/htdocs/wireless/vendor/laravel/framework/src/Illuminate/Filesystem/Filesystem.php(124): require('...')
#17 /opt/lampp/htdocs/wireless/vendor/laravel/framework/src/Illuminate/Filesystem/Filesystem.php(125): Illuminate\\Filesystem\\Filesystem::Illuminate\\Filesystem\\{closure}()
#18 /opt/lampp/htdocs/wireless/vendor/laravel/framework/src/Illuminate/View/Engines/PhpEngine.php(58): Illuminate\\Filesystem\\Filesystem->getRequire()
#19 /opt/lampp/htdocs/wireless/vendor/livewire/livewire/src/Mechanisms/ExtendBlade/ExtendedCompilerEngine.php(22): Illuminate\\View\\Engines\\PhpEngine->evaluatePath()
#20 /opt/lampp/htdocs/wireless/vendor/laravel/framework/src/Illuminate/View/Engines/CompilerEngine.php(72): Livewire\\Mechanisms\\ExtendBlade\\ExtendedCompilerEngine->evaluatePath()
#21 /opt/lampp/htdocs/wireless/vendor/livewire/livewire/src/Mechanisms/ExtendBlade/ExtendedCompilerEngine.php(10): Illuminate\\View\\Engines\\CompilerEngine->get()
#22 /opt/lampp/htdocs/wireless/vendor/laravel/framework/src/Illuminate/View/View.php(207): Livewire\\Mechanisms\\ExtendBlade\\ExtendedCompilerEngine->get()
#23 /opt/lampp/htdocs/wireless/vendor/laravel/framework/src/Illuminate/View/View.php(190): Illuminate\\View\\View->getContents()
#24 /opt/lampp/htdocs/wireless/vendor/laravel/framework/src/Illuminate/View/View.php(159): Illuminate\\View\\View->renderContents()
#25 /opt/lampp/htdocs/wireless/vendor/laravel/framework/src/Illuminate/View/Concerns/ManagesComponents.php(99): Illuminate\\View\\View->render()
#26 /opt/lampp/htdocs/wireless/resources/views/errors/404.blade.php(45): Illuminate\\View\\Factory->renderComponent()
#27 /opt/lampp/htdocs/wireless/vendor/laravel/framework/src/Illuminate/Filesystem/Filesystem.php(124): require('...')
#28 /opt/lampp/htdocs/wireless/vendor/laravel/framework/src/Illuminate/Filesystem/Filesystem.php(125): Illuminate\\Filesystem\\Filesystem::Illuminate\\Filesystem\\{closure}()
#29 /opt/lampp/htdocs/wireless/vendor/laravel/framework/src/Illuminate/View/Engines/PhpEngine.php(58): Illuminate\\Filesystem\\Filesystem->getRequire()
#30 /opt/lampp/htdocs/wireless/vendor/livewire/livewire/src/Mechanisms/ExtendBlade/ExtendedCompilerEngine.php(22): Illuminate\\View\\Engines\\PhpEngine->evaluatePath()
#31 /opt/lampp/htdocs/wireless/vendor/laravel/framework/src/Illuminate/View/Engines/CompilerEngine.php(72): Livewire\\Mechanisms\\ExtendBlade\\ExtendedCompilerEngine->evaluatePath()
#32 /opt/lampp/htdocs/wireless/vendor/livewire/livewire/src/Mechanisms/ExtendBlade/ExtendedCompilerEngine.php(10): Illuminate\\View\\Engines\\CompilerEngine->get()
#33 /opt/lampp/htdocs/wireless/vendor/laravel/framework/src/Illuminate/View/View.php(207): Livewire\\Mechanisms\\ExtendBlade\\ExtendedCompilerEngine->get()
#34 /opt/lampp/htdocs/wireless/vendor/laravel/framework/src/Illuminate/View/View.php(190): Illuminate\\View\\View->getContents()
#35 /opt/lampp/htdocs/wireless/vendor/laravel/framework/src/Illuminate/View/View.php(159): Illuminate\\View\\View->renderContents()
#36 /opt/lampp/htdocs/wireless/vendor/laravel/framework/src/Illuminate/Http/Response.php(69): Illuminate\\View\\View->render()
#37 /opt/lampp/htdocs/wireless/vendor/laravel/framework/src/Illuminate/Http/Response.php(35): Illuminate\\Http\\Response->setContent()
#38 /opt/lampp/htdocs/wireless/vendor/laravel/framework/src/Illuminate/Routing/ResponseFactory.php(57): Illuminate\\Http\\Response->__construct()
#39 /opt/lampp/htdocs/wireless/vendor/laravel/framework/src/Illuminate/Routing/ResponseFactory.php(87): Illuminate\\Routing\\ResponseFactory->make()
#40 /opt/lampp/htdocs/wireless/vendor/laravel/framework/src/Illuminate/Foundation/Exceptions/Handler.php(723): Illuminate\\Routing\\ResponseFactory->view()
#41 /opt/lampp/htdocs/wireless/vendor/laravel/framework/src/Illuminate/Foundation/Exceptions/Handler.php(650): Illuminate\\Foundation\\Exceptions\\Handler->renderHttpException()
#42 /opt/lampp/htdocs/wireless/vendor/laravel/framework/src/Illuminate/Foundation/Exceptions/Handler.php(556): Illuminate\\Foundation\\Exceptions\\Handler->prepareResponse()
#43 /opt/lampp/htdocs/wireless/vendor/laravel/framework/src/Illuminate/Foundation/Exceptions/Handler.php(473): Illuminate\\Foundation\\Exceptions\\Handler->renderExceptionResponse()
#44 /opt/lampp/htdocs/wireless/vendor/laravel/framework/src/Illuminate/Routing/Pipeline.php(51): Illuminate\\Foundation\\Exceptions\\Handler->render()
#45 /opt/lampp/htdocs/wireless/vendor/laravel/framework/src/Illuminate/Pipeline/Pipeline.php(188): Illuminate\\Routing\\Pipeline->handleException()
#46 /opt/lampp/htdocs/wireless/vendor/laravel/framework/src/Illuminate/Pipeline/Pipeline.php(119): Illuminate\\Pipeline\\Pipeline->Illuminate\\Pipeline\\{closure}()
#47 /opt/lampp/htdocs/wireless/vendor/laravel/framework/src/Illuminate/Routing/Router.php(805): Illuminate\\Pipeline\\Pipeline->then()
#48 /opt/lampp/htdocs/wireless/vendor/laravel/framework/src/Illuminate/Routing/Router.php(784): Illuminate\\Routing\\Router->runRouteWithinStack()
#49 /opt/lampp/htdocs/wireless/vendor/laravel/framework/src/Illuminate/Routing/Router.php(748): Illuminate\\Routing\\Router->runRoute()
#50 /opt/lampp/htdocs/wireless/vendor/laravel/framework/src/Illuminate/Routing/Router.php(737): Illuminate\\Routing\\Router->dispatchToRoute()
#51 /opt/lampp/htdocs/wireless/vendor/laravel/framework/src/Illuminate/Foundation/Http/Kernel.php(200): Illuminate\\Routing\\Router->dispatch()
#52 /opt/lampp/htdocs/wireless/vendor/laravel/framework/src/Illuminate/Pipeline/Pipeline.php(144): Illuminate\\Foundation\\Http\\Kernel->Illuminate\\Foundation\\Http\\{closure}()
#53 /opt/lampp/htdocs/wireless/vendor/livewire/livewire/src/Features/SupportDisablingBackButtonCache/DisableBackButtonCacheMiddleware.php(19): Illuminate\\Pipeline\\Pipeline->Illuminate\\Pipeline\\{closure}()
#54 /opt/lampp/htdocs/wireless/vendor/laravel/framework/src/Illuminate/Pipeline/Pipeline.php(183): Livewire\\Features\\SupportDisablingBackButtonCache\\DisableBackButtonCacheMiddleware->handle()
#55 /opt/lampp/htdocs/wireless/vendor/laravel/framework/src/Illuminate/Foundation/Http/Middleware/TransformsRequest.php(21): Illuminate\\Pipeline\\Pipeline->Illuminate\\Pipeline\\{closure}()
#56 /opt/lampp/htdocs/wireless/vendor/laravel/framework/src/Illuminate/Foundation/Http/Middleware/ConvertEmptyStringsToNull.php(31): Illuminate\\Foundation\\Http\\Middleware\\TransformsRequest->handle()
#57 /opt/lampp/htdocs/wireless/vendor/laravel/framework/src/Illuminate/Pipeline/Pipeline.php(183): Illuminate\\Foundation\\Http\\Middleware\\ConvertEmptyStringsToNull->handle()
#58 /opt/lampp/htdocs/wireless/vendor/laravel/framework/src/Illuminate/Foundation/Http/Middleware/TransformsRequest.php(21): Illuminate\\Pipeline\\Pipeline->Illuminate\\Pipeline\\{closure}()
#59 /opt/lampp/htdocs/wireless/vendor/laravel/framework/src/Illuminate/Foundation/Http/Middleware/TrimStrings.php(40): Illuminate\\Foundation\\Http\\Middleware\\TransformsRequest->handle()
#60 /opt/lampp/htdocs/wireless/vendor/laravel/framework/src/Illuminate/Pipeline/Pipeline.php(183): Illuminate\\Foundation\\Http\\Middleware\\TrimStrings->handle()
#61 /opt/lampp/htdocs/wireless/vendor/laravel/framework/src/Illuminate/Foundation/Http/Middleware/ValidatePostSize.php(27): Illuminate\\Pipeline\\Pipeline->Illuminate\\Pipeline\\{closure}()
#62 /opt/lampp/htdocs/wireless/vendor/laravel/framework/src/Illuminate/Pipeline/Pipeline.php(183): Illuminate\\Foundation\\Http\\Middleware\\ValidatePostSize->handle()
#63 /opt/lampp/htdocs/wireless/vendor/laravel/framework/src/Illuminate/Foundation/Http/Middleware/PreventRequestsDuringMaintenance.php(99): Illuminate\\Pipeline\\Pipeline->Illuminate\\Pipeline\\{closure}()
#64 /opt/lampp/htdocs/wireless/vendor/laravel/framework/src/Illuminate/Pipeline/Pipeline.php(183): Illuminate\\Foundation\\Http\\Middleware\\PreventRequestsDuringMaintenance->handle()
#65 /opt/lampp/htdocs/wireless/vendor/laravel/framework/src/Illuminate/Http/Middleware/HandleCors.php(49): Illuminate\\Pipeline\\Pipeline->Illuminate\\Pipeline\\{closure}()
#66 /opt/lampp/htdocs/wireless/vendor/laravel/framework/src/Illuminate/Pipeline/Pipeline.php(183): Illuminate\\Http\\Middleware\\HandleCors->handle()
#67 /opt/lampp/htdocs/wireless/vendor/laravel/framework/src/Illuminate/Http/Middleware/TrustProxies.php(39): Illuminate\\Pipeline\\Pipeline->Illuminate\\Pipeline\\{closure}()
#68 /opt/lampp/htdocs/wireless/vendor/laravel/framework/src/Illuminate/Pipeline/Pipeline.php(183): Illuminate\\Http\\Middleware\\TrustProxies->handle()
#69 /opt/lampp/htdocs/wireless/vendor/laravel/framework/src/Illuminate/Pipeline/Pipeline.php(119): Illuminate\\Pipeline\\Pipeline->Illuminate\\Pipeline\\{closure}()
#70 /opt/lampp/htdocs/wireless/vendor/laravel/framework/src/Illuminate/Foundation/Http/Kernel.php(175): Illuminate\\Pipeline\\Pipeline->then()
#71 /opt/lampp/htdocs/wireless/vendor/laravel/framework/src/Illuminate/Foundation/Http/Kernel.php(144): Illuminate\\Foundation\\Http\\Kernel->sendRequestThroughRouter()
#72 /opt/lampp/htdocs/wireless/public/index.php(51): Illuminate\\Foundation\\Http\\Kernel->handle()
#73 /opt/lampp/htdocs/wireless/vendor/laravel/framework/src/Illuminate/Foundation/resources/server.php(16): require_once('...')
#74 {main}

[previous exception] [object] (Illuminate\\Database\\QueryException(code: 42S02): SQLSTATE[42S02]: Base table or view not found: 1146 Table 'wireless.text_widgets' doesn't exist (Connection: mysql, SQL: select * from `text_widgets` where `key` = about-us-sidebar limit 1) at /opt/lampp/htdocs/wireless/vendor/laravel/framework/src/Illuminate/Database/Connection.php:822)
[stacktrace]
#0 /opt/lampp/htdocs/wireless/vendor/laravel/framework/src/Illuminate/Database/Connection.php(776): Illuminate\\Database\\Connection->runQueryCallback()
#1 /opt/lampp/htdocs/wireless/vendor/laravel/framework/src/Illuminate/Database/Connection.php(407): Illuminate\\Database\\Connection->run()
#2 /opt/lampp/htdocs/wireless/vendor/laravel/framework/src/Illuminate/Database/Query/Builder.php(2751): Illuminate\\Database\\Connection->select()
#3 /opt/lampp/htdocs/wireless/vendor/laravel/framework/src/Illuminate/Database/Query/Builder.php(2740): Illuminate\\Database\\Query\\Builder->runSelect()
#4 /opt/lampp/htdocs/wireless/vendor/laravel/framework/src/Illuminate/Database/Query/Builder.php(3294): Illuminate\\Database\\Query\\Builder->Illuminate\\Database\\Query\\{closure}()
#5 /opt/lampp/htdocs/wireless/vendor/laravel/framework/src/Illuminate/Database/Query/Builder.php(2739): Illuminate\\Database\\Query\\Builder->onceWithColumns()
#6 /opt/lampp/htdocs/wireless/vendor/laravel/framework/src/Illuminate/Database/Eloquent/Builder.php(737): Illuminate\\Database\\Query\\Builder->get()
#7 /opt/lampp/htdocs/wireless/vendor/laravel/framework/src/Illuminate/Database/Eloquent/Builder.php(721): Illuminate\\Database\\Eloquent\\Builder->getModels()
#8 /opt/lampp/htdocs/wireless/vendor/laravel/framework/src/Illuminate/Database/Concerns/BuildsQueries.php(333): Illuminate\\Database\\Eloquent\\Builder->get()
#9 /opt/lampp/htdocs/wireless/app/Models/TextWidget.php(35): Illuminate\\Database\\Eloquent\\Builder->first()
#10 /opt/lampp/htdocs/wireless/vendor/laravel/framework/src/Illuminate/Collections/helpers.php(224): App\\Models\\TextWidget::App\\Models\\{closure}()
#11 /opt/lampp/htdocs/wireless/vendor/laravel/framework/src/Illuminate/Cache/Repository.php(107): value()
#12 /opt/lampp/htdocs/wireless/vendor/laravel/framework/src/Illuminate/Cache/CacheManager.php(429): Illuminate\\Cache\\Repository->get()
#13 /opt/lampp/htdocs/wireless/vendor/laravel/framework/src/Illuminate/Support/Facades/Facade.php(355): Illuminate\\Cache\\CacheManager->__call()
#14 /opt/lampp/htdocs/wireless/app/Models/TextWidget.php(34): Illuminate\\Support\\Facades\\Facade::__callStatic()
#15 /opt/lampp/htdocs/wireless/storage/framework/views/4918ade9d894dbbdc113be650a0f2910.php(405): App\\Models\\TextWidget::getContent()
#16 /opt/lampp/htdocs/wireless/vendor/laravel/framework/src/Illuminate/Filesystem/Filesystem.php(124): require('...')
#17 /opt/lampp/htdocs/wireless/vendor/laravel/framework/src/Illuminate/Filesystem/Filesystem.php(125): Illuminate\\Filesystem\\Filesystem::Illuminate\\Filesystem\\{closure}()
#18 /opt/lampp/htdocs/wireless/vendor/laravel/framework/src/Illuminate/View/Engines/PhpEngine.php(58): Illuminate\\Filesystem\\Filesystem->getRequire()
#19 /opt/lampp/htdocs/wireless/vendor/livewire/livewire/src/Mechanisms/ExtendBlade/ExtendedCompilerEngine.php(22): Illuminate\\View\\Engines\\PhpEngine->evaluatePath()
#20 /opt/lampp/htdocs/wireless/vendor/laravel/framework/src/Illuminate/View/Engines/CompilerEngine.php(72): Livewire\\Mechanisms\\ExtendBlade\\ExtendedCompilerEngine->evaluatePath()
#21 /opt/lampp/htdocs/wireless/vendor/livewire/livewire/src/Mechanisms/ExtendBlade/ExtendedCompilerEngine.php(10): Illuminate\\View\\Engines\\CompilerEngine->get()
#22 /opt/lampp/htdocs/wireless/vendor/laravel/framework/src/Illuminate/View/View.php(207): Livewire\\Mechanisms\\ExtendBlade\\ExtendedCompilerEngine->get()
#23 /opt/lampp/htdocs/wireless/vendor/laravel/framework/src/Illuminate/View/View.php(190): Illuminate\\View\\View->getContents()
#24 /opt/lampp/htdocs/wireless/vendor/laravel/framework/src/Illuminate/View/View.php(159): Illuminate\\View\\View->renderContents()
#25 /opt/lampp/htdocs/wireless/vendor/laravel/framework/src/Illuminate/View/Concerns/ManagesComponents.php(99): Illuminate\\View\\View->render()
#26 /opt/lampp/htdocs/wireless/storage/framework/views/6c98e84b92353b4122cb1cc648a9d157.php(45): Illuminate\\View\\Factory->renderComponent()
#27 /opt/lampp/htdocs/wireless/vendor/laravel/framework/src/Illuminate/Filesystem/Filesystem.php(124): require('...')
#28 /opt/lampp/htdocs/wireless/vendor/laravel/framework/src/Illuminate/Filesystem/Filesystem.php(125): Illuminate\\Filesystem\\Filesystem::Illuminate\\Filesystem\\{closure}()
#29 /opt/lampp/htdocs/wireless/vendor/laravel/framework/src/Illuminate/View/Engines/PhpEngine.php(58): Illuminate\\Filesystem\\Filesystem->getRequire()
#30 /opt/lampp/htdocs/wireless/vendor/livewire/livewire/src/Mechanisms/ExtendBlade/ExtendedCompilerEngine.php(22): Illuminate\\View\\Engines\\PhpEngine->evaluatePath()
#31 /opt/lampp/htdocs/wireless/vendor/laravel/framework/src/Illuminate/View/Engines/CompilerEngine.php(72): Livewire\\Mechanisms\\ExtendBlade\\ExtendedCompilerEngine->evaluatePath()
#32 /opt/lampp/htdocs/wireless/vendor/livewire/livewire/src/Mechanisms/ExtendBlade/ExtendedCompilerEngine.php(10): Illuminate\\View\\Engines\\CompilerEngine->get()
#33 /opt/lampp/htdocs/wireless/vendor/laravel/framework/src/Illuminate/View/View.php(207): Livewire\\Mechanisms\\ExtendBlade\\ExtendedCompilerEngine->get()
#34 /opt/lampp/htdocs/wireless/vendor/laravel/framework/src/Illuminate/View/View.php(190): Illuminate\\View\\View->getContents()
#35 /opt/lampp/htdocs/wireless/vendor/laravel/framework/src/Illuminate/View/View.php(159): Illuminate\\View\\View->renderContents()
#36 /opt/lampp/htdocs/wireless/vendor/laravel/framework/src/Illuminate/Http/Response.php(69): Illuminate\\View\\View->render()
#37 /opt/lampp/htdocs/wireless/vendor/laravel/framework/src/Illuminate/Http/Response.php(35): Illuminate\\Http\\Response->setContent()
#38 /opt/lampp/htdocs/wireless/vendor/laravel/framework/src/Illuminate/Routing/ResponseFactory.php(57): Illuminate\\Http\\Response->__construct()
#39 /opt/lampp/htdocs/wireless/vendor/laravel/framework/src/Illuminate/Routing/ResponseFactory.php(87): Illuminate\\Routing\\ResponseFactory->make()
#40 /opt/lampp/htdocs/wireless/vendor/laravel/framework/src/Illuminate/Foundation/Exceptions/Handler.php(723): Illuminate\\Routing\\ResponseFactory->view()
#41 /opt/lampp/htdocs/wireless/vendor/laravel/framework/src/Illuminate/Foundation/Exceptions/Handler.php(650): Illuminate\\Foundation\\Exceptions\\Handler->renderHttpException()
#42 /opt/lampp/htdocs/wireless/vendor/laravel/framework/src/Illuminate/Foundation/Exceptions/Handler.php(556): Illuminate\\Foundation\\Exceptions\\Handler->prepareResponse()
#43 /opt/lampp/htdocs/wireless/vendor/laravel/framework/src/Illuminate/Foundation/Exceptions/Handler.php(473): Illuminate\\Foundation\\Exceptions\\Handler->renderExceptionResponse()
#44 /opt/lampp/htdocs/wireless/vendor/laravel/framework/src/Illuminate/Routing/Pipeline.php(51): Illuminate\\Foundation\\Exceptions\\Handler->render()
#45 /opt/lampp/htdocs/wireless/vendor/laravel/framework/src/Illuminate/Pipeline/Pipeline.php(188): Illuminate\\Routing\\Pipeline->handleException()
#46 /opt/lampp/htdocs/wireless/vendor/laravel/framework/src/Illuminate/Pipeline/Pipeline.php(119): Illuminate\\Pipeline\\Pipeline->Illuminate\\Pipeline\\{closure}()
#47 /opt/lampp/htdocs/wireless/vendor/laravel/framework/src/Illuminate/Routing/Router.php(805): Illuminate\\Pipeline\\Pipeline->then()
#48 /opt/lampp/htdocs/wireless/vendor/laravel/framework/src/Illuminate/Routing/Router.php(784): Illuminate\\Routing\\Router->runRouteWithinStack()
#49 /opt/lampp/htdocs/wireless/vendor/laravel/framework/src/Illuminate/Routing/Router.php(748): Illuminate\\Routing\\Router->runRoute()
#50 /opt/lampp/htdocs/wireless/vendor/laravel/framework/src/Illuminate/Routing/Router.php(737): Illuminate\\Routing\\Router->dispatchToRoute()
#51 /opt/lampp/htdocs/wireless/vendor/laravel/framework/src/Illuminate/Foundation/Http/Kernel.php(200): Illuminate\\Routing\\Router->dispatch()
#52 /opt/lampp/htdocs/wireless/vendor/laravel/framework/src/Illuminate/Pipeline/Pipeline.php(144): Illuminate\\Foundation\\Http\\Kernel->Illuminate\\Foundation\\Http\\{closure}()
#53 /opt/lampp/htdocs/wireless/vendor/livewire/livewire/src/Features/SupportDisablingBackButtonCache/DisableBackButtonCacheMiddleware.php(19): Illuminate\\Pipeline\\Pipeline->Illuminate\\Pipeline\\{closure}()
#54 /opt/lampp/htdocs/wireless/vendor/laravel/framework/src/Illuminate/Pipeline/Pipeline.php(183): Livewire\\Features\\SupportDisablingBackButtonCache\\DisableBackButtonCacheMiddleware->handle()
#55 /opt/lampp/htdocs/wireless/vendor/laravel/framework/src/Illuminate/Foundation/Http/Middleware/TransformsRequest.php(21): Illuminate\\Pipeline\\Pipeline->Illuminate\\Pipeline\\{closure}()
#56 /opt/lampp/htdocs/wireless/vendor/laravel/framework/src/Illuminate/Foundation/Http/Middleware/ConvertEmptyStringsToNull.php(31): Illuminate\\Foundation\\Http\\Middleware\\TransformsRequest->handle()
#57 /opt/lampp/htdocs/wireless/vendor/laravel/framework/src/Illuminate/Pipeline/Pipeline.php(183): Illuminate\\Foundation\\Http\\Middleware\\ConvertEmptyStringsToNull->handle()
#58 /opt/lampp/htdocs/wireless/vendor/laravel/framework/src/Illuminate/Foundation/Http/Middleware/TransformsRequest.php(21): Illuminate\\Pipeline\\Pipeline->Illuminate\\Pipeline\\{closure}()
#59 /opt/lampp/htdocs/wireless/vendor/laravel/framework/src/Illuminate/Foundation/Http/Middleware/TrimStrings.php(40): Illuminate\\Foundation\\Http\\Middleware\\TransformsRequest->handle()
#60 /opt/lampp/htdocs/wireless/vendor/laravel/framework/src/Illuminate/Pipeline/Pipeline.php(183): Illuminate\\Foundation\\Http\\Middleware\\TrimStrings->handle()
#61 /opt/lampp/htdocs/wireless/vendor/laravel/framework/src/Illuminate/Foundation/Http/Middleware/ValidatePostSize.php(27): Illuminate\\Pipeline\\Pipeline->Illuminate\\Pipeline\\{closure}()
#62 /opt/lampp/htdocs/wireless/vendor/laravel/framework/src/Illuminate/Pipeline/Pipeline.php(183): Illuminate\\Foundation\\Http\\Middleware\\ValidatePostSize->handle()
#63 /opt/lampp/htdocs/wireless/vendor/laravel/framework/src/Illuminate/Foundation/Http/Middleware/PreventRequestsDuringMaintenance.php(99): Illuminate\\Pipeline\\Pipeline->Illuminate\\Pipeline\\{closure}()
#64 /opt/lampp/htdocs/wireless/vendor/laravel/framework/src/Illuminate/Pipeline/Pipeline.php(183): Illuminate\\Foundation\\Http\\Middleware\\PreventRequestsDuringMaintenance->handle()
#65 /opt/lampp/htdocs/wireless/vendor/laravel/framework/src/Illuminate/Http/Middleware/HandleCors.php(49): Illuminate\\Pipeline\\Pipeline->Illuminate\\Pipeline\\{closure}()
#66 /opt/lampp/htdocs/wireless/vendor/laravel/framework/src/Illuminate/Pipeline/Pipeline.php(183): Illuminate\\Http\\Middleware\\HandleCors->handle()
#67 /opt/lampp/htdocs/wireless/vendor/laravel/framework/src/Illuminate/Http/Middleware/TrustProxies.php(39): Illuminate\\Pipeline\\Pipeline->Illuminate\\Pipeline\\{closure}()
#68 /opt/lampp/htdocs/wireless/vendor/laravel/framework/src/Illuminate/Pipeline/Pipeline.php(183): Illuminate\\Http\\Middleware\\TrustProxies->handle()
#69 /opt/lampp/htdocs/wireless/vendor/laravel/framework/src/Illuminate/Pipeline/Pipeline.php(119): Illuminate\\Pipeline\\Pipeline->Illuminate\\Pipeline\\{closure}()
#70 /opt/lampp/htdocs/wireless/vendor/laravel/framework/src/Illuminate/Foundation/Http/Kernel.php(175): Illuminate\\Pipeline\\Pipeline->then()
#71 /opt/lampp/htdocs/wireless/vendor/laravel/framework/src/Illuminate/Foundation/Http/Kernel.php(144): Illuminate\\Foundation\\Http\\Kernel->sendRequestThroughRouter()
#72 /opt/lampp/htdocs/wireless/public/index.php(51): Illuminate\\Foundation\\Http\\Kernel->handle()
#73 /opt/lampp/htdocs/wireless/vendor/laravel/framework/src/Illuminate/Foundation/resources/server.php(16): require_once('...')
#74 {main}

[previous exception] [object] (PDOException(code: 42S02): SQLSTATE[42S02]: Base table or view not found: 1146 Table 'wireless.text_widgets' doesn't exist at /opt/lampp/htdocs/wireless/vendor/laravel/framework/src/Illuminate/Database/Connection.php:416)
[stacktrace]
#0 /opt/lampp/htdocs/wireless/vendor/laravel/framework/src/Illuminate/Database/Connection.php(416): PDO->prepare()
#1 /opt/lampp/htdocs/wireless/vendor/laravel/framework/src/Illuminate/Database/Connection.php(809): Illuminate\\Database\\Connection->Illuminate\\Database\\{closure}()
#2 /opt/lampp/htdocs/wireless/vendor/laravel/framework/src/Illuminate/Database/Connection.php(776): Illuminate\\Database\\Connection->runQueryCallback()
#3 /opt/lampp/htdocs/wireless/vendor/laravel/framework/src/Illuminate/Database/Connection.php(407): Illuminate\\Database\\Connection->run()
#4 /opt/lampp/htdocs/wireless/vendor/laravel/framework/src/Illuminate/Database/Query/Builder.php(2751): Illuminate\\Database\\Connection->select()
#5 /opt/lampp/htdocs/wireless/vendor/laravel/framework/src/Illuminate/Database/Query/Builder.php(2740): Illuminate\\Database\\Query\\Builder->runSelect()
#6 /opt/lampp/htdocs/wireless/vendor/laravel/framework/src/Illuminate/Database/Query/Builder.php(3294): Illuminate\\Database\\Query\\Builder->Illuminate\\Database\\Query\\{closure}()
#7 /opt/lampp/htdocs/wireless/vendor/laravel/framework/src/Illuminate/Database/Query/Builder.php(2739): Illuminate\\Database\\Query\\Builder->onceWithColumns()
#8 /opt/lampp/htdocs/wireless/vendor/laravel/framework/src/Illuminate/Database/Eloquent/Builder.php(737): Illuminate\\Database\\Query\\Builder->get()
#9 /opt/lampp/htdocs/wireless/vendor/laravel/framework/src/Illuminate/Database/Eloquent/Builder.php(721): Illuminate\\Database\\Eloquent\\Builder->getModels()
#10 /opt/lampp/htdocs/wireless/vendor/laravel/framework/src/Illuminate/Database/Concerns/BuildsQueries.php(333): Illuminate\\Database\\Eloquent\\Builder->get()
#11 /opt/lampp/htdocs/wireless/app/Models/TextWidget.php(35): Illuminate\\Database\\Eloquent\\Builder->first()
#12 /opt/lampp/htdocs/wireless/vendor/laravel/framework/src/Illuminate/Collections/helpers.php(224): App\\Models\\TextWidget::App\\Models\\{closure}()
#13 /opt/lampp/htdocs/wireless/vendor/laravel/framework/src/Illuminate/Cache/Repository.php(107): value()
#14 /opt/lampp/htdocs/wireless/vendor/laravel/framework/src/Illuminate/Cache/CacheManager.php(429): Illuminate\\Cache\\Repository->get()
#15 /opt/lampp/htdocs/wireless/vendor/laravel/framework/src/Illuminate/Support/Facades/Facade.php(355): Illuminate\\Cache\\CacheManager->__call()
#16 /opt/lampp/htdocs/wireless/app/Models/TextWidget.php(34): Illuminate\\Support\\Facades\\Facade::__callStatic()
#17 /opt/lampp/htdocs/wireless/storage/framework/views/4918ade9d894dbbdc113be650a0f2910.php(405): App\\Models\\TextWidget::getContent()
#18 /opt/lampp/htdocs/wireless/vendor/laravel/framework/src/Illuminate/Filesystem/Filesystem.php(124): require('...')
#19 /opt/lampp/htdocs/wireless/vendor/laravel/framework/src/Illuminate/Filesystem/Filesystem.php(125): Illuminate\\Filesystem\\Filesystem::Illuminate\\Filesystem\\{closure}()
#20 /opt/lampp/htdocs/wireless/vendor/laravel/framework/src/Illuminate/View/Engines/PhpEngine.php(58): Illuminate\\Filesystem\\Filesystem->getRequire()
#21 /opt/lampp/htdocs/wireless/vendor/livewire/livewire/src/Mechanisms/ExtendBlade/ExtendedCompilerEngine.php(22): Illuminate\\View\\Engines\\PhpEngine->evaluatePath()
#22 /opt/lampp/htdocs/wireless/vendor/laravel/framework/src/Illuminate/View/Engines/CompilerEngine.php(72): Livewire\\Mechanisms\\ExtendBlade\\ExtendedCompilerEngine->evaluatePath()
#23 /opt/lampp/htdocs/wireless/vendor/livewire/livewire/src/Mechanisms/ExtendBlade/ExtendedCompilerEngine.php(10): Illuminate\\View\\Engines\\CompilerEngine->get()
#24 /opt/lampp/htdocs/wireless/vendor/laravel/framework/src/Illuminate/View/View.php(207): Livewire\\Mechanisms\\ExtendBlade\\ExtendedCompilerEngine->get()
#25 /opt/lampp/htdocs/wireless/vendor/laravel/framework/src/Illuminate/View/View.php(190): Illuminate\\View\\View->getContents()
#26 /opt/lampp/htdocs/wireless/vendor/laravel/framework/src/Illuminate/View/View.php(159): Illuminate\\View\\View->renderContents()
#27 /opt/lampp/htdocs/wireless/vendor/laravel/framework/src/Illuminate/View/Concerns/ManagesComponents.php(99): Illuminate\\View\\View->render()
#28 /opt/lampp/htdocs/wireless/storage/framework/views/6c98e84b92353b4122cb1cc648a9d157.php(45): Illuminate\\View\\Factory->renderComponent()
#29 /opt/lampp/htdocs/wireless/vendor/laravel/framework/src/Illuminate/Filesystem/Filesystem.php(124): require('...')
#30 /opt/lampp/htdocs/wireless/vendor/laravel/framework/src/Illuminate/Filesystem/Filesystem.php(125): Illuminate\\Filesystem\\Filesystem::Illuminate\\Filesystem\\{closure}()
#31 /opt/lampp/htdocs/wireless/vendor/laravel/framework/src/Illuminate/View/Engines/PhpEngine.php(58): Illuminate\\Filesystem\\Filesystem->getRequire()
#32 /opt/lampp/htdocs/wireless/vendor/livewire/livewire/src/Mechanisms/ExtendBlade/ExtendedCompilerEngine.php(22): Illuminate\\View\\Engines\\PhpEngine->evaluatePath()
#33 /opt/lampp/htdocs/wireless/vendor/laravel/framework/src/Illuminate/View/Engines/CompilerEngine.php(72): Livewire\\Mechanisms\\ExtendBlade\\ExtendedCompilerEngine->evaluatePath()
#34 /opt/lampp/htdocs/wireless/vendor/livewire/livewire/src/Mechanisms/ExtendBlade/ExtendedCompilerEngine.php(10): Illuminate\\View\\Engines\\CompilerEngine->get()
#35 /opt/lampp/htdocs/wireless/vendor/laravel/framework/src/Illuminate/View/View.php(207): Livewire\\Mechanisms\\ExtendBlade\\ExtendedCompilerEngine->get()
#36 /opt/lampp/htdocs/wireless/vendor/laravel/framework/src/Illuminate/View/View.php(190): Illuminate\\View\\View->getContents()
#37 /opt/lampp/htdocs/wireless/vendor/laravel/framework/src/Illuminate/View/View.php(159): Illuminate\\View\\View->renderContents()
#38 /opt/lampp/htdocs/wireless/vendor/laravel/framework/src/Illuminate/Http/Response.php(69): Illuminate\\View\\View->render()
#39 /opt/lampp/htdocs/wireless/vendor/laravel/framework/src/Illuminate/Http/Response.php(35): Illuminate\\Http\\Response->setContent()
#40 /opt/lampp/htdocs/wireless/vendor/laravel/framework/src/Illuminate/Routing/ResponseFactory.php(57): Illuminate\\Http\\Response->__construct()
#41 /opt/lampp/htdocs/wireless/vendor/laravel/framework/src/Illuminate/Routing/ResponseFactory.php(87): Illuminate\\Routing\\ResponseFactory->make()
#42 /opt/lampp/htdocs/wireless/vendor/laravel/framework/src/Illuminate/Foundation/Exceptions/Handler.php(723): Illuminate\\Routing\\ResponseFactory->view()
#43 /opt/lampp/htdocs/wireless/vendor/laravel/framework/src/Illuminate/Foundation/Exceptions/Handler.php(650): Illuminate\\Foundation\\Exceptions\\Handler->renderHttpException()
#44 /opt/lampp/htdocs/wireless/vendor/laravel/framework/src/Illuminate/Foundation/Exceptions/Handler.php(556): Illuminate\\Foundation\\Exceptions\\Handler->prepareResponse()
#45 /opt/lampp/htdocs/wireless/vendor/laravel/framework/src/Illuminate/Foundation/Exceptions/Handler.php(473): Illuminate\\Foundation\\Exceptions\\Handler->renderExceptionResponse()
#46 /opt/lampp/htdocs/wireless/vendor/laravel/framework/src/Illuminate/Routing/Pipeline.php(51): Illuminate\\Foundation\\Exceptions\\Handler->render()
#47 /opt/lampp/htdocs/wireless/vendor/laravel/framework/src/Illuminate/Pipeline/Pipeline.php(188): Illuminate\\Routing\\Pipeline->handleException()
#48 /opt/lampp/htdocs/wireless/vendor/laravel/framework/src/Illuminate/Pipeline/Pipeline.php(119): Illuminate\\Pipeline\\Pipeline->Illuminate\\Pipeline\\{closure}()
#49 /opt/lampp/htdocs/wireless/vendor/laravel/framework/src/Illuminate/Routing/Router.php(805): Illuminate\\Pipeline\\Pipeline->then()
#50 /opt/lampp/htdocs/wireless/vendor/laravel/framework/src/Illuminate/Routing/Router.php(784): Illuminate\\Routing\\Router->runRouteWithinStack()
#51 /opt/lampp/htdocs/wireless/vendor/laravel/framework/src/Illuminate/Routing/Router.php(748): Illuminate\\Routing\\Router->runRoute()
#52 /opt/lampp/htdocs/wireless/vendor/laravel/framework/src/Illuminate/Routing/Router.php(737): Illuminate\\Routing\\Router->dispatchToRoute()
#53 /opt/lampp/htdocs/wireless/vendor/laravel/framework/src/Illuminate/Foundation/Http/Kernel.php(200): Illuminate\\Routing\\Router->dispatch()
#54 /opt/lampp/htdocs/wireless/vendor/laravel/framework/src/Illuminate/Pipeline/Pipeline.php(144): Illuminate\\Foundation\\Http\\Kernel->Illuminate\\Foundation\\Http\\{closure}()
#55 /opt/lampp/htdocs/wireless/vendor/livewire/livewire/src/Features/SupportDisablingBackButtonCache/DisableBackButtonCacheMiddleware.php(19): Illuminate\\Pipeline\\Pipeline->Illuminate\\Pipeline\\{closure}()
#56 /opt/lampp/htdocs/wireless/vendor/laravel/framework/src/Illuminate/Pipeline/Pipeline.php(183): Livewire\\Features\\SupportDisablingBackButtonCache\\DisableBackButtonCacheMiddleware->handle()
#57 /opt/lampp/htdocs/wireless/vendor/laravel/framework/src/Illuminate/Foundation/Http/Middleware/TransformsRequest.php(21): Illuminate\\Pipeline\\Pipeline->Illuminate\\Pipeline\\{closure}()
#58 /opt/lampp/htdocs/wireless/vendor/laravel/framework/src/Illuminate/Foundation/Http/Middleware/ConvertEmptyStringsToNull.php(31): Illuminate\\Foundation\\Http\\Middleware\\TransformsRequest->handle()
#59 /opt/lampp/htdocs/wireless/vendor/laravel/framework/src/Illuminate/Pipeline/Pipeline.php(183): Illuminate\\Foundation\\Http\\Middleware\\ConvertEmptyStringsToNull->handle()
#60 /opt/lampp/htdocs/wireless/vendor/laravel/framework/src/Illuminate/Foundation/Http/Middleware/TransformsRequest.php(21): Illuminate\\Pipeline\\Pipeline->Illuminate\\Pipeline\\{closure}()
#61 /opt/lampp/htdocs/wireless/vendor/laravel/framework/src/Illuminate/Foundation/Http/Middleware/TrimStrings.php(40): Illuminate\\Foundation\\Http\\Middleware\\TransformsRequest->handle()
#62 /opt/lampp/htdocs/wireless/vendor/laravel/framework/src/Illuminate/Pipeline/Pipeline.php(183): Illuminate\\Foundation\\Http\\Middleware\\TrimStrings->handle()
#63 /opt/lampp/htdocs/wireless/vendor/laravel/framework/src/Illuminate/Foundation/Http/Middleware/ValidatePostSize.php(27): Illuminate\\Pipeline\\Pipeline->Illuminate\\Pipeline\\{closure}()
#64 /opt/lampp/htdocs/wireless/vendor/laravel/framework/src/Illuminate/Pipeline/Pipeline.php(183): Illuminate\\Foundation\\Http\\Middleware\\ValidatePostSize->handle()
#65 /opt/lampp/htdocs/wireless/vendor/laravel/framework/src/Illuminate/Foundation/Http/Middleware/PreventRequestsDuringMaintenance.php(99): Illuminate\\Pipeline\\Pipeline->Illuminate\\Pipeline\\{closure}()
#66 /opt/lampp/htdocs/wireless/vendor/laravel/framework/src/Illuminate/Pipeline/Pipeline.php(183): Illuminate\\Foundation\\Http\\Middleware\\PreventRequestsDuringMaintenance->handle()
#67 /opt/lampp/htdocs/wireless/vendor/laravel/framework/src/Illuminate/Http/Middleware/HandleCors.php(49): Illuminate\\Pipeline\\Pipeline->Illuminate\\Pipeline\\{closure}()
#68 /opt/lampp/htdocs/wireless/vendor/laravel/framework/src/Illuminate/Pipeline/Pipeline.php(183): Illuminate\\Http\\Middleware\\HandleCors->handle()
#69 /opt/lampp/htdocs/wireless/vendor/laravel/framework/src/Illuminate/Http/Middleware/TrustProxies.php(39): Illuminate\\Pipeline\\Pipeline->Illuminate\\Pipeline\\{closure}()
#70 /opt/lampp/htdocs/wireless/vendor/laravel/framework/src/Illuminate/Pipeline/Pipeline.php(183): Illuminate\\Http\\Middleware\\TrustProxies->handle()
#71 /opt/lampp/htdocs/wireless/vendor/laravel/framework/src/Illuminate/Pipeline/Pipeline.php(119): Illuminate\\Pipeline\\Pipeline->Illuminate\\Pipeline\\{closure}()
#72 /opt/lampp/htdocs/wireless/vendor/laravel/framework/src/Illuminate/Foundation/Http/Kernel.php(175): Illuminate\\Pipeline\\Pipeline->then()
#73 /opt/lampp/htdocs/wireless/vendor/laravel/framework/src/Illuminate/Foundation/Http/Kernel.php(144): Illuminate\\Foundation\\Http\\Kernel->sendRequestThroughRouter()
#74 /opt/lampp/htdocs/wireless/public/index.php(51): Illuminate\\Foundation\\Http\\Kernel->handle()
#75 /opt/lampp/htdocs/wireless/vendor/laravel/framework/src/Illuminate/Foundation/resources/server.php(16): require_once('...')
#76 {main}
"} 
[2026-03-06 13:55:17] production.ERROR: SQLSTATE[HY000] [2002] Unknown error while connecting (Connection: mysql, SQL: select table_name as `name`, (data_length + index_length) as `size`, table_comment as `comment`, engine as `engine`, table_collation as `collation` from information_schema.tables where table_schema = 'wireless' and table_type = 'BASE TABLE' order by table_name) {"exception":"[object] (Illuminate\\Database\\QueryException(code: 2002): SQLSTATE[HY000] [2002] Unknown error while connecting (Connection: mysql, SQL: select table_name as `name`, (data_length + index_length) as `size`, table_comment as `comment`, engine as `engine`, table_collation as `collation` from information_schema.tables where table_schema = 'wireless' and table_type = 'BASE TABLE' order by table_name) at /opt/lampp/htdocs/wireless/vendor/laravel/framework/src/Illuminate/Database/Connection.php:822)
[stacktrace]
#0 /opt/lampp/htdocs/wireless/vendor/laravel/framework/src/Illuminate/Database/Connection.php(776): Illuminate\\Database\\Connection->runQueryCallback()
#1 /opt/lampp/htdocs/wireless/vendor/laravel/framework/src/Illuminate/Database/Connection.php(407): Illuminate\\Database\\Connection->run()
#2 /opt/lampp/htdocs/wireless/vendor/laravel/framework/src/Illuminate/Database/Connection.php(394): Illuminate\\Database\\Connection->select()
#3 /opt/lampp/htdocs/wireless/vendor/laravel/framework/src/Illuminate/Database/Schema/MySqlBuilder.php(41): Illuminate\\Database\\Connection->selectFromWriteConnection()
#4 /opt/lampp/htdocs/wireless/vendor/laravel/framework/src/Illuminate/Database/Schema/Builder.php(162): Illuminate\\Database\\Schema\\MySqlBuilder->getTables()
#5 /opt/lampp/htdocs/wireless/vendor/laravel/framework/src/Illuminate/Database/Migrations/DatabaseMigrationRepository.php(184): Illuminate\\Database\\Schema\\Builder->hasTable()
#6 /opt/lampp/htdocs/wireless/vendor/laravel/framework/src/Illuminate/Database/Migrations/Migrator.php(700): Illuminate\\Database\\Migrations\\DatabaseMigrationRepository->repositoryExists()
#7 /opt/lampp/htdocs/wireless/vendor/laravel/framework/src/Illuminate/Database/Console/Migrations/MigrateCommand.php(140): Illuminate\\Database\\Migrations\\Migrator->repositoryExists()
#8 /opt/lampp/htdocs/wireless/vendor/laravel/framework/src/Illuminate/Support/helpers.php(248): Illuminate\\Database\\Console\\Migrations\\MigrateCommand->Illuminate\\Database\\Console\\Migrations\\{closure}()
#9 /opt/lampp/htdocs/wireless/vendor/laravel/framework/src/Illuminate/Database/Console/Migrations/MigrateCommand.php(140): retry()
#10 /opt/lampp/htdocs/wireless/vendor/laravel/framework/src/Illuminate/Database/Console/Migrations/MigrateCommand.php(116): Illuminate\\Database\\Console\\Migrations\\MigrateCommand->repositoryExists()
#11 /opt/lampp/htdocs/wireless/vendor/laravel/framework/src/Illuminate/Database/Console/Migrations/MigrateCommand.php(84): Illuminate\\Database\\Console\\Migrations\\MigrateCommand->prepareDatabase()
#12 /opt/lampp/htdocs/wireless/vendor/laravel/framework/src/Illuminate/Database/Migrations/Migrator.php(633): Illuminate\\Database\\Console\\Migrations\\MigrateCommand->Illuminate\\Database\\Console\\Migrations\\{closure}()
#13 /opt/lampp/htdocs/wireless/vendor/laravel/framework/src/Illuminate/Database/Console/Migrations/MigrateCommand.php(83): Illuminate\\Database\\Migrations\\Migrator->usingConnection()
#14 /opt/lampp/htdocs/wireless/vendor/laravel/framework/src/Illuminate/Container/BoundMethod.php(36): Illuminate\\Database\\Console\\Migrations\\MigrateCommand->handle()
#15 /opt/lampp/htdocs/wireless/vendor/laravel/framework/src/Illuminate/Container/Util.php(41): Illuminate\\Container\\BoundMethod::Illuminate\\Container\\{closure}()
#16 /opt/lampp/htdocs/wireless/vendor/laravel/framework/src/Illuminate/Container/BoundMethod.php(93): Illuminate\\Container\\Util::unwrapIfClosure()
#17 /opt/lampp/htdocs/wireless/vendor/laravel/framework/src/Illuminate/Container/BoundMethod.php(35): Illuminate\\Container\\BoundMethod::callBoundMethod()
#18 /opt/lampp/htdocs/wireless/vendor/laravel/framework/src/Illuminate/Container/Container.php(662): Illuminate\\Container\\BoundMethod::call()
#19 /opt/lampp/htdocs/wireless/vendor/laravel/framework/src/Illuminate/Console/Command.php(211): Illuminate\\Container\\Container->call()
#20 /opt/lampp/htdocs/wireless/vendor/symfony/console/Command/Command.php(326): Illuminate\\Console\\Command->execute()
#21 /opt/lampp/htdocs/wireless/vendor/laravel/framework/src/Illuminate/Console/Command.php(180): Symfony\\Component\\Console\\Command\\Command->run()
#22 /opt/lampp/htdocs/wireless/vendor/symfony/console/Application.php(1096): Illuminate\\Console\\Command->run()
#23 /opt/lampp/htdocs/wireless/vendor/symfony/console/Application.php(324): Symfony\\Component\\Console\\Application->doRunCommand()
#24 /opt/lampp/htdocs/wireless/vendor/symfony/console/Application.php(175): Symfony\\Component\\Console\\Application->doRun()
#25 /opt/lampp/htdocs/wireless/vendor/laravel/framework/src/Illuminate/Foundation/Console/Kernel.php(201): Symfony\\Component\\Console\\Application->run()
#26 /opt/lampp/htdocs/wireless/artisan(35): Illuminate\\Foundation\\Console\\Kernel->handle()
#27 {main}

[previous exception] [object] (PDOException(code: 2002): SQLSTATE[HY000] [2002] Unknown error while connecting at /opt/lampp/htdocs/wireless/vendor/laravel/framework/src/Illuminate/Database/Connectors/Connector.php:65)
[stacktrace]
#0 /opt/lampp/htdocs/wireless/vendor/laravel/framework/src/Illuminate/Database/Connectors/Connector.php(65): PDO->__construct()
#1 /opt/lampp/htdocs/wireless/vendor/laravel/framework/src/Illuminate/Database/Connectors/Connector.php(44): Illuminate\\Database\\Connectors\\Connector->createPdoConnection()
#2 /opt/lampp/htdocs/wireless/vendor/laravel/framework/src/Illuminate/Database/Connectors/MySqlConnector.php(24): Illuminate\\Database\\Connectors\\Connector->createConnection()
#3 /opt/lampp/htdocs/wireless/vendor/laravel/framework/src/Illuminate/Database/Connectors/ConnectionFactory.php(184): Illuminate\\Database\\Connectors\\MySqlConnector->connect()
#4 [internal function]: Illuminate\\Database\\Connectors\\ConnectionFactory->Illuminate\\Database\\Connectors\\{closure}()
#5 /opt/lampp/htdocs/wireless/vendor/laravel/framework/src/Illuminate/Database/Connection.php(1319): call_user_func()
#6 /opt/lampp/htdocs/wireless/vendor/laravel/framework/src/Illuminate/Database/Connection.php(521): Illuminate\\Database\\Connection->getPdo()
#7 /opt/lampp/htdocs/wireless/vendor/laravel/framework/src/Illuminate/Database/Connection.php(416): Illuminate\\Database\\Connection->getPdoForSelect()
#8 /opt/lampp/htdocs/wireless/vendor/laravel/framework/src/Illuminate/Database/Connection.php(809): Illuminate\\Database\\Connection->Illuminate\\Database\\{closure}()
#9 /opt/lampp/htdocs/wireless/vendor/laravel/framework/src/Illuminate/Database/Connection.php(776): Illuminate\\Database\\Connection->runQueryCallback()
#10 /opt/lampp/htdocs/wireless/vendor/laravel/framework/src/Illuminate/Database/Connection.php(407): Illuminate\\Database\\Connection->run()
#11 /opt/lampp/htdocs/wireless/vendor/laravel/framework/src/Illuminate/Database/Connection.php(394): Illuminate\\Database\\Connection->select()
#12 /opt/lampp/htdocs/wireless/vendor/laravel/framework/src/Illuminate/Database/Schema/MySqlBuilder.php(41): Illuminate\\Database\\Connection->selectFromWriteConnection()
#13 /opt/lampp/htdocs/wireless/vendor/laravel/framework/src/Illuminate/Database/Schema/Builder.php(162): Illuminate\\Database\\Schema\\MySqlBuilder->getTables()
#14 /opt/lampp/htdocs/wireless/vendor/laravel/framework/src/Illuminate/Database/Migrations/DatabaseMigrationRepository.php(184): Illuminate\\Database\\Schema\\Builder->hasTable()
#15 /opt/lampp/htdocs/wireless/vendor/laravel/framework/src/Illuminate/Database/Migrations/Migrator.php(700): Illuminate\\Database\\Migrations\\DatabaseMigrationRepository->repositoryExists()
#16 /opt/lampp/htdocs/wireless/vendor/laravel/framework/src/Illuminate/Database/Console/Migrations/MigrateCommand.php(140): Illuminate\\Database\\Migrations\\Migrator->repositoryExists()
#17 /opt/lampp/htdocs/wireless/vendor/laravel/framework/src/Illuminate/Support/helpers.php(248): Illuminate\\Database\\Console\\Migrations\\MigrateCommand->Illuminate\\Database\\Console\\Migrations\\{closure}()
#18 /opt/lampp/htdocs/wireless/vendor/laravel/framework/src/Illuminate/Database/Console/Migrations/MigrateCommand.php(140): retry()
#19 /opt/lampp/htdocs/wireless/vendor/laravel/framework/src/Illuminate/Database/Console/Migrations/MigrateCommand.php(116): Illuminate\\Database\\Console\\Migrations\\MigrateCommand->repositoryExists()
#20 /opt/lampp/htdocs/wireless/vendor/laravel/framework/src/Illuminate/Database/Console/Migrations/MigrateCommand.php(84): Illuminate\\Database\\Console\\Migrations\\MigrateCommand->prepareDatabase()
#21 /opt/lampp/htdocs/wireless/vendor/laravel/framework/src/Illuminate/Database/Migrations/Migrator.php(633): Illuminate\\Database\\Console\\Migrations\\MigrateCommand->Illuminate\\Database\\Console\\Migrations\\{closure}()
#22 /opt/lampp/htdocs/wireless/vendor/laravel/framework/src/Illuminate/Database/Console/Migrations/MigrateCommand.php(83): Illuminate\\Database\\Migrations\\Migrator->usingConnection()
#23 /opt/lampp/htdocs/wireless/vendor/laravel/framework/src/Illuminate/Container/BoundMethod.php(36): Illuminate\\Database\\Console\\Migrations\\MigrateCommand->handle()
#24 /opt/lampp/htdocs/wireless/vendor/laravel/framework/src/Illuminate/Container/Util.php(41): Illuminate\\Container\\BoundMethod::Illuminate\\Container\\{closure}()
#25 /opt/lampp/htdocs/wireless/vendor/laravel/framework/src/Illuminate/Container/BoundMethod.php(93): Illuminate\\Container\\Util::unwrapIfClosure()
#26 /opt/lampp/htdocs/wireless/vendor/laravel/framework/src/Illuminate/Container/BoundMethod.php(35): Illuminate\\Container\\BoundMethod::callBoundMethod()
#27 /opt/lampp/htdocs/wireless/vendor/laravel/framework/src/Illuminate/Container/Container.php(662): Illuminate\\Container\\BoundMethod::call()
#28 /opt/lampp/htdocs/wireless/vendor/laravel/framework/src/Illuminate/Console/Command.php(211): Illuminate\\Container\\Container->call()
#29 /opt/lampp/htdocs/wireless/vendor/symfony/console/Command/Command.php(326): Illuminate\\Console\\Command->execute()
#30 /opt/lampp/htdocs/wireless/vendor/laravel/framework/src/Illuminate/Console/Command.php(180): Symfony\\Component\\Console\\Command\\Command->run()
#31 /opt/lampp/htdocs/wireless/vendor/symfony/console/Application.php(1096): Illuminate\\Console\\Command->run()
#32 /opt/lampp/htdocs/wireless/vendor/symfony/console/Application.php(324): Symfony\\Component\\Console\\Application->doRunCommand()
#33 /opt/lampp/htdocs/wireless/vendor/symfony/console/Application.php(175): Symfony\\Component\\Console\\Application->doRun()
#34 /opt/lampp/htdocs/wireless/vendor/laravel/framework/src/Illuminate/Foundation/Console/Kernel.php(201): Symfony\\Component\\Console\\Application->run()
#35 /opt/lampp/htdocs/wireless/artisan(35): Illuminate\\Foundation\\Console\\Kernel->handle()
#36 {main}
"} 
[2026-03-06 13:56:34] production.ERROR: SQLSTATE[42S22]: Column not found: 1054 Unknown column 'posts.published_at' in 'where clause' (Connection: mysql, SQL: select * from `posts` where date(`posts`.`published_at`) <= 2026-03-06 order by `published_at` desc limit 1) {"exception":"[object] (Illuminate\\Database\\QueryException(code: 42S22): SQLSTATE[42S22]: Column not found: 1054 Unknown column 'posts.published_at' in 'where clause' (Connection: mysql, SQL: select * from `posts` where date(`posts`.`published_at`) <= 2026-03-06 order by `published_at` desc limit 1) at /opt/lampp/htdocs/wireless/vendor/laravel/framework/src/Illuminate/Database/Connection.php:822)
[stacktrace]
#0 /opt/lampp/htdocs/wireless/vendor/laravel/framework/src/Illuminate/Database/Connection.php(776): Illuminate\\Database\\Connection->runQueryCallback()
#1 /opt/lampp/htdocs/wireless/vendor/laravel/framework/src/Illuminate/Database/Connection.php(407): Illuminate\\Database\\Connection->run()
#2 /opt/lampp/htdocs/wireless/vendor/laravel/framework/src/Illuminate/Database/Query/Builder.php(2751): Illuminate\\Database\\Connection->select()
#3 /opt/lampp/htdocs/wireless/vendor/laravel/framework/src/Illuminate/Database/Query/Builder.php(2740): Illuminate\\Database\\Query\\Builder->runSelect()
#4 /opt/lampp/htdocs/wireless/vendor/laravel/framework/src/Illuminate/Database/Query/Builder.php(3294): Illuminate\\Database\\Query\\Builder->Illuminate\\Database\\Query\\{closure}()
#5 /opt/lampp/htdocs/wireless/vendor/laravel/framework/src/Illuminate/Database/Query/Builder.php(2739): Illuminate\\Database\\Query\\Builder->onceWithColumns()
#6 /opt/lampp/htdocs/wireless/vendor/laravel/framework/src/Illuminate/Database/Eloquent/Builder.php(737): Illuminate\\Database\\Query\\Builder->get()
#7 /opt/lampp/htdocs/wireless/vendor/laravel/framework/src/Illuminate/Database/Eloquent/Builder.php(721): Illuminate\\Database\\Eloquent\\Builder->getModels()
#8 /opt/lampp/htdocs/wireless/vendor/laravel/framework/src/Illuminate/Database/Concerns/BuildsQueries.php(333): Illuminate\\Database\\Eloquent\\Builder->get()
#9 /opt/lampp/htdocs/wireless/app/Http/Controllers/PostController.php(28): Illuminate\\Database\\Eloquent\\Builder->first()
#10 /opt/lampp/htdocs/wireless/vendor/laravel/framework/src/Illuminate/Routing/Controller.php(54): App\\Http\\Controllers\\PostController->home()
#11 /opt/lampp/htdocs/wireless/vendor/laravel/framework/src/Illuminate/Routing/ControllerDispatcher.php(43): Illuminate\\Routing\\Controller->callAction()
#12 /opt/lampp/htdocs/wireless/vendor/laravel/framework/src/Illuminate/Routing/Route.php(259): Illuminate\\Routing\\ControllerDispatcher->dispatch()
#13 /opt/lampp/htdocs/wireless/vendor/laravel/framework/src/Illuminate/Routing/Route.php(205): Illuminate\\Routing\\Route->runController()
#14 /opt/lampp/htdocs/wireless/vendor/laravel/framework/src/Illuminate/Routing/Router.php(806): Illuminate\\Routing\\Route->run()
#15 /opt/lampp/htdocs/wireless/vendor/laravel/framework/src/Illuminate/Pipeline/Pipeline.php(144): Illuminate\\Routing\\Router->Illuminate\\Routing\\{closure}()
#16 /opt/lampp/htdocs/wireless/vendor/laravel/framework/src/Illuminate/Routing/Middleware/SubstituteBindings.php(50): Illuminate\\Pipeline\\Pipeline->Illuminate\\Pipeline\\{closure}()
#17 /opt/lampp/htdocs/wireless/vendor/laravel/framework/src/Illuminate/Pipeline/Pipeline.php(183): Illuminate\\Routing\\Middleware\\SubstituteBindings->handle()
#18 /opt/lampp/htdocs/wireless/vendor/laravel/framework/src/Illuminate/Foundation/Http/Middleware/VerifyCsrfToken.php(78): Illuminate\\Pipeline\\Pipeline->Illuminate\\Pipeline\\{closure}()
#19 /opt/lampp/htdocs/wireless/vendor/laravel/framework/src/Illuminate/Pipeline/Pipeline.php(183): Illuminate\\Foundation\\Http\\Middleware\\VerifyCsrfToken->handle()
#20 /opt/lampp/htdocs/wireless/vendor/laravel/framework/src/Illuminate/View/Middleware/ShareErrorsFromSession.php(49): Illuminate\\Pipeline\\Pipeline->Illuminate\\Pipeline\\{closure}()
#21 /opt/lampp/htdocs/wireless/vendor/laravel/framework/src/Illuminate/Pipeline/Pipeline.php(183): Illuminate\\View\\Middleware\\ShareErrorsFromSession->handle()
#22 /opt/lampp/htdocs/wireless/vendor/laravel/framework/src/Illuminate/Session/Middleware/StartSession.php(121): Illuminate\\Pipeline\\Pipeline->Illuminate\\Pipeline\\{closure}()
#23 /opt/lampp/htdocs/wireless/vendor/laravel/framework/src/Illuminate/Session/Middleware/StartSession.php(64): Illuminate\\Session\\Middleware\\StartSession->handleStatefulRequest()
#24 /opt/lampp/htdocs/wireless/vendor/laravel/framework/src/Illuminate/Pipeline/Pipeline.php(183): Illuminate\\Session\\Middleware\\StartSession->handle()
#25 /opt/lampp/htdocs/wireless/vendor/laravel/framework/src/Illuminate/Cookie/Middleware/AddQueuedCookiesToResponse.php(37): Illuminate\\Pipeline\\Pipeline->Illuminate\\Pipeline\\{closure}()
#26 /opt/lampp/htdocs/wireless/vendor/laravel/framework/src/Illuminate/Pipeline/Pipeline.php(183): Illuminate\\Cookie\\Middleware\\AddQueuedCookiesToResponse->handle()
#27 /opt/lampp/htdocs/wireless/vendor/laravel/framework/src/Illuminate/Cookie/Middleware/EncryptCookies.php(67): Illuminate\\Pipeline\\Pipeline->Illuminate\\Pipeline\\{closure}()
#28 /opt/lampp/htdocs/wireless/vendor/laravel/framework/src/Illuminate/Pipeline/Pipeline.php(183): Illuminate\\Cookie\\Middleware\\EncryptCookies->handle()
#29 /opt/lampp/htdocs/wireless/vendor/laravel/framework/src/Illuminate/Pipeline/Pipeline.php(119): Illuminate\\Pipeline\\Pipeline->Illuminate\\Pipeline\\{closure}()
#30 /opt/lampp/htdocs/wireless/vendor/laravel/framework/src/Illuminate/Routing/Router.php(805): Illuminate\\Pipeline\\Pipeline->then()
#31 /opt/lampp/htdocs/wireless/vendor/laravel/framework/src/Illuminate/Routing/Router.php(784): Illuminate\\Routing\\Router->runRouteWithinStack()
#32 /opt/lampp/htdocs/wireless/vendor/laravel/framework/src/Illuminate/Routing/Router.php(748): Illuminate\\Routing\\Router->runRoute()
#33 /opt/lampp/htdocs/wireless/vendor/laravel/framework/src/Illuminate/Routing/Router.php(737): Illuminate\\Routing\\Router->dispatchToRoute()
#34 /opt/lampp/htdocs/wireless/vendor/laravel/framework/src/Illuminate/Foundation/Http/Kernel.php(200): Illuminate\\Routing\\Router->dispatch()
#35 /opt/lampp/htdocs/wireless/vendor/laravel/framework/src/Illuminate/Pipeline/Pipeline.php(144): Illuminate\\Foundation\\Http\\Kernel->Illuminate\\Foundation\\Http\\{closure}()
#36 /opt/lampp/htdocs/wireless/vendor/livewire/livewire/src/Features/SupportDisablingBackButtonCache/DisableBackButtonCacheMiddleware.php(19): Illuminate\\Pipeline\\Pipeline->Illuminate\\Pipeline\\{closure}()
#37 /opt/lampp/htdocs/wireless/vendor/laravel/framework/src/Illuminate/Pipeline/Pipeline.php(183): Livewire\\Features\\SupportDisablingBackButtonCache\\DisableBackButtonCacheMiddleware->handle()
#38 /opt/lampp/htdocs/wireless/vendor/laravel/framework/src/Illuminate/Foundation/Http/Middleware/TransformsRequest.php(21): Illuminate\\Pipeline\\Pipeline->Illuminate\\Pipeline\\{closure}()
#39 /opt/lampp/htdocs/wireless/vendor/laravel/framework/src/Illuminate/Foundation/Http/Middleware/ConvertEmptyStringsToNull.php(31): Illuminate\\Foundation\\Http\\Middleware\\TransformsRequest->handle()
#40 /opt/lampp/htdocs/wireless/vendor/laravel/framework/src/Illuminate/Pipeline/Pipeline.php(183): Illuminate\\Foundation\\Http\\Middleware\\ConvertEmptyStringsToNull->handle()
#41 /opt/lampp/htdocs/wireless/vendor/laravel/framework/src/Illuminate/Foundation/Http/Middleware/TransformsRequest.php(21): Illuminate\\Pipeline\\Pipeline->Illuminate\\Pipeline\\{closure}()
#42 /opt/lampp/htdocs/wireless/vendor/laravel/framework/src/Illuminate/Foundation/Http/Middleware/TrimStrings.php(40): Illuminate\\Foundation\\Http\\Middleware\\TransformsRequest->handle()
#43 /opt/lampp/htdocs/wireless/vendor/laravel/framework/src/Illuminate/Pipeline/Pipeline.php(183): Illuminate\\Foundation\\Http\\Middleware\\TrimStrings->handle()
#44 /opt/lampp/htdocs/wireless/vendor/laravel/framework/src/Illuminate/Foundation/Http/Middleware/ValidatePostSize.php(27): Illuminate\\Pipeline\\Pipeline->Illuminate\\Pipeline\\{closure}()
#45 /opt/lampp/htdocs/wireless/vendor/laravel/framework/src/Illuminate/Pipeline/Pipeline.php(183): Illuminate\\Foundation\\Http\\Middleware\\ValidatePostSize->handle()
#46 /opt/lampp/htdocs/wireless/vendor/laravel/framework/src/Illuminate/Foundation/Http/Middleware/PreventRequestsDuringMaintenance.php(99): Illuminate\\Pipeline\\Pipeline->Illuminate\\Pipeline\\{closure}()
#47 /opt/lampp/htdocs/wireless/vendor/laravel/framework/src/Illuminate/Pipeline/Pipeline.php(183): Illuminate\\Foundation\\Http\\Middleware\\PreventRequestsDuringMaintenance->handle()
#48 /opt/lampp/htdocs/wireless/vendor/laravel/framework/src/Illuminate/Http/Middleware/HandleCors.php(49): Illuminate\\Pipeline\\Pipeline->Illuminate\\Pipeline\\{closure}()
#49 /opt/lampp/htdocs/wireless/vendor/laravel/framework/src/Illuminate/Pipeline/Pipeline.php(183): Illuminate\\Http\\Middleware\\HandleCors->handle()
#50 /opt/lampp/htdocs/wireless/vendor/laravel/framework/src/Illuminate/Http/Middleware/TrustProxies.php(39): Illuminate\\Pipeline\\Pipeline->Illuminate\\Pipeline\\{closure}()
#51 /opt/lampp/htdocs/wireless/vendor/laravel/framework/src/Illuminate/Pipeline/Pipeline.php(183): Illuminate\\Http\\Middleware\\TrustProxies->handle()
#52 /opt/lampp/htdocs/wireless/vendor/laravel/framework/src/Illuminate/Pipeline/Pipeline.php(119): Illuminate\\Pipeline\\Pipeline->Illuminate\\Pipeline\\{closure}()
#53 /opt/lampp/htdocs/wireless/vendor/laravel/framework/src/Illuminate/Foundation/Http/Kernel.php(175): Illuminate\\Pipeline\\Pipeline->then()
#54 /opt/lampp/htdocs/wireless/vendor/laravel/framework/src/Illuminate/Foundation/Http/Kernel.php(144): Illuminate\\Foundation\\Http\\Kernel->sendRequestThroughRouter()
#55 /opt/lampp/htdocs/wireless/public/index.php(51): Illuminate\\Foundation\\Http\\Kernel->handle()
#56 /opt/lampp/htdocs/wireless/vendor/laravel/framework/src/Illuminate/Foundation/resources/server.php(16): require_once('...')
#57 {main}

[previous exception] [object] (PDOException(code: 42S22): SQLSTATE[42S22]: Column not found: 1054 Unknown column 'posts.published_at' in 'where clause' at /opt/lampp/htdocs/wireless/vendor/laravel/framework/src/Illuminate/Database/Connection.php:416)
[stacktrace]
#0 /opt/lampp/htdocs/wireless/vendor/laravel/framework/src/Illuminate/Database/Connection.php(416): PDO->prepare()
#1 /opt/lampp/htdocs/wireless/vendor/laravel/framework/src/Illuminate/Database/Connection.php(809): Illuminate\\Database\\Connection->Illuminate\\Database\\{closure}()
#2 /opt/lampp/htdocs/wireless/vendor/laravel/framework/src/Illuminate/Database/Connection.php(776): Illuminate\\Database\\Connection->runQueryCallback()
#3 /opt/lampp/htdocs/wireless/vendor/laravel/framework/src/Illuminate/Database/Connection.php(407): Illuminate\\Database\\Connection->run()
#4 /opt/lampp/htdocs/wireless/vendor/laravel/framework/src/Illuminate/Database/Query/Builder.php(2751): Illuminate\\Database\\Connection->select()
#5 /opt/lampp/htdocs/wireless/vendor/laravel/framework/src/Illuminate/Database/Query/Builder.php(2740): Illuminate\\Database\\Query\\Builder->runSelect()
#6 /opt/lampp/htdocs/wireless/vendor/laravel/framework/src/Illuminate/Database/Query/Builder.php(3294): Illuminate\\Database\\Query\\Builder->Illuminate\\Database\\Query\\{closure}()
#7 /opt/lampp/htdocs/wireless/vendor/laravel/framework/src/Illuminate/Database/Query/Builder.php(2739): Illuminate\\Database\\Query\\Builder->onceWithColumns()
#8 /opt/lampp/htdocs/wireless/vendor/laravel/framework/src/Illuminate/Database/Eloquent/Builder.php(737): Illuminate\\Database\\Query\\Builder->get()
#9 /opt/lampp/htdocs/wireless/vendor/laravel/framework/src/Illuminate/Database/Eloquent/Builder.php(721): Illuminate\\Database\\Eloquent\\Builder->getModels()
#10 /opt/lampp/htdocs/wireless/vendor/laravel/framework/src/Illuminate/Database/Concerns/BuildsQueries.php(333): Illuminate\\Database\\Eloquent\\Builder->get()
#11 /opt/lampp/htdocs/wireless/app/Http/Controllers/PostController.php(28): Illuminate\\Database\\Eloquent\\Builder->first()
#12 /opt/lampp/htdocs/wireless/vendor/laravel/framework/src/Illuminate/Routing/Controller.php(54): App\\Http\\Controllers\\PostController->home()
#13 /opt/lampp/htdocs/wireless/vendor/laravel/framework/src/Illuminate/Routing/ControllerDispatcher.php(43): Illuminate\\Routing\\Controller->callAction()
#14 /opt/lampp/htdocs/wireless/vendor/laravel/framework/src/Illuminate/Routing/Route.php(259): Illuminate\\Routing\\ControllerDispatcher->dispatch()
#15 /opt/lampp/htdocs/wireless/vendor/laravel/framework/src/Illuminate/Routing/Route.php(205): Illuminate\\Routing\\Route->runController()
#16 /opt/lampp/htdocs/wireless/vendor/laravel/framework/src/Illuminate/Routing/Router.php(806): Illuminate\\Routing\\Route->run()
#17 /opt/lampp/htdocs/wireless/vendor/laravel/framework/src/Illuminate/Pipeline/Pipeline.php(144): Illuminate\\Routing\\Router->Illuminate\\Routing\\{closure}()
#18 /opt/lampp/htdocs/wireless/vendor/laravel/framework/src/Illuminate/Routing/Middleware/SubstituteBindings.php(50): Illuminate\\Pipeline\\Pipeline->Illuminate\\Pipeline\\{closure}()
#19 /opt/lampp/htdocs/wireless/vendor/laravel/framework/src/Illuminate/Pipeline/Pipeline.php(183): Illuminate\\Routing\\Middleware\\SubstituteBindings->handle()
#20 /opt/lampp/htdocs/wireless/vendor/laravel/framework/src/Illuminate/Foundation/Http/Middleware/VerifyCsrfToken.php(78): Illuminate\\Pipeline\\Pipeline->Illuminate\\Pipeline\\{closure}()
#21 /opt/lampp/htdocs/wireless/vendor/laravel/framework/src/Illuminate/Pipeline/Pipeline.php(183): Illuminate\\Foundation\\Http\\Middleware\\VerifyCsrfToken->handle()
#22 /opt/lampp/htdocs/wireless/vendor/laravel/framework/src/Illuminate/View/Middleware/ShareErrorsFromSession.php(49): Illuminate\\Pipeline\\Pipeline->Illuminate\\Pipeline\\{closure}()
#23 /opt/lampp/htdocs/wireless/vendor/laravel/framework/src/Illuminate/Pipeline/Pipeline.php(183): Illuminate\\View\\Middleware\\ShareErrorsFromSession->handle()
#24 /opt/lampp/htdocs/wireless/vendor/laravel/framework/src/Illuminate/Session/Middleware/StartSession.php(121): Illuminate\\Pipeline\\Pipeline->Illuminate\\Pipeline\\{closure}()
#25 /opt/lampp/htdocs/wireless/vendor/laravel/framework/src/Illuminate/Session/Middleware/StartSession.php(64): Illuminate\\Session\\Middleware\\StartSession->handleStatefulRequest()
#26 /opt/lampp/htdocs/wireless/vendor/laravel/framework/src/Illuminate/Pipeline/Pipeline.php(183): Illuminate\\Session\\Middleware\\StartSession->handle()
#27 /opt/lampp/htdocs/wireless/vendor/laravel/framework/src/Illuminate/Cookie/Middleware/AddQueuedCookiesToResponse.php(37): Illuminate\\Pipeline\\Pipeline->Illuminate\\Pipeline\\{closure}()
#28 /opt/lampp/htdocs/wireless/vendor/laravel/framework/src/Illuminate/Pipeline/Pipeline.php(183): Illuminate\\Cookie\\Middleware\\AddQueuedCookiesToResponse->handle()
#29 /opt/lampp/htdocs/wireless/vendor/laravel/framework/src/Illuminate/Cookie/Middleware/EncryptCookies.php(67): Illuminate\\Pipeline\\Pipeline->Illuminate\\Pipeline\\{closure}()
#30 /opt/lampp/htdocs/wireless/vendor/laravel/framework/src/Illuminate/Pipeline/Pipeline.php(183): Illuminate\\Cookie\\Middleware\\EncryptCookies->handle()
#31 /opt/lampp/htdocs/wireless/vendor/laravel/framework/src/Illuminate/Pipeline/Pipeline.php(119): Illuminate\\Pipeline\\Pipeline->Illuminate\\Pipeline\\{closure}()
#32 /opt/lampp/htdocs/wireless/vendor/laravel/framework/src/Illuminate/Routing/Router.php(805): Illuminate\\Pipeline\\Pipeline->then()
#33 /opt/lampp/htdocs/wireless/vendor/laravel/framework/src/Illuminate/Routing/Router.php(784): Illuminate\\Routing\\Router->runRouteWithinStack()
#34 /opt/lampp/htdocs/wireless/vendor/laravel/framework/src/Illuminate/Routing/Router.php(748): Illuminate\\Routing\\Router->runRoute()
#35 /opt/lampp/htdocs/wireless/vendor/laravel/framework/src/Illuminate/Routing/Router.php(737): Illuminate\\Routing\\Router->dispatchToRoute()
#36 /opt/lampp/htdocs/wireless/vendor/laravel/framework/src/Illuminate/Foundation/Http/Kernel.php(200): Illuminate\\Routing\\Router->dispatch()
#37 /opt/lampp/htdocs/wireless/vendor/laravel/framework/src/Illuminate/Pipeline/Pipeline.php(144): Illuminate\\Foundation\\Http\\Kernel->Illuminate\\Foundation\\Http\\{closure}()
#38 /opt/lampp/htdocs/wireless/vendor/livewire/livewire/src/Features/SupportDisablingBackButtonCache/DisableBackButtonCacheMiddleware.php(19): Illuminate\\Pipeline\\Pipeline->Illuminate\\Pipeline\\{closure}()
#39 /opt/lampp/htdocs/wireless/vendor/laravel/framework/src/Illuminate/Pipeline/Pipeline.php(183): Livewire\\Features\\SupportDisablingBackButtonCache\\DisableBackButtonCacheMiddleware->handle()
#40 /opt/lampp/htdocs/wireless/vendor/laravel/framework/src/Illuminate/Foundation/Http/Middleware/TransformsRequest.php(21): Illuminate\\Pipeline\\Pipeline->Illuminate\\Pipeline\\{closure}()
#41 /opt/lampp/htdocs/wireless/vendor/laravel/framework/src/Illuminate/Foundation/Http/Middleware/ConvertEmptyStringsToNull.php(31): Illuminate\\Foundation\\Http\\Middleware\\TransformsRequest->handle()
#42 /opt/lampp/htdocs/wireless/vendor/laravel/framework/src/Illuminate/Pipeline/Pipeline.php(183): Illuminate\\Foundation\\Http\\Middleware\\ConvertEmptyStringsToNull->handle()
#43 /opt/lampp/htdocs/wireless/vendor/laravel/framework/src/Illuminate/Foundation/Http/Middleware/TransformsRequest.php(21): Illuminate\\Pipeline\\Pipeline->Illuminate\\Pipeline\\{closure}()
#44 /opt/lampp/htdocs/wireless/vendor/laravel/framework/src/Illuminate/Foundation/Http/Middleware/TrimStrings.php(40): Illuminate\\Foundation\\Http\\Middleware\\TransformsRequest->handle()
#45 /opt/lampp/htdocs/wireless/vendor/laravel/framework/src/Illuminate/Pipeline/Pipeline.php(183): Illuminate\\Foundation\\Http\\Middleware\\TrimStrings->handle()
#46 /opt/lampp/htdocs/wireless/vendor/laravel/framework/src/Illuminate/Foundation/Http/Middleware/ValidatePostSize.php(27): Illuminate\\Pipeline\\Pipeline->Illuminate\\Pipeline\\{closure}()
#47 /opt/lampp/htdocs/wireless/vendor/laravel/framework/src/Illuminate/Pipeline/Pipeline.php(183): Illuminate\\Foundation\\Http\\Middleware\\ValidatePostSize->handle()
#48 /opt/lampp/htdocs/wireless/vendor/laravel/framework/src/Illuminate/Foundation/Http/Middleware/PreventRequestsDuringMaintenance.php(99): Illuminate\\Pipeline\\Pipeline->Illuminate\\Pipeline\\{closure}()
#49 /opt/lampp/htdocs/wireless/vendor/laravel/framework/src/Illuminate/Pipeline/Pipeline.php(183): Illuminate\\Foundation\\Http\\Middleware\\PreventRequestsDuringMaintenance->handle()
#50 /opt/lampp/htdocs/wireless/vendor/laravel/framework/src/Illuminate/Http/Middleware/HandleCors.php(49): Illuminate\\Pipeline\\Pipeline->Illuminate\\Pipeline\\{closure}()
#51 /opt/lampp/htdocs/wireless/vendor/laravel/framework/src/Illuminate/Pipeline/Pipeline.php(183): Illuminate\\Http\\Middleware\\HandleCors->handle()
#52 /opt/lampp/htdocs/wireless/vendor/laravel/framework/src/Illuminate/Http/Middleware/TrustProxies.php(39): Illuminate\\Pipeline\\Pipeline->Illuminate\\Pipeline\\{closure}()
#53 /opt/lampp/htdocs/wireless/vendor/laravel/framework/src/Illuminate/Pipeline/Pipeline.php(183): Illuminate\\Http\\Middleware\\TrustProxies->handle()
#54 /opt/lampp/htdocs/wireless/vendor/laravel/framework/src/Illuminate/Pipeline/Pipeline.php(119): Illuminate\\Pipeline\\Pipeline->Illuminate\\Pipeline\\{closure}()
#55 /opt/lampp/htdocs/wireless/vendor/laravel/framework/src/Illuminate/Foundation/Http/Kernel.php(175): Illuminate\\Pipeline\\Pipeline->then()
#56 /opt/lampp/htdocs/wireless/vendor/laravel/framework/src/Illuminate/Foundation/Http/Kernel.php(144): Illuminate\\Foundation\\Http\\Kernel->sendRequestThroughRouter()
#57 /opt/lampp/htdocs/wireless/public/index.php(51): Illuminate\\Foundation\\Http\\Kernel->handle()
#58 /opt/lampp/htdocs/wireless/vendor/laravel/framework/src/Illuminate/Foundation/resources/server.php(16): require_once('...')
#59 {main}
"} 
[2026-03-06 13:56:35] production.ERROR: SQLSTATE[42S02]: Base table or view not found: 1146 Table 'wireless.text_widgets' doesn't exist (Connection: mysql, SQL: select * from `text_widgets` where `key` = about-us-sidebar limit 1) {"view":{"view":"/opt/lampp/htdocs/wireless/resources/views/layouts/app.blade.php","data":[]},"exception":"[object] (Spatie\\LaravelIgnition\\Exceptions\\ViewException(code: 0): SQLSTATE[42S02]: Base table or view not found: 1146 Table 'wireless.text_widgets' doesn't exist (Connection: mysql, SQL: select * from `text_widgets` where `key` = about-us-sidebar limit 1) at /opt/lampp/htdocs/wireless/vendor/laravel/framework/src/Illuminate/Database/Connection.php:822)
[stacktrace]
#0 /opt/lampp/htdocs/wireless/vendor/laravel/framework/src/Illuminate/Database/Connection.php(776): Illuminate\\Database\\Connection->runQueryCallback()
#1 /opt/lampp/htdocs/wireless/vendor/laravel/framework/src/Illuminate/Database/Connection.php(407): Illuminate\\Database\\Connection->run()
#2 /opt/lampp/htdocs/wireless/vendor/laravel/framework/src/Illuminate/Database/Query/Builder.php(2751): Illuminate\\Database\\Connection->select()
#3 /opt/lampp/htdocs/wireless/vendor/laravel/framework/src/Illuminate/Database/Query/Builder.php(2740): Illuminate\\Database\\Query\\Builder->runSelect()
#4 /opt/lampp/htdocs/wireless/vendor/laravel/framework/src/Illuminate/Database/Query/Builder.php(3294): Illuminate\\Database\\Query\\Builder->Illuminate\\Database\\Query\\{closure}()
#5 /opt/lampp/htdocs/wireless/vendor/laravel/framework/src/Illuminate/Database/Query/Builder.php(2739): Illuminate\\Database\\Query\\Builder->onceWithColumns()
#6 /opt/lampp/htdocs/wireless/vendor/laravel/framework/src/Illuminate/Database/Eloquent/Builder.php(737): Illuminate\\Database\\Query\\Builder->get()
#7 /opt/lampp/htdocs/wireless/vendor/laravel/framework/src/Illuminate/Database/Eloquent/Builder.php(721): Illuminate\\Database\\Eloquent\\Builder->getModels()
#8 /opt/lampp/htdocs/wireless/vendor/laravel/framework/src/Illuminate/Database/Concerns/BuildsQueries.php(333): Illuminate\\Database\\Eloquent\\Builder->get()
#9 /opt/lampp/htdocs/wireless/app/Models/TextWidget.php(35): Illuminate\\Database\\Eloquent\\Builder->first()
#10 /opt/lampp/htdocs/wireless/vendor/laravel/framework/src/Illuminate/Collections/helpers.php(224): App\\Models\\TextWidget::App\\Models\\{closure}()
#11 /opt/lampp/htdocs/wireless/vendor/laravel/framework/src/Illuminate/Cache/Repository.php(107): value()
#12 /opt/lampp/htdocs/wireless/vendor/laravel/framework/src/Illuminate/Cache/CacheManager.php(429): Illuminate\\Cache\\Repository->get()
#13 /opt/lampp/htdocs/wireless/vendor/laravel/framework/src/Illuminate/Support/Facades/Facade.php(355): Illuminate\\Cache\\CacheManager->__call()
#14 /opt/lampp/htdocs/wireless/app/Models/TextWidget.php(34): Illuminate\\Support\\Facades\\Facade::__callStatic()
#15 /opt/lampp/htdocs/wireless/resources/views/layouts/app.blade.php(291): App\\Models\\TextWidget::getContent()
#16 /opt/lampp/htdocs/wireless/vendor/laravel/framework/src/Illuminate/Filesystem/Filesystem.php(124): require('...')
#17 /opt/lampp/htdocs/wireless/vendor/laravel/framework/src/Illuminate/Filesystem/Filesystem.php(125): Illuminate\\Filesystem\\Filesystem::Illuminate\\Filesystem\\{closure}()
#18 /opt/lampp/htdocs/wireless/vendor/laravel/framework/src/Illuminate/View/Engines/PhpEngine.php(58): Illuminate\\Filesystem\\Filesystem->getRequire()
#19 /opt/lampp/htdocs/wireless/vendor/livewire/livewire/src/Mechanisms/ExtendBlade/ExtendedCompilerEngine.php(22): Illuminate\\View\\Engines\\PhpEngine->evaluatePath()
#20 /opt/lampp/htdocs/wireless/vendor/laravel/framework/src/Illuminate/View/Engines/CompilerEngine.php(72): Livewire\\Mechanisms\\ExtendBlade\\ExtendedCompilerEngine->evaluatePath()
#21 /opt/lampp/htdocs/wireless/vendor/livewire/livewire/src/Mechanisms/ExtendBlade/ExtendedCompilerEngine.php(10): Illuminate\\View\\Engines\\CompilerEngine->get()
#22 /opt/lampp/htdocs/wireless/vendor/laravel/framework/src/Illuminate/View/View.php(207): Livewire\\Mechanisms\\ExtendBlade\\ExtendedCompilerEngine->get()
#23 /opt/lampp/htdocs/wireless/vendor/laravel/framework/src/Illuminate/View/View.php(190): Illuminate\\View\\View->getContents()
#24 /opt/lampp/htdocs/wireless/vendor/laravel/framework/src/Illuminate/View/View.php(159): Illuminate\\View\\View->renderContents()
#25 /opt/lampp/htdocs/wireless/vendor/laravel/framework/src/Illuminate/View/Concerns/ManagesComponents.php(99): Illuminate\\View\\View->render()
#26 /opt/lampp/htdocs/wireless/resources/views/errors/404.blade.php(45): Illuminate\\View\\Factory->renderComponent()
#27 /opt/lampp/htdocs/wireless/vendor/laravel/framework/src/Illuminate/Filesystem/Filesystem.php(124): require('...')
#28 /opt/lampp/htdocs/wireless/vendor/laravel/framework/src/Illuminate/Filesystem/Filesystem.php(125): Illuminate\\Filesystem\\Filesystem::Illuminate\\Filesystem\\{closure}()
#29 /opt/lampp/htdocs/wireless/vendor/laravel/framework/src/Illuminate/View/Engines/PhpEngine.php(58): Illuminate\\Filesystem\\Filesystem->getRequire()
#30 /opt/lampp/htdocs/wireless/vendor/livewire/livewire/src/Mechanisms/ExtendBlade/ExtendedCompilerEngine.php(22): Illuminate\\View\\Engines\\PhpEngine->evaluatePath()
#31 /opt/lampp/htdocs/wireless/vendor/laravel/framework/src/Illuminate/View/Engines/CompilerEngine.php(72): Livewire\\Mechanisms\\ExtendBlade\\ExtendedCompilerEngine->evaluatePath()
#32 /opt/lampp/htdocs/wireless/vendor/livewire/livewire/src/Mechanisms/ExtendBlade/ExtendedCompilerEngine.php(10): Illuminate\\View\\Engines\\CompilerEngine->get()
#33 /opt/lampp/htdocs/wireless/vendor/laravel/framework/src/Illuminate/View/View.php(207): Livewire\\Mechanisms\\ExtendBlade\\ExtendedCompilerEngine->get()
#34 /opt/lampp/htdocs/wireless/vendor/laravel/framework/src/Illuminate/View/View.php(190): Illuminate\\View\\View->getContents()
#35 /opt/lampp/htdocs/wireless/vendor/laravel/framework/src/Illuminate/View/View.php(159): Illuminate\\View\\View->renderContents()
#36 /opt/lampp/htdocs/wireless/vendor/laravel/framework/src/Illuminate/Http/Response.php(69): Illuminate\\View\\View->render()
#37 /opt/lampp/htdocs/wireless/vendor/laravel/framework/src/Illuminate/Http/Response.php(35): Illuminate\\Http\\Response->setContent()
#38 /opt/lampp/htdocs/wireless/vendor/laravel/framework/src/Illuminate/Routing/ResponseFactory.php(57): Illuminate\\Http\\Response->__construct()
#39 /opt/lampp/htdocs/wireless/vendor/laravel/framework/src/Illuminate/Routing/ResponseFactory.php(87): Illuminate\\Routing\\ResponseFactory->make()
#40 /opt/lampp/htdocs/wireless/vendor/laravel/framework/src/Illuminate/Foundation/Exceptions/Handler.php(723): Illuminate\\Routing\\ResponseFactory->view()
#41 /opt/lampp/htdocs/wireless/vendor/laravel/framework/src/Illuminate/Foundation/Exceptions/Handler.php(650): Illuminate\\Foundation\\Exceptions\\Handler->renderHttpException()
#42 /opt/lampp/htdocs/wireless/vendor/laravel/framework/src/Illuminate/Foundation/Exceptions/Handler.php(556): Illuminate\\Foundation\\Exceptions\\Handler->prepareResponse()
#43 /opt/lampp/htdocs/wireless/vendor/laravel/framework/src/Illuminate/Foundation/Exceptions/Handler.php(473): Illuminate\\Foundation\\Exceptions\\Handler->renderExceptionResponse()
#44 /opt/lampp/htdocs/wireless/vendor/laravel/framework/src/Illuminate/Routing/Pipeline.php(51): Illuminate\\Foundation\\Exceptions\\Handler->render()
#45 /opt/lampp/htdocs/wireless/vendor/laravel/framework/src/Illuminate/Pipeline/Pipeline.php(188): Illuminate\\Routing\\Pipeline->handleException()
#46 /opt/lampp/htdocs/wireless/vendor/laravel/framework/src/Illuminate/Pipeline/Pipeline.php(119): Illuminate\\Pipeline\\Pipeline->Illuminate\\Pipeline\\{closure}()
#47 /opt/lampp/htdocs/wireless/vendor/laravel/framework/src/Illuminate/Routing/Router.php(805): Illuminate\\Pipeline\\Pipeline->then()
#48 /opt/lampp/htdocs/wireless/vendor/laravel/framework/src/Illuminate/Routing/Router.php(784): Illuminate\\Routing\\Router->runRouteWithinStack()
#49 /opt/lampp/htdocs/wireless/vendor/laravel/framework/src/Illuminate/Routing/Router.php(748): Illuminate\\Routing\\Router->runRoute()
#50 /opt/lampp/htdocs/wireless/vendor/laravel/framework/src/Illuminate/Routing/Router.php(737): Illuminate\\Routing\\Router->dispatchToRoute()
#51 /opt/lampp/htdocs/wireless/vendor/laravel/framework/src/Illuminate/Foundation/Http/Kernel.php(200): Illuminate\\Routing\\Router->dispatch()
#52 /opt/lampp/htdocs/wireless/vendor/laravel/framework/src/Illuminate/Pipeline/Pipeline.php(144): Illuminate\\Foundation\\Http\\Kernel->Illuminate\\Foundation\\Http\\{closure}()
#53 /opt/lampp/htdocs/wireless/vendor/livewire/livewire/src/Features/SupportDisablingBackButtonCache/DisableBackButtonCacheMiddleware.php(19): Illuminate\\Pipeline\\Pipeline->Illuminate\\Pipeline\\{closure}()
#54 /opt/lampp/htdocs/wireless/vendor/laravel/framework/src/Illuminate/Pipeline/Pipeline.php(183): Livewire\\Features\\SupportDisablingBackButtonCache\\DisableBackButtonCacheMiddleware->handle()
#55 /opt/lampp/htdocs/wireless/vendor/laravel/framework/src/Illuminate/Foundation/Http/Middleware/TransformsRequest.php(21): Illuminate\\Pipeline\\Pipeline->Illuminate\\Pipeline\\{closure}()
#56 /opt/lampp/htdocs/wireless/vendor/laravel/framework/src/Illuminate/Foundation/Http/Middleware/ConvertEmptyStringsToNull.php(31): Illuminate\\Foundation\\Http\\Middleware\\TransformsRequest->handle()
#57 /opt/lampp/htdocs/wireless/vendor/laravel/framework/src/Illuminate/Pipeline/Pipeline.php(183): Illuminate\\Foundation\\Http\\Middleware\\ConvertEmptyStringsToNull->handle()
#58 /opt/lampp/htdocs/wireless/vendor/laravel/framework/src/Illuminate/Foundation/Http/Middleware/TransformsRequest.php(21): Illuminate\\Pipeline\\Pipeline->Illuminate\\Pipeline\\{closure}()
#59 /opt/lampp/htdocs/wireless/vendor/laravel/framework/src/Illuminate/Foundation/Http/Middleware/TrimStrings.php(40): Illuminate\\Foundation\\Http\\Middleware\\TransformsRequest->handle()
#60 /opt/lampp/htdocs/wireless/vendor/laravel/framework/src/Illuminate/Pipeline/Pipeline.php(183): Illuminate\\Foundation\\Http\\Middleware\\TrimStrings->handle()
#61 /opt/lampp/htdocs/wireless/vendor/laravel/framework/src/Illuminate/Foundation/Http/Middleware/ValidatePostSize.php(27): Illuminate\\Pipeline\\Pipeline->Illuminate\\Pipeline\\{closure}()
#62 /opt/lampp/htdocs/wireless/vendor/laravel/framework/src/Illuminate/Pipeline/Pipeline.php(183): Illuminate\\Foundation\\Http\\Middleware\\ValidatePostSize->handle()
#63 /opt/lampp/htdocs/wireless/vendor/laravel/framework/src/Illuminate/Foundation/Http/Middleware/PreventRequestsDuringMaintenance.php(99): Illuminate\\Pipeline\\Pipeline->Illuminate\\Pipeline\\{closure}()
#64 /opt/lampp/htdocs/wireless/vendor/laravel/framework/src/Illuminate/Pipeline/Pipeline.php(183): Illuminate\\Foundation\\Http\\Middleware\\PreventRequestsDuringMaintenance->handle()
#65 /opt/lampp/htdocs/wireless/vendor/laravel/framework/src/Illuminate/Http/Middleware/HandleCors.php(49): Illuminate\\Pipeline\\Pipeline->Illuminate\\Pipeline\\{closure}()
#66 /opt/lampp/htdocs/wireless/vendor/laravel/framework/src/Illuminate/Pipeline/Pipeline.php(183): Illuminate\\Http\\Middleware\\HandleCors->handle()
#67 /opt/lampp/htdocs/wireless/vendor/laravel/framework/src/Illuminate/Http/Middleware/TrustProxies.php(39): Illuminate\\Pipeline\\Pipeline->Illuminate\\Pipeline\\{closure}()
#68 /opt/lampp/htdocs/wireless/vendor/laravel/framework/src/Illuminate/Pipeline/Pipeline.php(183): Illuminate\\Http\\Middleware\\TrustProxies->handle()
#69 /opt/lampp/htdocs/wireless/vendor/laravel/framework/src/Illuminate/Pipeline/Pipeline.php(119): Illuminate\\Pipeline\\Pipeline->Illuminate\\Pipeline\\{closure}()
#70 /opt/lampp/htdocs/wireless/vendor/laravel/framework/src/Illuminate/Foundation/Http/Kernel.php(175): Illuminate\\Pipeline\\Pipeline->then()
#71 /opt/lampp/htdocs/wireless/vendor/laravel/framework/src/Illuminate/Foundation/Http/Kernel.php(144): Illuminate\\Foundation\\Http\\Kernel->sendRequestThroughRouter()
#72 /opt/lampp/htdocs/wireless/public/index.php(51): Illuminate\\Foundation\\Http\\Kernel->handle()
#73 /opt/lampp/htdocs/wireless/vendor/laravel/framework/src/Illuminate/Foundation/resources/server.php(16): require_once('...')
#74 {main}

[previous exception] [object] (Illuminate\\Database\\QueryException(code: 42S02): SQLSTATE[42S02]: Base table or view not found: 1146 Table 'wireless.text_widgets' doesn't exist (Connection: mysql, SQL: select * from `text_widgets` where `key` = about-us-sidebar limit 1) at /opt/lampp/htdocs/wireless/vendor/laravel/framework/src/Illuminate/Database/Connection.php:822)
[stacktrace]
#0 /opt/lampp/htdocs/wireless/vendor/laravel/framework/src/Illuminate/Database/Connection.php(776): Illuminate\\Database\\Connection->runQueryCallback()
#1 /opt/lampp/htdocs/wireless/vendor/laravel/framework/src/Illuminate/Database/Connection.php(407): Illuminate\\Database\\Connection->run()
#2 /opt/lampp/htdocs/wireless/vendor/laravel/framework/src/Illuminate/Database/Query/Builder.php(2751): Illuminate\\Database\\Connection->select()
#3 /opt/lampp/htdocs/wireless/vendor/laravel/framework/src/Illuminate/Database/Query/Builder.php(2740): Illuminate\\Database\\Query\\Builder->runSelect()
#4 /opt/lampp/htdocs/wireless/vendor/laravel/framework/src/Illuminate/Database/Query/Builder.php(3294): Illuminate\\Database\\Query\\Builder->Illuminate\\Database\\Query\\{closure}()
#5 /opt/lampp/htdocs/wireless/vendor/laravel/framework/src/Illuminate/Database/Query/Builder.php(2739): Illuminate\\Database\\Query\\Builder->onceWithColumns()
#6 /opt/lampp/htdocs/wireless/vendor/laravel/framework/src/Illuminate/Database/Eloquent/Builder.php(737): Illuminate\\Database\\Query\\Builder->get()
#7 /opt/lampp/htdocs/wireless/vendor/laravel/framework/src/Illuminate/Database/Eloquent/Builder.php(721): Illuminate\\Database\\Eloquent\\Builder->getModels()
#8 /opt/lampp/htdocs/wireless/vendor/laravel/framework/src/Illuminate/Database/Concerns/BuildsQueries.php(333): Illuminate\\Database\\Eloquent\\Builder->get()
#9 /opt/lampp/htdocs/wireless/app/Models/TextWidget.php(35): Illuminate\\Database\\Eloquent\\Builder->first()
#10 /opt/lampp/htdocs/wireless/vendor/laravel/framework/src/Illuminate/Collections/helpers.php(224): App\\Models\\TextWidget::App\\Models\\{closure}()
#11 /opt/lampp/htdocs/wireless/vendor/laravel/framework/src/Illuminate/Cache/Repository.php(107): value()
#12 /opt/lampp/htdocs/wireless/vendor/laravel/framework/src/Illuminate/Cache/CacheManager.php(429): Illuminate\\Cache\\Repository->get()
#13 /opt/lampp/htdocs/wireless/vendor/laravel/framework/src/Illuminate/Support/Facades/Facade.php(355): Illuminate\\Cache\\CacheManager->__call()
#14 /opt/lampp/htdocs/wireless/app/Models/TextWidget.php(34): Illuminate\\Support\\Facades\\Facade::__callStatic()
#15 /opt/lampp/htdocs/wireless/storage/framework/views/4918ade9d894dbbdc113be650a0f2910.php(405): App\\Models\\TextWidget::getContent()
#16 /opt/lampp/htdocs/wireless/vendor/laravel/framework/src/Illuminate/Filesystem/Filesystem.php(124): require('...')
#17 /opt/lampp/htdocs/wireless/vendor/laravel/framework/src/Illuminate/Filesystem/Filesystem.php(125): Illuminate\\Filesystem\\Filesystem::Illuminate\\Filesystem\\{closure}()
#18 /opt/lampp/htdocs/wireless/vendor/laravel/framework/src/Illuminate/View/Engines/PhpEngine.php(58): Illuminate\\Filesystem\\Filesystem->getRequire()
#19 /opt/lampp/htdocs/wireless/vendor/livewire/livewire/src/Mechanisms/ExtendBlade/ExtendedCompilerEngine.php(22): Illuminate\\View\\Engines\\PhpEngine->evaluatePath()
#20 /opt/lampp/htdocs/wireless/vendor/laravel/framework/src/Illuminate/View/Engines/CompilerEngine.php(72): Livewire\\Mechanisms\\ExtendBlade\\ExtendedCompilerEngine->evaluatePath()
#21 /opt/lampp/htdocs/wireless/vendor/livewire/livewire/src/Mechanisms/ExtendBlade/ExtendedCompilerEngine.php(10): Illuminate\\View\\Engines\\CompilerEngine->get()
#22 /opt/lampp/htdocs/wireless/vendor/laravel/framework/src/Illuminate/View/View.php(207): Livewire\\Mechanisms\\ExtendBlade\\ExtendedCompilerEngine->get()
#23 /opt/lampp/htdocs/wireless/vendor/laravel/framework/src/Illuminate/View/View.php(190): Illuminate\\View\\View->getContents()
#24 /opt/lampp/htdocs/wireless/vendor/laravel/framework/src/Illuminate/View/View.php(159): Illuminate\\View\\View->renderContents()
#25 /opt/lampp/htdocs/wireless/vendor/laravel/framework/src/Illuminate/View/Concerns/ManagesComponents.php(99): Illuminate\\View\\View->render()
#26 /opt/lampp/htdocs/wireless/storage/framework/views/6c98e84b92353b4122cb1cc648a9d157.php(45): Illuminate\\View\\Factory->renderComponent()
#27 /opt/lampp/htdocs/wireless/vendor/laravel/framework/src/Illuminate/Filesystem/Filesystem.php(124): require('...')
#28 /opt/lampp/htdocs/wireless/vendor/laravel/framework/src/Illuminate/Filesystem/Filesystem.php(125): Illuminate\\Filesystem\\Filesystem::Illuminate\\Filesystem\\{closure}()
#29 /opt/lampp/htdocs/wireless/vendor/laravel/framework/src/Illuminate/View/Engines/PhpEngine.php(58): Illuminate\\Filesystem\\Filesystem->getRequire()
#30 /opt/lampp/htdocs/wireless/vendor/livewire/livewire/src/Mechanisms/ExtendBlade/ExtendedCompilerEngine.php(22): Illuminate\\View\\Engines\\PhpEngine->evaluatePath()
#31 /opt/lampp/htdocs/wireless/vendor/laravel/framework/src/Illuminate/View/Engines/CompilerEngine.php(72): Livewire\\Mechanisms\\ExtendBlade\\ExtendedCompilerEngine->evaluatePath()
#32 /opt/lampp/htdocs/wireless/vendor/livewire/livewire/src/Mechanisms/ExtendBlade/ExtendedCompilerEngine.php(10): Illuminate\\View\\Engines\\CompilerEngine->get()
#33 /opt/lampp/htdocs/wireless/vendor/laravel/framework/src/Illuminate/View/View.php(207): Livewire\\Mechanisms\\ExtendBlade\\ExtendedCompilerEngine->get()
#34 /opt/lampp/htdocs/wireless/vendor/laravel/framework/src/Illuminate/View/View.php(190): Illuminate\\View\\View->getContents()
#35 /opt/lampp/htdocs/wireless/vendor/laravel/framework/src/Illuminate/View/View.php(159): Illuminate\\View\\View->renderContents()
#36 /opt/lampp/htdocs/wireless/vendor/laravel/framework/src/Illuminate/Http/Response.php(69): Illuminate\\View\\View->render()
#37 /opt/lampp/htdocs/wireless/vendor/laravel/framework/src/Illuminate/Http/Response.php(35): Illuminate\\Http\\Response->setContent()
#38 /opt/lampp/htdocs/wireless/vendor/laravel/framework/src/Illuminate/Routing/ResponseFactory.php(57): Illuminate\\Http\\Response->__construct()
#39 /opt/lampp/htdocs/wireless/vendor/laravel/framework/src/Illuminate/Routing/ResponseFactory.php(87): Illuminate\\Routing\\ResponseFactory->make()
#40 /opt/lampp/htdocs/wireless/vendor/laravel/framework/src/Illuminate/Foundation/Exceptions/Handler.php(723): Illuminate\\Routing\\ResponseFactory->view()
#41 /opt/lampp/htdocs/wireless/vendor/laravel/framework/src/Illuminate/Foundation/Exceptions/Handler.php(650): Illuminate\\Foundation\\Exceptions\\Handler->renderHttpException()
#42 /opt/lampp/htdocs/wireless/vendor/laravel/framework/src/Illuminate/Foundation/Exceptions/Handler.php(556): Illuminate\\Foundation\\Exceptions\\Handler->prepareResponse()
#43 /opt/lampp/htdocs/wireless/vendor/laravel/framework/src/Illuminate/Foundation/Exceptions/Handler.php(473): Illuminate\\Foundation\\Exceptions\\Handler->renderExceptionResponse()
#44 /opt/lampp/htdocs/wireless/vendor/laravel/framework/src/Illuminate/Routing/Pipeline.php(51): Illuminate\\Foundation\\Exceptions\\Handler->render()
#45 /opt/lampp/htdocs/wireless/vendor/laravel/framework/src/Illuminate/Pipeline/Pipeline.php(188): Illuminate\\Routing\\Pipeline->handleException()
#46 /opt/lampp/htdocs/wireless/vendor/laravel/framework/src/Illuminate/Pipeline/Pipeline.php(119): Illuminate\\Pipeline\\Pipeline->Illuminate\\Pipeline\\{closure}()
#47 /opt/lampp/htdocs/wireless/vendor/laravel/framework/src/Illuminate/Routing/Router.php(805): Illuminate\\Pipeline\\Pipeline->then()
#48 /opt/lampp/htdocs/wireless/vendor/laravel/framework/src/Illuminate/Routing/Router.php(784): Illuminate\\Routing\\Router->runRouteWithinStack()
#49 /opt/lampp/htdocs/wireless/vendor/laravel/framework/src/Illuminate/Routing/Router.php(748): Illuminate\\Routing\\Router->runRoute()
#50 /opt/lampp/htdocs/wireless/vendor/laravel/framework/src/Illuminate/Routing/Router.php(737): Illuminate\\Routing\\Router->dispatchToRoute()
#51 /opt/lampp/htdocs/wireless/vendor/laravel/framework/src/Illuminate/Foundation/Http/Kernel.php(200): Illuminate\\Routing\\Router->dispatch()
#52 /opt/lampp/htdocs/wireless/vendor/laravel/framework/src/Illuminate/Pipeline/Pipeline.php(144): Illuminate\\Foundation\\Http\\Kernel->Illuminate\\Foundation\\Http\\{closure}()
#53 /opt/lampp/htdocs/wireless/vendor/livewire/livewire/src/Features/SupportDisablingBackButtonCache/DisableBackButtonCacheMiddleware.php(19): Illuminate\\Pipeline\\Pipeline->Illuminate\\Pipeline\\{closure}()
#54 /opt/lampp/htdocs/wireless/vendor/laravel/framework/src/Illuminate/Pipeline/Pipeline.php(183): Livewire\\Features\\SupportDisablingBackButtonCache\\DisableBackButtonCacheMiddleware->handle()
#55 /opt/lampp/htdocs/wireless/vendor/laravel/framework/src/Illuminate/Foundation/Http/Middleware/TransformsRequest.php(21): Illuminate\\Pipeline\\Pipeline->Illuminate\\Pipeline\\{closure}()
#56 /opt/lampp/htdocs/wireless/vendor/laravel/framework/src/Illuminate/Foundation/Http/Middleware/ConvertEmptyStringsToNull.php(31): Illuminate\\Foundation\\Http\\Middleware\\TransformsRequest->handle()
#57 /opt/lampp/htdocs/wireless/vendor/laravel/framework/src/Illuminate/Pipeline/Pipeline.php(183): Illuminate\\Foundation\\Http\\Middleware\\ConvertEmptyStringsToNull->handle()
#58 /opt/lampp/htdocs/wireless/vendor/laravel/framework/src/Illuminate/Foundation/Http/Middleware/TransformsRequest.php(21): Illuminate\\Pipeline\\Pipeline->Illuminate\\Pipeline\\{closure}()
#59 /opt/lampp/htdocs/wireless/vendor/laravel/framework/src/Illuminate/Foundation/Http/Middleware/TrimStrings.php(40): Illuminate\\Foundation\\Http\\Middleware\\TransformsRequest->handle()
#60 /opt/lampp/htdocs/wireless/vendor/laravel/framework/src/Illuminate/Pipeline/Pipeline.php(183): Illuminate\\Foundation\\Http\\Middleware\\TrimStrings->handle()
#61 /opt/lampp/htdocs/wireless/vendor/laravel/framework/src/Illuminate/Foundation/Http/Middleware/ValidatePostSize.php(27): Illuminate\\Pipeline\\Pipeline->Illuminate\\Pipeline\\{closure}()
#62 /opt/lampp/htdocs/wireless/vendor/laravel/framework/src/Illuminate/Pipeline/Pipeline.php(183): Illuminate\\Foundation\\Http\\Middleware\\ValidatePostSize->handle()
#63 /opt/lampp/htdocs/wireless/vendor/laravel/framework/src/Illuminate/Foundation/Http/Middleware/PreventRequestsDuringMaintenance.php(99): Illuminate\\Pipeline\\Pipeline->Illuminate\\Pipeline\\{closure}()
#64 /opt/lampp/htdocs/wireless/vendor/laravel/framework/src/Illuminate/Pipeline/Pipeline.php(183): Illuminate\\Foundation\\Http\\Middleware\\PreventRequestsDuringMaintenance->handle()
#65 /opt/lampp/htdocs/wireless/vendor/laravel/framework/src/Illuminate/Http/Middleware/HandleCors.php(49): Illuminate\\Pipeline\\Pipeline->Illuminate\\Pipeline\\{closure}()
#66 /opt/lampp/htdocs/wireless/vendor/laravel/framework/src/Illuminate/Pipeline/Pipeline.php(183): Illuminate\\Http\\Middleware\\HandleCors->handle()
#67 /opt/lampp/htdocs/wireless/vendor/laravel/framework/src/Illuminate/Http/Middleware/TrustProxies.php(39): Illuminate\\Pipeline\\Pipeline->Illuminate\\Pipeline\\{closure}()
#68 /opt/lampp/htdocs/wireless/vendor/laravel/framework/src/Illuminate/Pipeline/Pipeline.php(183): Illuminate\\Http\\Middleware\\TrustProxies->handle()
#69 /opt/lampp/htdocs/wireless/vendor/laravel/framework/src/Illuminate/Pipeline/Pipeline.php(119): Illuminate\\Pipeline\\Pipeline->Illuminate\\Pipeline\\{closure}()
#70 /opt/lampp/htdocs/wireless/vendor/laravel/framework/src/Illuminate/Foundation/Http/Kernel.php(175): Illuminate\\Pipeline\\Pipeline->then()
#71 /opt/lampp/htdocs/wireless/vendor/laravel/framework/src/Illuminate/Foundation/Http/Kernel.php(144): Illuminate\\Foundation\\Http\\Kernel->sendRequestThroughRouter()
#72 /opt/lampp/htdocs/wireless/public/index.php(51): Illuminate\\Foundation\\Http\\Kernel->handle()
#73 /opt/lampp/htdocs/wireless/vendor/laravel/framework/src/Illuminate/Foundation/resources/server.php(16): require_once('...')
#74 {main}

[previous exception] [object] (PDOException(code: 42S02): SQLSTATE[42S02]: Base table or view not found: 1146 Table 'wireless.text_widgets' doesn't exist at /opt/lampp/htdocs/wireless/vendor/laravel/framework/src/Illuminate/Database/Connection.php:416)
[stacktrace]
#0 /opt/lampp/htdocs/wireless/vendor/laravel/framework/src/Illuminate/Database/Connection.php(416): PDO->prepare()
#1 /opt/lampp/htdocs/wireless/vendor/laravel/framework/src/Illuminate/Database/Connection.php(809): Illuminate\\Database\\Connection->Illuminate\\Database\\{closure}()
#2 /opt/lampp/htdocs/wireless/vendor/laravel/framework/src/Illuminate/Database/Connection.php(776): Illuminate\\Database\\Connection->runQueryCallback()
#3 /opt/lampp/htdocs/wireless/vendor/laravel/framework/src/Illuminate/Database/Connection.php(407): Illuminate\\Database\\Connection->run()
#4 /opt/lampp/htdocs/wireless/vendor/laravel/framework/src/Illuminate/Database/Query/Builder.php(2751): Illuminate\\Database\\Connection->select()
#5 /opt/lampp/htdocs/wireless/vendor/laravel/framework/src/Illuminate/Database/Query/Builder.php(2740): Illuminate\\Database\\Query\\Builder->runSelect()
#6 /opt/lampp/htdocs/wireless/vendor/laravel/framework/src/Illuminate/Database/Query/Builder.php(3294): Illuminate\\Database\\Query\\Builder->Illuminate\\Database\\Query\\{closure}()
#7 /opt/lampp/htdocs/wireless/vendor/laravel/framework/src/Illuminate/Database/Query/Builder.php(2739): Illuminate\\Database\\Query\\Builder->onceWithColumns()
#8 /opt/lampp/htdocs/wireless/vendor/laravel/framework/src/Illuminate/Database/Eloquent/Builder.php(737): Illuminate\\Database\\Query\\Builder->get()
#9 /opt/lampp/htdocs/wireless/vendor/laravel/framework/src/Illuminate/Database/Eloquent/Builder.php(721): Illuminate\\Database\\Eloquent\\Builder->getModels()
#10 /opt/lampp/htdocs/wireless/vendor/laravel/framework/src/Illuminate/Database/Concerns/BuildsQueries.php(333): Illuminate\\Database\\Eloquent\\Builder->get()
#11 /opt/lampp/htdocs/wireless/app/Models/TextWidget.php(35): Illuminate\\Database\\Eloquent\\Builder->first()
#12 /opt/lampp/htdocs/wireless/vendor/laravel/framework/src/Illuminate/Collections/helpers.php(224): App\\Models\\TextWidget::App\\Models\\{closure}()
#13 /opt/lampp/htdocs/wireless/vendor/laravel/framework/src/Illuminate/Cache/Repository.php(107): value()
#14 /opt/lampp/htdocs/wireless/vendor/laravel/framework/src/Illuminate/Cache/CacheManager.php(429): Illuminate\\Cache\\Repository->get()
#15 /opt/lampp/htdocs/wireless/vendor/laravel/framework/src/Illuminate/Support/Facades/Facade.php(355): Illuminate\\Cache\\CacheManager->__call()
#16 /opt/lampp/htdocs/wireless/app/Models/TextWidget.php(34): Illuminate\\Support\\Facades\\Facade::__callStatic()
#17 /opt/lampp/htdocs/wireless/storage/framework/views/4918ade9d894dbbdc113be650a0f2910.php(405): App\\Models\\TextWidget::getContent()
#18 /opt/lampp/htdocs/wireless/vendor/laravel/framework/src/Illuminate/Filesystem/Filesystem.php(124): require('...')
#19 /opt/lampp/htdocs/wireless/vendor/laravel/framework/src/Illuminate/Filesystem/Filesystem.php(125): Illuminate\\Filesystem\\Filesystem::Illuminate\\Filesystem\\{closure}()
#20 /opt/lampp/htdocs/wireless/vendor/laravel/framework/src/Illuminate/View/Engines/PhpEngine.php(58): Illuminate\\Filesystem\\Filesystem->getRequire()
#21 /opt/lampp/htdocs/wireless/vendor/livewire/livewire/src/Mechanisms/ExtendBlade/ExtendedCompilerEngine.php(22): Illuminate\\View\\Engines\\PhpEngine->evaluatePath()
#22 /opt/lampp/htdocs/wireless/vendor/laravel/framework/src/Illuminate/View/Engines/CompilerEngine.php(72): Livewire\\Mechanisms\\ExtendBlade\\ExtendedCompilerEngine->evaluatePath()
#23 /opt/lampp/htdocs/wireless/vendor/livewire/livewire/src/Mechanisms/ExtendBlade/ExtendedCompilerEngine.php(10): Illuminate\\View\\Engines\\CompilerEngine->get()
#24 /opt/lampp/htdocs/wireless/vendor/laravel/framework/src/Illuminate/View/View.php(207): Livewire\\Mechanisms\\ExtendBlade\\ExtendedCompilerEngine->get()
#25 /opt/lampp/htdocs/wireless/vendor/laravel/framework/src/Illuminate/View/View.php(190): Illuminate\\View\\View->getContents()
#26 /opt/lampp/htdocs/wireless/vendor/laravel/framework/src/Illuminate/View/View.php(159): Illuminate\\View\\View->renderContents()
#27 /opt/lampp/htdocs/wireless/vendor/laravel/framework/src/Illuminate/View/Concerns/ManagesComponents.php(99): Illuminate\\View\\View->render()
#28 /opt/lampp/htdocs/wireless/storage/framework/views/6c98e84b92353b4122cb1cc648a9d157.php(45): Illuminate\\View\\Factory->renderComponent()
#29 /opt/lampp/htdocs/wireless/vendor/laravel/framework/src/Illuminate/Filesystem/Filesystem.php(124): require('...')
#30 /opt/lampp/htdocs/wireless/vendor/laravel/framework/src/Illuminate/Filesystem/Filesystem.php(125): Illuminate\\Filesystem\\Filesystem::Illuminate\\Filesystem\\{closure}()
#31 /opt/lampp/htdocs/wireless/vendor/laravel/framework/src/Illuminate/View/Engines/PhpEngine.php(58): Illuminate\\Filesystem\\Filesystem->getRequire()
#32 /opt/lampp/htdocs/wireless/vendor/livewire/livewire/src/Mechanisms/ExtendBlade/ExtendedCompilerEngine.php(22): Illuminate\\View\\Engines\\PhpEngine->evaluatePath()
#33 /opt/lampp/htdocs/wireless/vendor/laravel/framework/src/Illuminate/View/Engines/CompilerEngine.php(72): Livewire\\Mechanisms\\ExtendBlade\\ExtendedCompilerEngine->evaluatePath()
#34 /opt/lampp/htdocs/wireless/vendor/livewire/livewire/src/Mechanisms/ExtendBlade/ExtendedCompilerEngine.php(10): Illuminate\\View\\Engines\\CompilerEngine->get()
#35 /opt/lampp/htdocs/wireless/vendor/laravel/framework/src/Illuminate/View/View.php(207): Livewire\\Mechanisms\\ExtendBlade\\ExtendedCompilerEngine->get()
#36 /opt/lampp/htdocs/wireless/vendor/laravel/framework/src/Illuminate/View/View.php(190): Illuminate\\View\\View->getContents()
#37 /opt/lampp/htdocs/wireless/vendor/laravel/framework/src/Illuminate/View/View.php(159): Illuminate\\View\\View->renderContents()
#38 /opt/lampp/htdocs/wireless/vendor/laravel/framework/src/Illuminate/Http/Response.php(69): Illuminate\\View\\View->render()
#39 /opt/lampp/htdocs/wireless/vendor/laravel/framework/src/Illuminate/Http/Response.php(35): Illuminate\\Http\\Response->setContent()
#40 /opt/lampp/htdocs/wireless/vendor/laravel/framework/src/Illuminate/Routing/ResponseFactory.php(57): Illuminate\\Http\\Response->__construct()
#41 /opt/lampp/htdocs/wireless/vendor/laravel/framework/src/Illuminate/Routing/ResponseFactory.php(87): Illuminate\\Routing\\ResponseFactory->make()
#42 /opt/lampp/htdocs/wireless/vendor/laravel/framework/src/Illuminate/Foundation/Exceptions/Handler.php(723): Illuminate\\Routing\\ResponseFactory->view()
#43 /opt/lampp/htdocs/wireless/vendor/laravel/framework/src/Illuminate/Foundation/Exceptions/Handler.php(650): Illuminate\\Foundation\\Exceptions\\Handler->renderHttpException()
#44 /opt/lampp/htdocs/wireless/vendor/laravel/framework/src/Illuminate/Foundation/Exceptions/Handler.php(556): Illuminate\\Foundation\\Exceptions\\Handler->prepareResponse()
#45 /opt/lampp/htdocs/wireless/vendor/laravel/framework/src/Illuminate/Foundation/Exceptions/Handler.php(473): Illuminate\\Foundation\\Exceptions\\Handler->renderExceptionResponse()
#46 /opt/lampp/htdocs/wireless/vendor/laravel/framework/src/Illuminate/Routing/Pipeline.php(51): Illuminate\\Foundation\\Exceptions\\Handler->render()
#47 /opt/lampp/htdocs/wireless/vendor/laravel/framework/src/Illuminate/Pipeline/Pipeline.php(188): Illuminate\\Routing\\Pipeline->handleException()
#48 /opt/lampp/htdocs/wireless/vendor/laravel/framework/src/Illuminate/Pipeline/Pipeline.php(119): Illuminate\\Pipeline\\Pipeline->Illuminate\\Pipeline\\{closure}()
#49 /opt/lampp/htdocs/wireless/vendor/laravel/framework/src/Illuminate/Routing/Router.php(805): Illuminate\\Pipeline\\Pipeline->then()
#50 /opt/lampp/htdocs/wireless/vendor/laravel/framework/src/Illuminate/Routing/Router.php(784): Illuminate\\Routing\\Router->runRouteWithinStack()
#51 /opt/lampp/htdocs/wireless/vendor/laravel/framework/src/Illuminate/Routing/Router.php(748): Illuminate\\Routing\\Router->runRoute()
#52 /opt/lampp/htdocs/wireless/vendor/laravel/framework/src/Illuminate/Routing/Router.php(737): Illuminate\\Routing\\Router->dispatchToRoute()
#53 /opt/lampp/htdocs/wireless/vendor/laravel/framework/src/Illuminate/Foundation/Http/Kernel.php(200): Illuminate\\Routing\\Router->dispatch()
#54 /opt/lampp/htdocs/wireless/vendor/laravel/framework/src/Illuminate/Pipeline/Pipeline.php(144): Illuminate\\Foundation\\Http\\Kernel->Illuminate\\Foundation\\Http\\{closure}()
#55 /opt/lampp/htdocs/wireless/vendor/livewire/livewire/src/Features/SupportDisablingBackButtonCache/DisableBackButtonCacheMiddleware.php(19): Illuminate\\Pipeline\\Pipeline->Illuminate\\Pipeline\\{closure}()
#56 /opt/lampp/htdocs/wireless/vendor/laravel/framework/src/Illuminate/Pipeline/Pipeline.php(183): Livewire\\Features\\SupportDisablingBackButtonCache\\DisableBackButtonCacheMiddleware->handle()
#57 /opt/lampp/htdocs/wireless/vendor/laravel/framework/src/Illuminate/Foundation/Http/Middleware/TransformsRequest.php(21): Illuminate\\Pipeline\\Pipeline->Illuminate\\Pipeline\\{closure}()
#58 /opt/lampp/htdocs/wireless/vendor/laravel/framework/src/Illuminate/Foundation/Http/Middleware/ConvertEmptyStringsToNull.php(31): Illuminate\\Foundation\\Http\\Middleware\\TransformsRequest->handle()
#59 /opt/lampp/htdocs/wireless/vendor/laravel/framework/src/Illuminate/Pipeline/Pipeline.php(183): Illuminate\\Foundation\\Http\\Middleware\\ConvertEmptyStringsToNull->handle()
#60 /opt/lampp/htdocs/wireless/vendor/laravel/framework/src/Illuminate/Foundation/Http/Middleware/TransformsRequest.php(21): Illuminate\\Pipeline\\Pipeline->Illuminate\\Pipeline\\{closure}()
#61 /opt/lampp/htdocs/wireless/vendor/laravel/framework/src/Illuminate/Foundation/Http/Middleware/TrimStrings.php(40): Illuminate\\Foundation\\Http\\Middleware\\TransformsRequest->handle()
#62 /opt/lampp/htdocs/wireless/vendor/laravel/framework/src/Illuminate/Pipeline/Pipeline.php(183): Illuminate\\Foundation\\Http\\Middleware\\TrimStrings->handle()
#63 /opt/lampp/htdocs/wireless/vendor/laravel/framework/src/Illuminate/Foundation/Http/Middleware/ValidatePostSize.php(27): Illuminate\\Pipeline\\Pipeline->Illuminate\\Pipeline\\{closure}()
#64 /opt/lampp/htdocs/wireless/vendor/laravel/framework/src/Illuminate/Pipeline/Pipeline.php(183): Illuminate\\Foundation\\Http\\Middleware\\ValidatePostSize->handle()
#65 /opt/lampp/htdocs/wireless/vendor/laravel/framework/src/Illuminate/Foundation/Http/Middleware/PreventRequestsDuringMaintenance.php(99): Illuminate\\Pipeline\\Pipeline->Illuminate\\Pipeline\\{closure}()
#66 /opt/lampp/htdocs/wireless/vendor/laravel/framework/src/Illuminate/Pipeline/Pipeline.php(183): Illuminate\\Foundation\\Http\\Middleware\\PreventRequestsDuringMaintenance->handle()
#67 /opt/lampp/htdocs/wireless/vendor/laravel/framework/src/Illuminate/Http/Middleware/HandleCors.php(49): Illuminate\\Pipeline\\Pipeline->Illuminate\\Pipeline\\{closure}()
#68 /opt/lampp/htdocs/wireless/vendor/laravel/framework/src/Illuminate/Pipeline/Pipeline.php(183): Illuminate\\Http\\Middleware\\HandleCors->handle()
#69 /opt/lampp/htdocs/wireless/vendor/laravel/framework/src/Illuminate/Http/Middleware/TrustProxies.php(39): Illuminate\\Pipeline\\Pipeline->Illuminate\\Pipeline\\{closure}()
#70 /opt/lampp/htdocs/wireless/vendor/laravel/framework/src/Illuminate/Pipeline/Pipeline.php(183): Illuminate\\Http\\Middleware\\TrustProxies->handle()
#71 /opt/lampp/htdocs/wireless/vendor/laravel/framework/src/Illuminate/Pipeline/Pipeline.php(119): Illuminate\\Pipeline\\Pipeline->Illuminate\\Pipeline\\{closure}()
#72 /opt/lampp/htdocs/wireless/vendor/laravel/framework/src/Illuminate/Foundation/Http/Kernel.php(175): Illuminate\\Pipeline\\Pipeline->then()
#73 /opt/lampp/htdocs/wireless/vendor/laravel/framework/src/Illuminate/Foundation/Http/Kernel.php(144): Illuminate\\Foundation\\Http\\Kernel->sendRequestThroughRouter()
#74 /opt/lampp/htdocs/wireless/public/index.php(51): Illuminate\\Foundation\\Http\\Kernel->handle()
#75 /opt/lampp/htdocs/wireless/vendor/laravel/framework/src/Illuminate/Foundation/resources/server.php(16): require_once('...')
#76 {main}
"} 
[2026-03-06 13:56:35] production.ERROR: SQLSTATE[42S22]: Column not found: 1054 Unknown column 'posts.published_at' in 'where clause' (Connection: mysql, SQL: select * from `posts` where date(`posts`.`published_at`) <= 2026-03-06 order by `published_at` desc limit 1) {"exception":"[object] (Illuminate\\Database\\QueryException(code: 42S22): SQLSTATE[42S22]: Column not found: 1054 Unknown column 'posts.published_at' in 'where clause' (Connection: mysql, SQL: select * from `posts` where date(`posts`.`published_at`) <= 2026-03-06 order by `published_at` desc limit 1) at /opt/lampp/htdocs/wireless/vendor/laravel/framework/src/Illuminate/Database/Connection.php:822)
[stacktrace]
#0 /opt/lampp/htdocs/wireless/vendor/laravel/framework/src/Illuminate/Database/Connection.php(776): Illuminate\\Database\\Connection->runQueryCallback()
#1 /opt/lampp/htdocs/wireless/vendor/laravel/framework/src/Illuminate/Database/Connection.php(407): Illuminate\\Database\\Connection->run()
#2 /opt/lampp/htdocs/wireless/vendor/laravel/framework/src/Illuminate/Database/Query/Builder.php(2751): Illuminate\\Database\\Connection->select()
#3 /opt/lampp/htdocs/wireless/vendor/laravel/framework/src/Illuminate/Database/Query/Builder.php(2740): Illuminate\\Database\\Query\\Builder->runSelect()
#4 /opt/lampp/htdocs/wireless/vendor/laravel/framework/src/Illuminate/Database/Query/Builder.php(3294): Illuminate\\Database\\Query\\Builder->Illuminate\\Database\\Query\\{closure}()
#5 /opt/lampp/htdocs/wireless/vendor/laravel/framework/src/Illuminate/Database/Query/Builder.php(2739): Illuminate\\Database\\Query\\Builder->onceWithColumns()
#6 /opt/lampp/htdocs/wireless/vendor/laravel/framework/src/Illuminate/Database/Eloquent/Builder.php(737): Illuminate\\Database\\Query\\Builder->get()
#7 /opt/lampp/htdocs/wireless/vendor/laravel/framework/src/Illuminate/Database/Eloquent/Builder.php(721): Illuminate\\Database\\Eloquent\\Builder->getModels()
#8 /opt/lampp/htdocs/wireless/vendor/laravel/framework/src/Illuminate/Database/Concerns/BuildsQueries.php(333): Illuminate\\Database\\Eloquent\\Builder->get()
#9 /opt/lampp/htdocs/wireless/app/Http/Controllers/PostController.php(28): Illuminate\\Database\\Eloquent\\Builder->first()
#10 /opt/lampp/htdocs/wireless/vendor/laravel/framework/src/Illuminate/Routing/Controller.php(54): App\\Http\\Controllers\\PostController->home()
#11 /opt/lampp/htdocs/wireless/vendor/laravel/framework/src/Illuminate/Routing/ControllerDispatcher.php(43): Illuminate\\Routing\\Controller->callAction()
#12 /opt/lampp/htdocs/wireless/vendor/laravel/framework/src/Illuminate/Routing/Route.php(259): Illuminate\\Routing\\ControllerDispatcher->dispatch()
#13 /opt/lampp/htdocs/wireless/vendor/laravel/framework/src/Illuminate/Routing/Route.php(205): Illuminate\\Routing\\Route->runController()
#14 /opt/lampp/htdocs/wireless/vendor/laravel/framework/src/Illuminate/Routing/Router.php(806): Illuminate\\Routing\\Route->run()
#15 /opt/lampp/htdocs/wireless/vendor/laravel/framework/src/Illuminate/Pipeline/Pipeline.php(144): Illuminate\\Routing\\Router->Illuminate\\Routing\\{closure}()
#16 /opt/lampp/htdocs/wireless/vendor/laravel/framework/src/Illuminate/Routing/Middleware/SubstituteBindings.php(50): Illuminate\\Pipeline\\Pipeline->Illuminate\\Pipeline\\{closure}()
#17 /opt/lampp/htdocs/wireless/vendor/laravel/framework/src/Illuminate/Pipeline/Pipeline.php(183): Illuminate\\Routing\\Middleware\\SubstituteBindings->handle()
#18 /opt/lampp/htdocs/wireless/vendor/laravel/framework/src/Illuminate/Foundation/Http/Middleware/VerifyCsrfToken.php(78): Illuminate\\Pipeline\\Pipeline->Illuminate\\Pipeline\\{closure}()
#19 /opt/lampp/htdocs/wireless/vendor/laravel/framework/src/Illuminate/Pipeline/Pipeline.php(183): Illuminate\\Foundation\\Http\\Middleware\\VerifyCsrfToken->handle()
#20 /opt/lampp/htdocs/wireless/vendor/laravel/framework/src/Illuminate/View/Middleware/ShareErrorsFromSession.php(49): Illuminate\\Pipeline\\Pipeline->Illuminate\\Pipeline\\{closure}()
#21 /opt/lampp/htdocs/wireless/vendor/laravel/framework/src/Illuminate/Pipeline/Pipeline.php(183): Illuminate\\View\\Middleware\\ShareErrorsFromSession->handle()
#22 /opt/lampp/htdocs/wireless/vendor/laravel/framework/src/Illuminate/Session/Middleware/StartSession.php(121): Illuminate\\Pipeline\\Pipeline->Illuminate\\Pipeline\\{closure}()
#23 /opt/lampp/htdocs/wireless/vendor/laravel/framework/src/Illuminate/Session/Middleware/StartSession.php(64): Illuminate\\Session\\Middleware\\StartSession->handleStatefulRequest()
#24 /opt/lampp/htdocs/wireless/vendor/laravel/framework/src/Illuminate/Pipeline/Pipeline.php(183): Illuminate\\Session\\Middleware\\StartSession->handle()
#25 /opt/lampp/htdocs/wireless/vendor/laravel/framework/src/Illuminate/Cookie/Middleware/AddQueuedCookiesToResponse.php(37): Illuminate\\Pipeline\\Pipeline->Illuminate\\Pipeline\\{closure}()
#26 /opt/lampp/htdocs/wireless/vendor/laravel/framework/src/Illuminate/Pipeline/Pipeline.php(183): Illuminate\\Cookie\\Middleware\\AddQueuedCookiesToResponse->handle()
#27 /opt/lampp/htdocs/wireless/vendor/laravel/framework/src/Illuminate/Cookie/Middleware/EncryptCookies.php(67): Illuminate\\Pipeline\\Pipeline->Illuminate\\Pipeline\\{closure}()
#28 /opt/lampp/htdocs/wireless/vendor/laravel/framework/src/Illuminate/Pipeline/Pipeline.php(183): Illuminate\\Cookie\\Middleware\\EncryptCookies->handle()
#29 /opt/lampp/htdocs/wireless/vendor/laravel/framework/src/Illuminate/Pipeline/Pipeline.php(119): Illuminate\\Pipeline\\Pipeline->Illuminate\\Pipeline\\{closure}()
#30 /opt/lampp/htdocs/wireless/vendor/laravel/framework/src/Illuminate/Routing/Router.php(805): Illuminate\\Pipeline\\Pipeline->then()
#31 /opt/lampp/htdocs/wireless/vendor/laravel/framework/src/Illuminate/Routing/Router.php(784): Illuminate\\Routing\\Router->runRouteWithinStack()
#32 /opt/lampp/htdocs/wireless/vendor/laravel/framework/src/Illuminate/Routing/Router.php(748): Illuminate\\Routing\\Router->runRoute()
#33 /opt/lampp/htdocs/wireless/vendor/laravel/framework/src/Illuminate/Routing/Router.php(737): Illuminate\\Routing\\Router->dispatchToRoute()
#34 /opt/lampp/htdocs/wireless/vendor/laravel/framework/src/Illuminate/Foundation/Http/Kernel.php(200): Illuminate\\Routing\\Router->dispatch()
#35 /opt/lampp/htdocs/wireless/vendor/laravel/framework/src/Illuminate/Pipeline/Pipeline.php(144): Illuminate\\Foundation\\Http\\Kernel->Illuminate\\Foundation\\Http\\{closure}()
#36 /opt/lampp/htdocs/wireless/vendor/livewire/livewire/src/Features/SupportDisablingBackButtonCache/DisableBackButtonCacheMiddleware.php(19): Illuminate\\Pipeline\\Pipeline->Illuminate\\Pipeline\\{closure}()
#37 /opt/lampp/htdocs/wireless/vendor/laravel/framework/src/Illuminate/Pipeline/Pipeline.php(183): Livewire\\Features\\SupportDisablingBackButtonCache\\DisableBackButtonCacheMiddleware->handle()
#38 /opt/lampp/htdocs/wireless/vendor/laravel/framework/src/Illuminate/Foundation/Http/Middleware/TransformsRequest.php(21): Illuminate\\Pipeline\\Pipeline->Illuminate\\Pipeline\\{closure}()
#39 /opt/lampp/htdocs/wireless/vendor/laravel/framework/src/Illuminate/Foundation/Http/Middleware/ConvertEmptyStringsToNull.php(31): Illuminate\\Foundation\\Http\\Middleware\\TransformsRequest->handle()
#40 /opt/lampp/htdocs/wireless/vendor/laravel/framework/src/Illuminate/Pipeline/Pipeline.php(183): Illuminate\\Foundation\\Http\\Middleware\\ConvertEmptyStringsToNull->handle()
#41 /opt/lampp/htdocs/wireless/vendor/laravel/framework/src/Illuminate/Foundation/Http/Middleware/TransformsRequest.php(21): Illuminate\\Pipeline\\Pipeline->Illuminate\\Pipeline\\{closure}()
#42 /opt/lampp/htdocs/wireless/vendor/laravel/framework/src/Illuminate/Foundation/Http/Middleware/TrimStrings.php(40): Illuminate\\Foundation\\Http\\Middleware\\TransformsRequest->handle()
#43 /opt/lampp/htdocs/wireless/vendor/laravel/framework/src/Illuminate/Pipeline/Pipeline.php(183): Illuminate\\Foundation\\Http\\Middleware\\TrimStrings->handle()
#44 /opt/lampp/htdocs/wireless/vendor/laravel/framework/src/Illuminate/Foundation/Http/Middleware/ValidatePostSize.php(27): Illuminate\\Pipeline\\Pipeline->Illuminate\\Pipeline\\{closure}()
#45 /opt/lampp/htdocs/wireless/vendor/laravel/framework/src/Illuminate/Pipeline/Pipeline.php(183): Illuminate\\Foundation\\Http\\Middleware\\ValidatePostSize->handle()
#46 /opt/lampp/htdocs/wireless/vendor/laravel/framework/src/Illuminate/Foundation/Http/Middleware/PreventRequestsDuringMaintenance.php(99): Illuminate\\Pipeline\\Pipeline->Illuminate\\Pipeline\\{closure}()
#47 /opt/lampp/htdocs/wireless/vendor/laravel/framework/src/Illuminate/Pipeline/Pipeline.php(183): Illuminate\\Foundation\\Http\\Middleware\\PreventRequestsDuringMaintenance->handle()
#48 /opt/lampp/htdocs/wireless/vendor/laravel/framework/src/Illuminate/Http/Middleware/HandleCors.php(49): Illuminate\\Pipeline\\Pipeline->Illuminate\\Pipeline\\{closure}()
#49 /opt/lampp/htdocs/wireless/vendor/laravel/framework/src/Illuminate/Pipeline/Pipeline.php(183): Illuminate\\Http\\Middleware\\HandleCors->handle()
#50 /opt/lampp/htdocs/wireless/vendor/laravel/framework/src/Illuminate/Http/Middleware/TrustProxies.php(39): Illuminate\\Pipeline\\Pipeline->Illuminate\\Pipeline\\{closure}()
#51 /opt/lampp/htdocs/wireless/vendor/laravel/framework/src/Illuminate/Pipeline/Pipeline.php(183): Illuminate\\Http\\Middleware\\TrustProxies->handle()
#52 /opt/lampp/htdocs/wireless/vendor/laravel/framework/src/Illuminate/Pipeline/Pipeline.php(119): Illuminate\\Pipeline\\Pipeline->Illuminate\\Pipeline\\{closure}()
#53 /opt/lampp/htdocs/wireless/vendor/laravel/framework/src/Illuminate/Foundation/Http/Kernel.php(175): Illuminate\\Pipeline\\Pipeline->then()
#54 /opt/lampp/htdocs/wireless/vendor/laravel/framework/src/Illuminate/Foundation/Http/Kernel.php(144): Illuminate\\Foundation\\Http\\Kernel->sendRequestThroughRouter()
#55 /opt/lampp/htdocs/wireless/public/index.php(51): Illuminate\\Foundation\\Http\\Kernel->handle()
#56 /opt/lampp/htdocs/wireless/vendor/laravel/framework/src/Illuminate/Foundation/resources/server.php(16): require_once('...')
#57 {main}

[previous exception] [object] (PDOException(code: 42S22): SQLSTATE[42S22]: Column not found: 1054 Unknown column 'posts.published_at' in 'where clause' at /opt/lampp/htdocs/wireless/vendor/laravel/framework/src/Illuminate/Database/Connection.php:416)
[stacktrace]
#0 /opt/lampp/htdocs/wireless/vendor/laravel/framework/src/Illuminate/Database/Connection.php(416): PDO->prepare()
#1 /opt/lampp/htdocs/wireless/vendor/laravel/framework/src/Illuminate/Database/Connection.php(809): Illuminate\\Database\\Connection->Illuminate\\Database\\{closure}()
#2 /opt/lampp/htdocs/wireless/vendor/laravel/framework/src/Illuminate/Database/Connection.php(776): Illuminate\\Database\\Connection->runQueryCallback()
#3 /opt/lampp/htdocs/wireless/vendor/laravel/framework/src/Illuminate/Database/Connection.php(407): Illuminate\\Database\\Connection->run()
#4 /opt/lampp/htdocs/wireless/vendor/laravel/framework/src/Illuminate/Database/Query/Builder.php(2751): Illuminate\\Database\\Connection->select()
#5 /opt/lampp/htdocs/wireless/vendor/laravel/framework/src/Illuminate/Database/Query/Builder.php(2740): Illuminate\\Database\\Query\\Builder->runSelect()
#6 /opt/lampp/htdocs/wireless/vendor/laravel/framework/src/Illuminate/Database/Query/Builder.php(3294): Illuminate\\Database\\Query\\Builder->Illuminate\\Database\\Query\\{closure}()
#7 /opt/lampp/htdocs/wireless/vendor/laravel/framework/src/Illuminate/Database/Query/Builder.php(2739): Illuminate\\Database\\Query\\Builder->onceWithColumns()
#8 /opt/lampp/htdocs/wireless/vendor/laravel/framework/src/Illuminate/Database/Eloquent/Builder.php(737): Illuminate\\Database\\Query\\Builder->get()
#9 /opt/lampp/htdocs/wireless/vendor/laravel/framework/src/Illuminate/Database/Eloquent/Builder.php(721): Illuminate\\Database\\Eloquent\\Builder->getModels()
#10 /opt/lampp/htdocs/wireless/vendor/laravel/framework/src/Illuminate/Database/Concerns/BuildsQueries.php(333): Illuminate\\Database\\Eloquent\\Builder->get()
#11 /opt/lampp/htdocs/wireless/app/Http/Controllers/PostController.php(28): Illuminate\\Database\\Eloquent\\Builder->first()
#12 /opt/lampp/htdocs/wireless/vendor/laravel/framework/src/Illuminate/Routing/Controller.php(54): App\\Http\\Controllers\\PostController->home()
#13 /opt/lampp/htdocs/wireless/vendor/laravel/framework/src/Illuminate/Routing/ControllerDispatcher.php(43): Illuminate\\Routing\\Controller->callAction()
#14 /opt/lampp/htdocs/wireless/vendor/laravel/framework/src/Illuminate/Routing/Route.php(259): Illuminate\\Routing\\ControllerDispatcher->dispatch()
#15 /opt/lampp/htdocs/wireless/vendor/laravel/framework/src/Illuminate/Routing/Route.php(205): Illuminate\\Routing\\Route->runController()
#16 /opt/lampp/htdocs/wireless/vendor/laravel/framework/src/Illuminate/Routing/Router.php(806): Illuminate\\Routing\\Route->run()
#17 /opt/lampp/htdocs/wireless/vendor/laravel/framework/src/Illuminate/Pipeline/Pipeline.php(144): Illuminate\\Routing\\Router->Illuminate\\Routing\\{closure}()
#18 /opt/lampp/htdocs/wireless/vendor/laravel/framework/src/Illuminate/Routing/Middleware/SubstituteBindings.php(50): Illuminate\\Pipeline\\Pipeline->Illuminate\\Pipeline\\{closure}()
#19 /opt/lampp/htdocs/wireless/vendor/laravel/framework/src/Illuminate/Pipeline/Pipeline.php(183): Illuminate\\Routing\\Middleware\\SubstituteBindings->handle()
#20 /opt/lampp/htdocs/wireless/vendor/laravel/framework/src/Illuminate/Foundation/Http/Middleware/VerifyCsrfToken.php(78): Illuminate\\Pipeline\\Pipeline->Illuminate\\Pipeline\\{closure}()
#21 /opt/lampp/htdocs/wireless/vendor/laravel/framework/src/Illuminate/Pipeline/Pipeline.php(183): Illuminate\\Foundation\\Http\\Middleware\\VerifyCsrfToken->handle()
#22 /opt/lampp/htdocs/wireless/vendor/laravel/framework/src/Illuminate/View/Middleware/ShareErrorsFromSession.php(49): Illuminate\\Pipeline\\Pipeline->Illuminate\\Pipeline\\{closure}()
#23 /opt/lampp/htdocs/wireless/vendor/laravel/framework/src/Illuminate/Pipeline/Pipeline.php(183): Illuminate\\View\\Middleware\\ShareErrorsFromSession->handle()
#24 /opt/lampp/htdocs/wireless/vendor/laravel/framework/src/Illuminate/Session/Middleware/StartSession.php(121): Illuminate\\Pipeline\\Pipeline->Illuminate\\Pipeline\\{closure}()
#25 /opt/lampp/htdocs/wireless/vendor/laravel/framework/src/Illuminate/Session/Middleware/StartSession.php(64): Illuminate\\Session\\Middleware\\StartSession->handleStatefulRequest()
#26 /opt/lampp/htdocs/wireless/vendor/laravel/framework/src/Illuminate/Pipeline/Pipeline.php(183): Illuminate\\Session\\Middleware\\StartSession->handle()
#27 /opt/lampp/htdocs/wireless/vendor/laravel/framework/src/Illuminate/Cookie/Middleware/AddQueuedCookiesToResponse.php(37): Illuminate\\Pipeline\\Pipeline->Illuminate\\Pipeline\\{closure}()
#28 /opt/lampp/htdocs/wireless/vendor/laravel/framework/src/Illuminate/Pipeline/Pipeline.php(183): Illuminate\\Cookie\\Middleware\\AddQueuedCookiesToResponse->handle()
#29 /opt/lampp/htdocs/wireless/vendor/laravel/framework/src/Illuminate/Cookie/Middleware/EncryptCookies.php(67): Illuminate\\Pipeline\\Pipeline->Illuminate\\Pipeline\\{closure}()
#30 /opt/lampp/htdocs/wireless/vendor/laravel/framework/src/Illuminate/Pipeline/Pipeline.php(183): Illuminate\\Cookie\\Middleware\\EncryptCookies->handle()
#31 /opt/lampp/htdocs/wireless/vendor/laravel/framework/src/Illuminate/Pipeline/Pipeline.php(119): Illuminate\\Pipeline\\Pipeline->Illuminate\\Pipeline\\{closure}()
#32 /opt/lampp/htdocs/wireless/vendor/laravel/framework/src/Illuminate/Routing/Router.php(805): Illuminate\\Pipeline\\Pipeline->then()
#33 /opt/lampp/htdocs/wireless/vendor/laravel/framework/src/Illuminate/Routing/Router.php(784): Illuminate\\Routing\\Router->runRouteWithinStack()
#34 /opt/lampp/htdocs/wireless/vendor/laravel/framework/src/Illuminate/Routing/Router.php(748): Illuminate\\Routing\\Router->runRoute()
#35 /opt/lampp/htdocs/wireless/vendor/laravel/framework/src/Illuminate/Routing/Router.php(737): Illuminate\\Routing\\Router->dispatchToRoute()
#36 /opt/lampp/htdocs/wireless/vendor/laravel/framework/src/Illuminate/Foundation/Http/Kernel.php(200): Illuminate\\Routing\\Router->dispatch()
#37 /opt/lampp/htdocs/wireless/vendor/laravel/framework/src/Illuminate/Pipeline/Pipeline.php(144): Illuminate\\Foundation\\Http\\Kernel->Illuminate\\Foundation\\Http\\{closure}()
#38 /opt/lampp/htdocs/wireless/vendor/livewire/livewire/src/Features/SupportDisablingBackButtonCache/DisableBackButtonCacheMiddleware.php(19): Illuminate\\Pipeline\\Pipeline->Illuminate\\Pipeline\\{closure}()
#39 /opt/lampp/htdocs/wireless/vendor/laravel/framework/src/Illuminate/Pipeline/Pipeline.php(183): Livewire\\Features\\SupportDisablingBackButtonCache\\DisableBackButtonCacheMiddleware->handle()
#40 /opt/lampp/htdocs/wireless/vendor/laravel/framework/src/Illuminate/Foundation/Http/Middleware/TransformsRequest.php(21): Illuminate\\Pipeline\\Pipeline->Illuminate\\Pipeline\\{closure}()
#41 /opt/lampp/htdocs/wireless/vendor/laravel/framework/src/Illuminate/Foundation/Http/Middleware/ConvertEmptyStringsToNull.php(31): Illuminate\\Foundation\\Http\\Middleware\\TransformsRequest->handle()
#42 /opt/lampp/htdocs/wireless/vendor/laravel/framework/src/Illuminate/Pipeline/Pipeline.php(183): Illuminate\\Foundation\\Http\\Middleware\\ConvertEmptyStringsToNull->handle()
#43 /opt/lampp/htdocs/wireless/vendor/laravel/framework/src/Illuminate/Foundation/Http/Middleware/TransformsRequest.php(21): Illuminate\\Pipeline\\Pipeline->Illuminate\\Pipeline\\{closure}()
#44 /opt/lampp/htdocs/wireless/vendor/laravel/framework/src/Illuminate/Foundation/Http/Middleware/TrimStrings.php(40): Illuminate\\Foundation\\Http\\Middleware\\TransformsRequest->handle()
#45 /opt/lampp/htdocs/wireless/vendor/laravel/framework/src/Illuminate/Pipeline/Pipeline.php(183): Illuminate\\Foundation\\Http\\Middleware\\TrimStrings->handle()
#46 /opt/lampp/htdocs/wireless/vendor/laravel/framework/src/Illuminate/Foundation/Http/Middleware/ValidatePostSize.php(27): Illuminate\\Pipeline\\Pipeline->Illuminate\\Pipeline\\{closure}()
#47 /opt/lampp/htdocs/wireless/vendor/laravel/framework/src/Illuminate/Pipeline/Pipeline.php(183): Illuminate\\Foundation\\Http\\Middleware\\ValidatePostSize->handle()
#48 /opt/lampp/htdocs/wireless/vendor/laravel/framework/src/Illuminate/Foundation/Http/Middleware/PreventRequestsDuringMaintenance.php(99): Illuminate\\Pipeline\\Pipeline->Illuminate\\Pipeline\\{closure}()
#49 /opt/lampp/htdocs/wireless/vendor/laravel/framework/src/Illuminate/Pipeline/Pipeline.php(183): Illuminate\\Foundation\\Http\\Middleware\\PreventRequestsDuringMaintenance->handle()
#50 /opt/lampp/htdocs/wireless/vendor/laravel/framework/src/Illuminate/Http/Middleware/HandleCors.php(49): Illuminate\\Pipeline\\Pipeline->Illuminate\\Pipeline\\{closure}()
#51 /opt/lampp/htdocs/wireless/vendor/laravel/framework/src/Illuminate/Pipeline/Pipeline.php(183): Illuminate\\Http\\Middleware\\HandleCors->handle()
#52 /opt/lampp/htdocs/wireless/vendor/laravel/framework/src/Illuminate/Http/Middleware/TrustProxies.php(39): Illuminate\\Pipeline\\Pipeline->Illuminate\\Pipeline\\{closure}()
#53 /opt/lampp/htdocs/wireless/vendor/laravel/framework/src/Illuminate/Pipeline/Pipeline.php(183): Illuminate\\Http\\Middleware\\TrustProxies->handle()
#54 /opt/lampp/htdocs/wireless/vendor/laravel/framework/src/Illuminate/Pipeline/Pipeline.php(119): Illuminate\\Pipeline\\Pipeline->Illuminate\\Pipeline\\{closure}()
#55 /opt/lampp/htdocs/wireless/vendor/laravel/framework/src/Illuminate/Foundation/Http/Kernel.php(175): Illuminate\\Pipeline\\Pipeline->then()
#56 /opt/lampp/htdocs/wireless/vendor/laravel/framework/src/Illuminate/Foundation/Http/Kernel.php(144): Illuminate\\Foundation\\Http\\Kernel->sendRequestThroughRouter()
#57 /opt/lampp/htdocs/wireless/public/index.php(51): Illuminate\\Foundation\\Http\\Kernel->handle()
#58 /opt/lampp/htdocs/wireless/vendor/laravel/framework/src/Illuminate/Foundation/resources/server.php(16): require_once('...')
#59 {main}
"} 
[2026-03-06 13:56:36] production.ERROR: SQLSTATE[42S02]: Base table or view not found: 1146 Table 'wireless.text_widgets' doesn't exist (Connection: mysql, SQL: select * from `text_widgets` where `key` = about-us-sidebar limit 1) {"view":{"view":"/opt/lampp/htdocs/wireless/resources/views/layouts/app.blade.php","data":[]},"exception":"[object] (Spatie\\LaravelIgnition\\Exceptions\\ViewException(code: 0): SQLSTATE[42S02]: Base table or view not found: 1146 Table 'wireless.text_widgets' doesn't exist (Connection: mysql, SQL: select * from `text_widgets` where `key` = about-us-sidebar limit 1) at /opt/lampp/htdocs/wireless/vendor/laravel/framework/src/Illuminate/Database/Connection.php:822)
[stacktrace]
#0 /opt/lampp/htdocs/wireless/vendor/laravel/framework/src/Illuminate/Database/Connection.php(776): Illuminate\\Database\\Connection->runQueryCallback()
#1 /opt/lampp/htdocs/wireless/vendor/laravel/framework/src/Illuminate/Database/Connection.php(407): Illuminate\\Database\\Connection->run()
#2 /opt/lampp/htdocs/wireless/vendor/laravel/framework/src/Illuminate/Database/Query/Builder.php(2751): Illuminate\\Database\\Connection->select()
#3 /opt/lampp/htdocs/wireless/vendor/laravel/framework/src/Illuminate/Database/Query/Builder.php(2740): Illuminate\\Database\\Query\\Builder->runSelect()
#4 /opt/lampp/htdocs/wireless/vendor/laravel/framework/src/Illuminate/Database/Query/Builder.php(3294): Illuminate\\Database\\Query\\Builder->Illuminate\\Database\\Query\\{closure}()
#5 /opt/lampp/htdocs/wireless/vendor/laravel/framework/src/Illuminate/Database/Query/Builder.php(2739): Illuminate\\Database\\Query\\Builder->onceWithColumns()
#6 /opt/lampp/htdocs/wireless/vendor/laravel/framework/src/Illuminate/Database/Eloquent/Builder.php(737): Illuminate\\Database\\Query\\Builder->get()
#7 /opt/lampp/htdocs/wireless/vendor/laravel/framework/src/Illuminate/Database/Eloquent/Builder.php(721): Illuminate\\Database\\Eloquent\\Builder->getModels()
#8 /opt/lampp/htdocs/wireless/vendor/laravel/framework/src/Illuminate/Database/Concerns/BuildsQueries.php(333): Illuminate\\Database\\Eloquent\\Builder->get()
#9 /opt/lampp/htdocs/wireless/app/Models/TextWidget.php(35): Illuminate\\Database\\Eloquent\\Builder->first()
#10 /opt/lampp/htdocs/wireless/vendor/laravel/framework/src/Illuminate/Collections/helpers.php(224): App\\Models\\TextWidget::App\\Models\\{closure}()
#11 /opt/lampp/htdocs/wireless/vendor/laravel/framework/src/Illuminate/Cache/Repository.php(107): value()
#12 /opt/lampp/htdocs/wireless/vendor/laravel/framework/src/Illuminate/Cache/CacheManager.php(429): Illuminate\\Cache\\Repository->get()
#13 /opt/lampp/htdocs/wireless/vendor/laravel/framework/src/Illuminate/Support/Facades/Facade.php(355): Illuminate\\Cache\\CacheManager->__call()
#14 /opt/lampp/htdocs/wireless/app/Models/TextWidget.php(34): Illuminate\\Support\\Facades\\Facade::__callStatic()
#15 /opt/lampp/htdocs/wireless/resources/views/layouts/app.blade.php(291): App\\Models\\TextWidget::getContent()
#16 /opt/lampp/htdocs/wireless/vendor/laravel/framework/src/Illuminate/Filesystem/Filesystem.php(124): require('...')
#17 /opt/lampp/htdocs/wireless/vendor/laravel/framework/src/Illuminate/Filesystem/Filesystem.php(125): Illuminate\\Filesystem\\Filesystem::Illuminate\\Filesystem\\{closure}()
#18 /opt/lampp/htdocs/wireless/vendor/laravel/framework/src/Illuminate/View/Engines/PhpEngine.php(58): Illuminate\\Filesystem\\Filesystem->getRequire()
#19 /opt/lampp/htdocs/wireless/vendor/livewire/livewire/src/Mechanisms/ExtendBlade/ExtendedCompilerEngine.php(22): Illuminate\\View\\Engines\\PhpEngine->evaluatePath()
#20 /opt/lampp/htdocs/wireless/vendor/laravel/framework/src/Illuminate/View/Engines/CompilerEngine.php(72): Livewire\\Mechanisms\\ExtendBlade\\ExtendedCompilerEngine->evaluatePath()
#21 /opt/lampp/htdocs/wireless/vendor/livewire/livewire/src/Mechanisms/ExtendBlade/ExtendedCompilerEngine.php(10): Illuminate\\View\\Engines\\CompilerEngine->get()
#22 /opt/lampp/htdocs/wireless/vendor/laravel/framework/src/Illuminate/View/View.php(207): Livewire\\Mechanisms\\ExtendBlade\\ExtendedCompilerEngine->get()
#23 /opt/lampp/htdocs/wireless/vendor/laravel/framework/src/Illuminate/View/View.php(190): Illuminate\\View\\View->getContents()
#24 /opt/lampp/htdocs/wireless/vendor/laravel/framework/src/Illuminate/View/View.php(159): Illuminate\\View\\View->renderContents()
#25 /opt/lampp/htdocs/wireless/vendor/laravel/framework/src/Illuminate/View/Concerns/ManagesComponents.php(99): Illuminate\\View\\View->render()
#26 /opt/lampp/htdocs/wireless/resources/views/errors/404.blade.php(45): Illuminate\\View\\Factory->renderComponent()
#27 /opt/lampp/htdocs/wireless/vendor/laravel/framework/src/Illuminate/Filesystem/Filesystem.php(124): require('...')
#28 /opt/lampp/htdocs/wireless/vendor/laravel/framework/src/Illuminate/Filesystem/Filesystem.php(125): Illuminate\\Filesystem\\Filesystem::Illuminate\\Filesystem\\{closure}()
#29 /opt/lampp/htdocs/wireless/vendor/laravel/framework/src/Illuminate/View/Engines/PhpEngine.php(58): Illuminate\\Filesystem\\Filesystem->getRequire()
#30 /opt/lampp/htdocs/wireless/vendor/livewire/livewire/src/Mechanisms/ExtendBlade/ExtendedCompilerEngine.php(22): Illuminate\\View\\Engines\\PhpEngine->evaluatePath()
#31 /opt/lampp/htdocs/wireless/vendor/laravel/framework/src/Illuminate/View/Engines/CompilerEngine.php(72): Livewire\\Mechanisms\\ExtendBlade\\ExtendedCompilerEngine->evaluatePath()
#32 /opt/lampp/htdocs/wireless/vendor/livewire/livewire/src/Mechanisms/ExtendBlade/ExtendedCompilerEngine.php(10): Illuminate\\View\\Engines\\CompilerEngine->get()
#33 /opt/lampp/htdocs/wireless/vendor/laravel/framework/src/Illuminate/View/View.php(207): Livewire\\Mechanisms\\ExtendBlade\\ExtendedCompilerEngine->get()
#34 /opt/lampp/htdocs/wireless/vendor/laravel/framework/src/Illuminate/View/View.php(190): Illuminate\\View\\View->getContents()
#35 /opt/lampp/htdocs/wireless/vendor/laravel/framework/src/Illuminate/View/View.php(159): Illuminate\\View\\View->renderContents()
#36 /opt/lampp/htdocs/wireless/vendor/laravel/framework/src/Illuminate/Http/Response.php(69): Illuminate\\View\\View->render()
#37 /opt/lampp/htdocs/wireless/vendor/laravel/framework/src/Illuminate/Http/Response.php(35): Illuminate\\Http\\Response->setContent()
#38 /opt/lampp/htdocs/wireless/vendor/laravel/framework/src/Illuminate/Routing/ResponseFactory.php(57): Illuminate\\Http\\Response->__construct()
#39 /opt/lampp/htdocs/wireless/vendor/laravel/framework/src/Illuminate/Routing/ResponseFactory.php(87): Illuminate\\Routing\\ResponseFactory->make()
#40 /opt/lampp/htdocs/wireless/vendor/laravel/framework/src/Illuminate/Foundation/Exceptions/Handler.php(723): Illuminate\\Routing\\ResponseFactory->view()
#41 /opt/lampp/htdocs/wireless/vendor/laravel/framework/src/Illuminate/Foundation/Exceptions/Handler.php(650): Illuminate\\Foundation\\Exceptions\\Handler->renderHttpException()
#42 /opt/lampp/htdocs/wireless/vendor/laravel/framework/src/Illuminate/Foundation/Exceptions/Handler.php(556): Illuminate\\Foundation\\Exceptions\\Handler->prepareResponse()
#43 /opt/lampp/htdocs/wireless/vendor/laravel/framework/src/Illuminate/Foundation/Exceptions/Handler.php(473): Illuminate\\Foundation\\Exceptions\\Handler->renderExceptionResponse()
#44 /opt/lampp/htdocs/wireless/vendor/laravel/framework/src/Illuminate/Routing/Pipeline.php(51): Illuminate\\Foundation\\Exceptions\\Handler->render()
#45 /opt/lampp/htdocs/wireless/vendor/laravel/framework/src/Illuminate/Pipeline/Pipeline.php(188): Illuminate\\Routing\\Pipeline->handleException()
#46 /opt/lampp/htdocs/wireless/vendor/laravel/framework/src/Illuminate/Pipeline/Pipeline.php(119): Illuminate\\Pipeline\\Pipeline->Illuminate\\Pipeline\\{closure}()
#47 /opt/lampp/htdocs/wireless/vendor/laravel/framework/src/Illuminate/Routing/Router.php(805): Illuminate\\Pipeline\\Pipeline->then()
#48 /opt/lampp/htdocs/wireless/vendor/laravel/framework/src/Illuminate/Routing/Router.php(784): Illuminate\\Routing\\Router->runRouteWithinStack()
#49 /opt/lampp/htdocs/wireless/vendor/laravel/framework/src/Illuminate/Routing/Router.php(748): Illuminate\\Routing\\Router->runRoute()
#50 /opt/lampp/htdocs/wireless/vendor/laravel/framework/src/Illuminate/Routing/Router.php(737): Illuminate\\Routing\\Router->dispatchToRoute()
#51 /opt/lampp/htdocs/wireless/vendor/laravel/framework/src/Illuminate/Foundation/Http/Kernel.php(200): Illuminate\\Routing\\Router->dispatch()
#52 /opt/lampp/htdocs/wireless/vendor/laravel/framework/src/Illuminate/Pipeline/Pipeline.php(144): Illuminate\\Foundation\\Http\\Kernel->Illuminate\\Foundation\\Http\\{closure}()
#53 /opt/lampp/htdocs/wireless/vendor/livewire/livewire/src/Features/SupportDisablingBackButtonCache/DisableBackButtonCacheMiddleware.php(19): Illuminate\\Pipeline\\Pipeline->Illuminate\\Pipeline\\{closure}()
#54 /opt/lampp/htdocs/wireless/vendor/laravel/framework/src/Illuminate/Pipeline/Pipeline.php(183): Livewire\\Features\\SupportDisablingBackButtonCache\\DisableBackButtonCacheMiddleware->handle()
#55 /opt/lampp/htdocs/wireless/vendor/laravel/framework/src/Illuminate/Foundation/Http/Middleware/TransformsRequest.php(21): Illuminate\\Pipeline\\Pipeline->Illuminate\\Pipeline\\{closure}()
#56 /opt/lampp/htdocs/wireless/vendor/laravel/framework/src/Illuminate/Foundation/Http/Middleware/ConvertEmptyStringsToNull.php(31): Illuminate\\Foundation\\Http\\Middleware\\TransformsRequest->handle()
#57 /opt/lampp/htdocs/wireless/vendor/laravel/framework/src/Illuminate/Pipeline/Pipeline.php(183): Illuminate\\Foundation\\Http\\Middleware\\ConvertEmptyStringsToNull->handle()
#58 /opt/lampp/htdocs/wireless/vendor/laravel/framework/src/Illuminate/Foundation/Http/Middleware/TransformsRequest.php(21): Illuminate\\Pipeline\\Pipeline->Illuminate\\Pipeline\\{closure}()
#59 /opt/lampp/htdocs/wireless/vendor/laravel/framework/src/Illuminate/Foundation/Http/Middleware/TrimStrings.php(40): Illuminate\\Foundation\\Http\\Middleware\\TransformsRequest->handle()
#60 /opt/lampp/htdocs/wireless/vendor/laravel/framework/src/Illuminate/Pipeline/Pipeline.php(183): Illuminate\\Foundation\\Http\\Middleware\\TrimStrings->handle()
#61 /opt/lampp/htdocs/wireless/vendor/laravel/framework/src/Illuminate/Foundation/Http/Middleware/ValidatePostSize.php(27): Illuminate\\Pipeline\\Pipeline->Illuminate\\Pipeline\\{closure}()
#62 /opt/lampp/htdocs/wireless/vendor/laravel/framework/src/Illuminate/Pipeline/Pipeline.php(183): Illuminate\\Foundation\\Http\\Middleware\\ValidatePostSize->handle()
#63 /opt/lampp/htdocs/wireless/vendor/laravel/framework/src/Illuminate/Foundation/Http/Middleware/PreventRequestsDuringMaintenance.php(99): Illuminate\\Pipeline\\Pipeline->Illuminate\\Pipeline\\{closure}()
#64 /opt/lampp/htdocs/wireless/vendor/laravel/framework/src/Illuminate/Pipeline/Pipeline.php(183): Illuminate\\Foundation\\Http\\Middleware\\PreventRequestsDuringMaintenance->handle()
#65 /opt/lampp/htdocs/wireless/vendor/laravel/framework/src/Illuminate/Http/Middleware/HandleCors.php(49): Illuminate\\Pipeline\\Pipeline->Illuminate\\Pipeline\\{closure}()
#66 /opt/lampp/htdocs/wireless/vendor/laravel/framework/src/Illuminate/Pipeline/Pipeline.php(183): Illuminate\\Http\\Middleware\\HandleCors->handle()
#67 /opt/lampp/htdocs/wireless/vendor/laravel/framework/src/Illuminate/Http/Middleware/TrustProxies.php(39): Illuminate\\Pipeline\\Pipeline->Illuminate\\Pipeline\\{closure}()
#68 /opt/lampp/htdocs/wireless/vendor/laravel/framework/src/Illuminate/Pipeline/Pipeline.php(183): Illuminate\\Http\\Middleware\\TrustProxies->handle()
#69 /opt/lampp/htdocs/wireless/vendor/laravel/framework/src/Illuminate/Pipeline/Pipeline.php(119): Illuminate\\Pipeline\\Pipeline->Illuminate\\Pipeline\\{closure}()
#70 /opt/lampp/htdocs/wireless/vendor/laravel/framework/src/Illuminate/Foundation/Http/Kernel.php(175): Illuminate\\Pipeline\\Pipeline->then()
#71 /opt/lampp/htdocs/wireless/vendor/laravel/framework/src/Illuminate/Foundation/Http/Kernel.php(144): Illuminate\\Foundation\\Http\\Kernel->sendRequestThroughRouter()
#72 /opt/lampp/htdocs/wireless/public/index.php(51): Illuminate\\Foundation\\Http\\Kernel->handle()
#73 /opt/lampp/htdocs/wireless/vendor/laravel/framework/src/Illuminate/Foundation/resources/server.php(16): require_once('...')
#74 {main}

[previous exception] [object] (Illuminate\\Database\\QueryException(code: 42S02): SQLSTATE[42S02]: Base table or view not found: 1146 Table 'wireless.text_widgets' doesn't exist (Connection: mysql, SQL: select * from `text_widgets` where `key` = about-us-sidebar limit 1) at /opt/lampp/htdocs/wireless/vendor/laravel/framework/src/Illuminate/Database/Connection.php:822)
[stacktrace]
#0 /opt/lampp/htdocs/wireless/vendor/laravel/framework/src/Illuminate/Database/Connection.php(776): Illuminate\\Database\\Connection->runQueryCallback()
#1 /opt/lampp/htdocs/wireless/vendor/laravel/framework/src/Illuminate/Database/Connection.php(407): Illuminate\\Database\\Connection->run()
#2 /opt/lampp/htdocs/wireless/vendor/laravel/framework/src/Illuminate/Database/Query/Builder.php(2751): Illuminate\\Database\\Connection->select()
#3 /opt/lampp/htdocs/wireless/vendor/laravel/framework/src/Illuminate/Database/Query/Builder.php(2740): Illuminate\\Database\\Query\\Builder->runSelect()
#4 /opt/lampp/htdocs/wireless/vendor/laravel/framework/src/Illuminate/Database/Query/Builder.php(3294): Illuminate\\Database\\Query\\Builder->Illuminate\\Database\\Query\\{closure}()
#5 /opt/lampp/htdocs/wireless/vendor/laravel/framework/src/Illuminate/Database/Query/Builder.php(2739): Illuminate\\Database\\Query\\Builder->onceWithColumns()
#6 /opt/lampp/htdocs/wireless/vendor/laravel/framework/src/Illuminate/Database/Eloquent/Builder.php(737): Illuminate\\Database\\Query\\Builder->get()
#7 /opt/lampp/htdocs/wireless/vendor/laravel/framework/src/Illuminate/Database/Eloquent/Builder.php(721): Illuminate\\Database\\Eloquent\\Builder->getModels()
#8 /opt/lampp/htdocs/wireless/vendor/laravel/framework/src/Illuminate/Database/Concerns/BuildsQueries.php(333): Illuminate\\Database\\Eloquent\\Builder->get()
#9 /opt/lampp/htdocs/wireless/app/Models/TextWidget.php(35): Illuminate\\Database\\Eloquent\\Builder->first()
#10 /opt/lampp/htdocs/wireless/vendor/laravel/framework/src/Illuminate/Collections/helpers.php(224): App\\Models\\TextWidget::App\\Models\\{closure}()
#11 /opt/lampp/htdocs/wireless/vendor/laravel/framework/src/Illuminate/Cache/Repository.php(107): value()
#12 /opt/lampp/htdocs/wireless/vendor/laravel/framework/src/Illuminate/Cache/CacheManager.php(429): Illuminate\\Cache\\Repository->get()
#13 /opt/lampp/htdocs/wireless/vendor/laravel/framework/src/Illuminate/Support/Facades/Facade.php(355): Illuminate\\Cache\\CacheManager->__call()
#14 /opt/lampp/htdocs/wireless/app/Models/TextWidget.php(34): Illuminate\\Support\\Facades\\Facade::__callStatic()
#15 /opt/lampp/htdocs/wireless/storage/framework/views/4918ade9d894dbbdc113be650a0f2910.php(405): App\\Models\\TextWidget::getContent()
#16 /opt/lampp/htdocs/wireless/vendor/laravel/framework/src/Illuminate/Filesystem/Filesystem.php(124): require('...')
#17 /opt/lampp/htdocs/wireless/vendor/laravel/framework/src/Illuminate/Filesystem/Filesystem.php(125): Illuminate\\Filesystem\\Filesystem::Illuminate\\Filesystem\\{closure}()
#18 /opt/lampp/htdocs/wireless/vendor/laravel/framework/src/Illuminate/View/Engines/PhpEngine.php(58): Illuminate\\Filesystem\\Filesystem->getRequire()
#19 /opt/lampp/htdocs/wireless/vendor/livewire/livewire/src/Mechanisms/ExtendBlade/ExtendedCompilerEngine.php(22): Illuminate\\View\\Engines\\PhpEngine->evaluatePath()
#20 /opt/lampp/htdocs/wireless/vendor/laravel/framework/src/Illuminate/View/Engines/CompilerEngine.php(72): Livewire\\Mechanisms\\ExtendBlade\\ExtendedCompilerEngine->evaluatePath()
#21 /opt/lampp/htdocs/wireless/vendor/livewire/livewire/src/Mechanisms/ExtendBlade/ExtendedCompilerEngine.php(10): Illuminate\\View\\Engines\\CompilerEngine->get()
#22 /opt/lampp/htdocs/wireless/vendor/laravel/framework/src/Illuminate/View/View.php(207): Livewire\\Mechanisms\\ExtendBlade\\ExtendedCompilerEngine->get()
#23 /opt/lampp/htdocs/wireless/vendor/laravel/framework/src/Illuminate/View/View.php(190): Illuminate\\View\\View->getContents()
#24 /opt/lampp/htdocs/wireless/vendor/laravel/framework/src/Illuminate/View/View.php(159): Illuminate\\View\\View->renderContents()
#25 /opt/lampp/htdocs/wireless/vendor/laravel/framework/src/Illuminate/View/Concerns/ManagesComponents.php(99): Illuminate\\View\\View->render()
#26 /opt/lampp/htdocs/wireless/storage/framework/views/6c98e84b92353b4122cb1cc648a9d157.php(45): Illuminate\\View\\Factory->renderComponent()
#27 /opt/lampp/htdocs/wireless/vendor/laravel/framework/src/Illuminate/Filesystem/Filesystem.php(124): require('...')
#28 /opt/lampp/htdocs/wireless/vendor/laravel/framework/src/Illuminate/Filesystem/Filesystem.php(125): Illuminate\\Filesystem\\Filesystem::Illuminate\\Filesystem\\{closure}()
#29 /opt/lampp/htdocs/wireless/vendor/laravel/framework/src/Illuminate/View/Engines/PhpEngine.php(58): Illuminate\\Filesystem\\Filesystem->getRequire()
#30 /opt/lampp/htdocs/wireless/vendor/livewire/livewire/src/Mechanisms/ExtendBlade/ExtendedCompilerEngine.php(22): Illuminate\\View\\Engines\\PhpEngine->evaluatePath()
#31 /opt/lampp/htdocs/wireless/vendor/laravel/framework/src/Illuminate/View/Engines/CompilerEngine.php(72): Livewire\\Mechanisms\\ExtendBlade\\ExtendedCompilerEngine->evaluatePath()
#32 /opt/lampp/htdocs/wireless/vendor/livewire/livewire/src/Mechanisms/ExtendBlade/ExtendedCompilerEngine.php(10): Illuminate\\View\\Engines\\CompilerEngine->get()
#33 /opt/lampp/htdocs/wireless/vendor/laravel/framework/src/Illuminate/View/View.php(207): Livewire\\Mechanisms\\ExtendBlade\\ExtendedCompilerEngine->get()
#34 /opt/lampp/htdocs/wireless/vendor/laravel/framework/src/Illuminate/View/View.php(190): Illuminate\\View\\View->getContents()
#35 /opt/lampp/htdocs/wireless/vendor/laravel/framework/src/Illuminate/View/View.php(159): Illuminate\\View\\View->renderContents()
#36 /opt/lampp/htdocs/wireless/vendor/laravel/framework/src/Illuminate/Http/Response.php(69): Illuminate\\View\\View->render()
#37 /opt/lampp/htdocs/wireless/vendor/laravel/framework/src/Illuminate/Http/Response.php(35): Illuminate\\Http\\Response->setContent()
#38 /opt/lampp/htdocs/wireless/vendor/laravel/framework/src/Illuminate/Routing/ResponseFactory.php(57): Illuminate\\Http\\Response->__construct()
#39 /opt/lampp/htdocs/wireless/vendor/laravel/framework/src/Illuminate/Routing/ResponseFactory.php(87): Illuminate\\Routing\\ResponseFactory->make()
#40 /opt/lampp/htdocs/wireless/vendor/laravel/framework/src/Illuminate/Foundation/Exceptions/Handler.php(723): Illuminate\\Routing\\ResponseFactory->view()
#41 /opt/lampp/htdocs/wireless/vendor/laravel/framework/src/Illuminate/Foundation/Exceptions/Handler.php(650): Illuminate\\Foundation\\Exceptions\\Handler->renderHttpException()
#42 /opt/lampp/htdocs/wireless/vendor/laravel/framework/src/Illuminate/Foundation/Exceptions/Handler.php(556): Illuminate\\Foundation\\Exceptions\\Handler->prepareResponse()
#43 /opt/lampp/htdocs/wireless/vendor/laravel/framework/src/Illuminate/Foundation/Exceptions/Handler.php(473): Illuminate\\Foundation\\Exceptions\\Handler->renderExceptionResponse()
#44 /opt/lampp/htdocs/wireless/vendor/laravel/framework/src/Illuminate/Routing/Pipeline.php(51): Illuminate\\Foundation\\Exceptions\\Handler->render()
#45 /opt/lampp/htdocs/wireless/vendor/laravel/framework/src/Illuminate/Pipeline/Pipeline.php(188): Illuminate\\Routing\\Pipeline->handleException()
#46 /opt/lampp/htdocs/wireless/vendor/laravel/framework/src/Illuminate/Pipeline/Pipeline.php(119): Illuminate\\Pipeline\\Pipeline->Illuminate\\Pipeline\\{closure}()
#47 /opt/lampp/htdocs/wireless/vendor/laravel/framework/src/Illuminate/Routing/Router.php(805): Illuminate\\Pipeline\\Pipeline->then()
#48 /opt/lampp/htdocs/wireless/vendor/laravel/framework/src/Illuminate/Routing/Router.php(784): Illuminate\\Routing\\Router->runRouteWithinStack()
#49 /opt/lampp/htdocs/wireless/vendor/laravel/framework/src/Illuminate/Routing/Router.php(748): Illuminate\\Routing\\Router->runRoute()
#50 /opt/lampp/htdocs/wireless/vendor/laravel/framework/src/Illuminate/Routing/Router.php(737): Illuminate\\Routing\\Router->dispatchToRoute()
#51 /opt/lampp/htdocs/wireless/vendor/laravel/framework/src/Illuminate/Foundation/Http/Kernel.php(200): Illuminate\\Routing\\Router->dispatch()
#52 /opt/lampp/htdocs/wireless/vendor/laravel/framework/src/Illuminate/Pipeline/Pipeline.php(144): Illuminate\\Foundation\\Http\\Kernel->Illuminate\\Foundation\\Http\\{closure}()
#53 /opt/lampp/htdocs/wireless/vendor/livewire/livewire/src/Features/SupportDisablingBackButtonCache/DisableBackButtonCacheMiddleware.php(19): Illuminate\\Pipeline\\Pipeline->Illuminate\\Pipeline\\{closure}()
#54 /opt/lampp/htdocs/wireless/vendor/laravel/framework/src/Illuminate/Pipeline/Pipeline.php(183): Livewire\\Features\\SupportDisablingBackButtonCache\\DisableBackButtonCacheMiddleware->handle()
#55 /opt/lampp/htdocs/wireless/vendor/laravel/framework/src/Illuminate/Foundation/Http/Middleware/TransformsRequest.php(21): Illuminate\\Pipeline\\Pipeline->Illuminate\\Pipeline\\{closure}()
#56 /opt/lampp/htdocs/wireless/vendor/laravel/framework/src/Illuminate/Foundation/Http/Middleware/ConvertEmptyStringsToNull.php(31): Illuminate\\Foundation\\Http\\Middleware\\TransformsRequest->handle()
#57 /opt/lampp/htdocs/wireless/vendor/laravel/framework/src/Illuminate/Pipeline/Pipeline.php(183): Illuminate\\Foundation\\Http\\Middleware\\ConvertEmptyStringsToNull->handle()
#58 /opt/lampp/htdocs/wireless/vendor/laravel/framework/src/Illuminate/Foundation/Http/Middleware/TransformsRequest.php(21): Illuminate\\Pipeline\\Pipeline->Illuminate\\Pipeline\\{closure}()
#59 /opt/lampp/htdocs/wireless/vendor/laravel/framework/src/Illuminate/Foundation/Http/Middleware/TrimStrings.php(40): Illuminate\\Foundation\\Http\\Middleware\\TransformsRequest->handle()
#60 /opt/lampp/htdocs/wireless/vendor/laravel/framework/src/Illuminate/Pipeline/Pipeline.php(183): Illuminate\\Foundation\\Http\\Middleware\\TrimStrings->handle()
#61 /opt/lampp/htdocs/wireless/vendor/laravel/framework/src/Illuminate/Foundation/Http/Middleware/ValidatePostSize.php(27): Illuminate\\Pipeline\\Pipeline->Illuminate\\Pipeline\\{closure}()
#62 /opt/lampp/htdocs/wireless/vendor/laravel/framework/src/Illuminate/Pipeline/Pipeline.php(183): Illuminate\\Foundation\\Http\\Middleware\\ValidatePostSize->handle()
#63 /opt/lampp/htdocs/wireless/vendor/laravel/framework/src/Illuminate/Foundation/Http/Middleware/PreventRequestsDuringMaintenance.php(99): Illuminate\\Pipeline\\Pipeline->Illuminate\\Pipeline\\{closure}()
#64 /opt/lampp/htdocs/wireless/vendor/laravel/framework/src/Illuminate/Pipeline/Pipeline.php(183): Illuminate\\Foundation\\Http\\Middleware\\PreventRequestsDuringMaintenance->handle()
#65 /opt/lampp/htdocs/wireless/vendor/laravel/framework/src/Illuminate/Http/Middleware/HandleCors.php(49): Illuminate\\Pipeline\\Pipeline->Illuminate\\Pipeline\\{closure}()
#66 /opt/lampp/htdocs/wireless/vendor/laravel/framework/src/Illuminate/Pipeline/Pipeline.php(183): Illuminate\\Http\\Middleware\\HandleCors->handle()
#67 /opt/lampp/htdocs/wireless/vendor/laravel/framework/src/Illuminate/Http/Middleware/TrustProxies.php(39): Illuminate\\Pipeline\\Pipeline->Illuminate\\Pipeline\\{closure}()
#68 /opt/lampp/htdocs/wireless/vendor/laravel/framework/src/Illuminate/Pipeline/Pipeline.php(183): Illuminate\\Http\\Middleware\\TrustProxies->handle()
#69 /opt/lampp/htdocs/wireless/vendor/laravel/framework/src/Illuminate/Pipeline/Pipeline.php(119): Illuminate\\Pipeline\\Pipeline->Illuminate\\Pipeline\\{closure}()
#70 /opt/lampp/htdocs/wireless/vendor/laravel/framework/src/Illuminate/Foundation/Http/Kernel.php(175): Illuminate\\Pipeline\\Pipeline->then()
#71 /opt/lampp/htdocs/wireless/vendor/laravel/framework/src/Illuminate/Foundation/Http/Kernel.php(144): Illuminate\\Foundation\\Http\\Kernel->sendRequestThroughRouter()
#72 /opt/lampp/htdocs/wireless/public/index.php(51): Illuminate\\Foundation\\Http\\Kernel->handle()
#73 /opt/lampp/htdocs/wireless/vendor/laravel/framework/src/Illuminate/Foundation/resources/server.php(16): require_once('...')
#74 {main}

[previous exception] [object] (PDOException(code: 42S02): SQLSTATE[42S02]: Base table or view not found: 1146 Table 'wireless.text_widgets' doesn't exist at /opt/lampp/htdocs/wireless/vendor/laravel/framework/src/Illuminate/Database/Connection.php:416)
[stacktrace]
#0 /opt/lampp/htdocs/wireless/vendor/laravel/framework/src/Illuminate/Database/Connection.php(416): PDO->prepare()
#1 /opt/lampp/htdocs/wireless/vendor/laravel/framework/src/Illuminate/Database/Connection.php(809): Illuminate\\Database\\Connection->Illuminate\\Database\\{closure}()
#2 /opt/lampp/htdocs/wireless/vendor/laravel/framework/src/Illuminate/Database/Connection.php(776): Illuminate\\Database\\Connection->runQueryCallback()
#3 /opt/lampp/htdocs/wireless/vendor/laravel/framework/src/Illuminate/Database/Connection.php(407): Illuminate\\Database\\Connection->run()
#4 /opt/lampp/htdocs/wireless/vendor/laravel/framework/src/Illuminate/Database/Query/Builder.php(2751): Illuminate\\Database\\Connection->select()
#5 /opt/lampp/htdocs/wireless/vendor/laravel/framework/src/Illuminate/Database/Query/Builder.php(2740): Illuminate\\Database\\Query\\Builder->runSelect()
#6 /opt/lampp/htdocs/wireless/vendor/laravel/framework/src/Illuminate/Database/Query/Builder.php(3294): Illuminate\\Database\\Query\\Builder->Illuminate\\Database\\Query\\{closure}()
#7 /opt/lampp/htdocs/wireless/vendor/laravel/framework/src/Illuminate/Database/Query/Builder.php(2739): Illuminate\\Database\\Query\\Builder->onceWithColumns()
#8 /opt/lampp/htdocs/wireless/vendor/laravel/framework/src/Illuminate/Database/Eloquent/Builder.php(737): Illuminate\\Database\\Query\\Builder->get()
#9 /opt/lampp/htdocs/wireless/vendor/laravel/framework/src/Illuminate/Database/Eloquent/Builder.php(721): Illuminate\\Database\\Eloquent\\Builder->getModels()
#10 /opt/lampp/htdocs/wireless/vendor/laravel/framework/src/Illuminate/Database/Concerns/BuildsQueries.php(333): Illuminate\\Database\\Eloquent\\Builder->get()
#11 /opt/lampp/htdocs/wireless/app/Models/TextWidget.php(35): Illuminate\\Database\\Eloquent\\Builder->first()
#12 /opt/lampp/htdocs/wireless/vendor/laravel/framework/src/Illuminate/Collections/helpers.php(224): App\\Models\\TextWidget::App\\Models\\{closure}()
#13 /opt/lampp/htdocs/wireless/vendor/laravel/framework/src/Illuminate/Cache/Repository.php(107): value()
#14 /opt/lampp/htdocs/wireless/vendor/laravel/framework/src/Illuminate/Cache/CacheManager.php(429): Illuminate\\Cache\\Repository->get()
#15 /opt/lampp/htdocs/wireless/vendor/laravel/framework/src/Illuminate/Support/Facades/Facade.php(355): Illuminate\\Cache\\CacheManager->__call()
#16 /opt/lampp/htdocs/wireless/app/Models/TextWidget.php(34): Illuminate\\Support\\Facades\\Facade::__callStatic()
#17 /opt/lampp/htdocs/wireless/storage/framework/views/4918ade9d894dbbdc113be650a0f2910.php(405): App\\Models\\TextWidget::getContent()
#18 /opt/lampp/htdocs/wireless/vendor/laravel/framework/src/Illuminate/Filesystem/Filesystem.php(124): require('...')
#19 /opt/lampp/htdocs/wireless/vendor/laravel/framework/src/Illuminate/Filesystem/Filesystem.php(125): Illuminate\\Filesystem\\Filesystem::Illuminate\\Filesystem\\{closure}()
#20 /opt/lampp/htdocs/wireless/vendor/laravel/framework/src/Illuminate/View/Engines/PhpEngine.php(58): Illuminate\\Filesystem\\Filesystem->getRequire()
#21 /opt/lampp/htdocs/wireless/vendor/livewire/livewire/src/Mechanisms/ExtendBlade/ExtendedCompilerEngine.php(22): Illuminate\\View\\Engines\\PhpEngine->evaluatePath()
#22 /opt/lampp/htdocs/wireless/vendor/laravel/framework/src/Illuminate/View/Engines/CompilerEngine.php(72): Livewire\\Mechanisms\\ExtendBlade\\ExtendedCompilerEngine->evaluatePath()
#23 /opt/lampp/htdocs/wireless/vendor/livewire/livewire/src/Mechanisms/ExtendBlade/ExtendedCompilerEngine.php(10): Illuminate\\View\\Engines\\CompilerEngine->get()
#24 /opt/lampp/htdocs/wireless/vendor/laravel/framework/src/Illuminate/View/View.php(207): Livewire\\Mechanisms\\ExtendBlade\\ExtendedCompilerEngine->get()
#25 /opt/lampp/htdocs/wireless/vendor/laravel/framework/src/Illuminate/View/View.php(190): Illuminate\\View\\View->getContents()
#26 /opt/lampp/htdocs/wireless/vendor/laravel/framework/src/Illuminate/View/View.php(159): Illuminate\\View\\View->renderContents()
#27 /opt/lampp/htdocs/wireless/vendor/laravel/framework/src/Illuminate/View/Concerns/ManagesComponents.php(99): Illuminate\\View\\View->render()
#28 /opt/lampp/htdocs/wireless/storage/framework/views/6c98e84b92353b4122cb1cc648a9d157.php(45): Illuminate\\View\\Factory->renderComponent()
#29 /opt/lampp/htdocs/wireless/vendor/laravel/framework/src/Illuminate/Filesystem/Filesystem.php(124): require('...')
#30 /opt/lampp/htdocs/wireless/vendor/laravel/framework/src/Illuminate/Filesystem/Filesystem.php(125): Illuminate\\Filesystem\\Filesystem::Illuminate\\Filesystem\\{closure}()
#31 /opt/lampp/htdocs/wireless/vendor/laravel/framework/src/Illuminate/View/Engines/PhpEngine.php(58): Illuminate\\Filesystem\\Filesystem->getRequire()
#32 /opt/lampp/htdocs/wireless/vendor/livewire/livewire/src/Mechanisms/ExtendBlade/ExtendedCompilerEngine.php(22): Illuminate\\View\\Engines\\PhpEngine->evaluatePath()
#33 /opt/lampp/htdocs/wireless/vendor/laravel/framework/src/Illuminate/View/Engines/CompilerEngine.php(72): Livewire\\Mechanisms\\ExtendBlade\\ExtendedCompilerEngine->evaluatePath()
#34 /opt/lampp/htdocs/wireless/vendor/livewire/livewire/src/Mechanisms/ExtendBlade/ExtendedCompilerEngine.php(10): Illuminate\\View\\Engines\\CompilerEngine->get()
#35 /opt/lampp/htdocs/wireless/vendor/laravel/framework/src/Illuminate/View/View.php(207): Livewire\\Mechanisms\\ExtendBlade\\ExtendedCompilerEngine->get()
#36 /opt/lampp/htdocs/wireless/vendor/laravel/framework/src/Illuminate/View/View.php(190): Illuminate\\View\\View->getContents()
#37 /opt/lampp/htdocs/wireless/vendor/laravel/framework/src/Illuminate/View/View.php(159): Illuminate\\View\\View->renderContents()
#38 /opt/lampp/htdocs/wireless/vendor/laravel/framework/src/Illuminate/Http/Response.php(69): Illuminate\\View\\View->render()
#39 /opt/lampp/htdocs/wireless/vendor/laravel/framework/src/Illuminate/Http/Response.php(35): Illuminate\\Http\\Response->setContent()
#40 /opt/lampp/htdocs/wireless/vendor/laravel/framework/src/Illuminate/Routing/ResponseFactory.php(57): Illuminate\\Http\\Response->__construct()
#41 /opt/lampp/htdocs/wireless/vendor/laravel/framework/src/Illuminate/Routing/ResponseFactory.php(87): Illuminate\\Routing\\ResponseFactory->make()
#42 /opt/lampp/htdocs/wireless/vendor/laravel/framework/src/Illuminate/Foundation/Exceptions/Handler.php(723): Illuminate\\Routing\\ResponseFactory->view()
#43 /opt/lampp/htdocs/wireless/vendor/laravel/framework/src/Illuminate/Foundation/Exceptions/Handler.php(650): Illuminate\\Foundation\\Exceptions\\Handler->renderHttpException()
#44 /opt/lampp/htdocs/wireless/vendor/laravel/framework/src/Illuminate/Foundation/Exceptions/Handler.php(556): Illuminate\\Foundation\\Exceptions\\Handler->prepareResponse()
#45 /opt/lampp/htdocs/wireless/vendor/laravel/framework/src/Illuminate/Foundation/Exceptions/Handler.php(473): Illuminate\\Foundation\\Exceptions\\Handler->renderExceptionResponse()
#46 /opt/lampp/htdocs/wireless/vendor/laravel/framework/src/Illuminate/Routing/Pipeline.php(51): Illuminate\\Foundation\\Exceptions\\Handler->render()
#47 /opt/lampp/htdocs/wireless/vendor/laravel/framework/src/Illuminate/Pipeline/Pipeline.php(188): Illuminate\\Routing\\Pipeline->handleException()
#48 /opt/lampp/htdocs/wireless/vendor/laravel/framework/src/Illuminate/Pipeline/Pipeline.php(119): Illuminate\\Pipeline\\Pipeline->Illuminate\\Pipeline\\{closure}()
#49 /opt/lampp/htdocs/wireless/vendor/laravel/framework/src/Illuminate/Routing/Router.php(805): Illuminate\\Pipeline\\Pipeline->then()
#50 /opt/lampp/htdocs/wireless/vendor/laravel/framework/src/Illuminate/Routing/Router.php(784): Illuminate\\Routing\\Router->runRouteWithinStack()
#51 /opt/lampp/htdocs/wireless/vendor/laravel/framework/src/Illuminate/Routing/Router.php(748): Illuminate\\Routing\\Router->runRoute()
#52 /opt/lampp/htdocs/wireless/vendor/laravel/framework/src/Illuminate/Routing/Router.php(737): Illuminate\\Routing\\Router->dispatchToRoute()
#53 /opt/lampp/htdocs/wireless/vendor/laravel/framework/src/Illuminate/Foundation/Http/Kernel.php(200): Illuminate\\Routing\\Router->dispatch()
#54 /opt/lampp/htdocs/wireless/vendor/laravel/framework/src/Illuminate/Pipeline/Pipeline.php(144): Illuminate\\Foundation\\Http\\Kernel->Illuminate\\Foundation\\Http\\{closure}()
#55 /opt/lampp/htdocs/wireless/vendor/livewire/livewire/src/Features/SupportDisablingBackButtonCache/DisableBackButtonCacheMiddleware.php(19): Illuminate\\Pipeline\\Pipeline->Illuminate\\Pipeline\\{closure}()
#56 /opt/lampp/htdocs/wireless/vendor/laravel/framework/src/Illuminate/Pipeline/Pipeline.php(183): Livewire\\Features\\SupportDisablingBackButtonCache\\DisableBackButtonCacheMiddleware->handle()
#57 /opt/lampp/htdocs/wireless/vendor/laravel/framework/src/Illuminate/Foundation/Http/Middleware/TransformsRequest.php(21): Illuminate\\Pipeline\\Pipeline->Illuminate\\Pipeline\\{closure}()
#58 /opt/lampp/htdocs/wireless/vendor/laravel/framework/src/Illuminate/Foundation/Http/Middleware/ConvertEmptyStringsToNull.php(31): Illuminate\\Foundation\\Http\\Middleware\\TransformsRequest->handle()
#59 /opt/lampp/htdocs/wireless/vendor/laravel/framework/src/Illuminate/Pipeline/Pipeline.php(183): Illuminate\\Foundation\\Http\\Middleware\\ConvertEmptyStringsToNull->handle()
#60 /opt/lampp/htdocs/wireless/vendor/laravel/framework/src/Illuminate/Foundation/Http/Middleware/TransformsRequest.php(21): Illuminate\\Pipeline\\Pipeline->Illuminate\\Pipeline\\{closure}()
#61 /opt/lampp/htdocs/wireless/vendor/laravel/framework/src/Illuminate/Foundation/Http/Middleware/TrimStrings.php(40): Illuminate\\Foundation\\Http\\Middleware\\TransformsRequest->handle()
#62 /opt/lampp/htdocs/wireless/vendor/laravel/framework/src/Illuminate/Pipeline/Pipeline.php(183): Illuminate\\Foundation\\Http\\Middleware\\TrimStrings->handle()
#63 /opt/lampp/htdocs/wireless/vendor/laravel/framework/src/Illuminate/Foundation/Http/Middleware/ValidatePostSize.php(27): Illuminate\\Pipeline\\Pipeline->Illuminate\\Pipeline\\{closure}()
#64 /opt/lampp/htdocs/wireless/vendor/laravel/framework/src/Illuminate/Pipeline/Pipeline.php(183): Illuminate\\Foundation\\Http\\Middleware\\ValidatePostSize->handle()
#65 /opt/lampp/htdocs/wireless/vendor/laravel/framework/src/Illuminate/Foundation/Http/Middleware/PreventRequestsDuringMaintenance.php(99): Illuminate\\Pipeline\\Pipeline->Illuminate\\Pipeline\\{closure}()
#66 /opt/lampp/htdocs/wireless/vendor/laravel/framework/src/Illuminate/Pipeline/Pipeline.php(183): Illuminate\\Foundation\\Http\\Middleware\\PreventRequestsDuringMaintenance->handle()
#67 /opt/lampp/htdocs/wireless/vendor/laravel/framework/src/Illuminate/Http/Middleware/HandleCors.php(49): Illuminate\\Pipeline\\Pipeline->Illuminate\\Pipeline\\{closure}()
#68 /opt/lampp/htdocs/wireless/vendor/laravel/framework/src/Illuminate/Pipeline/Pipeline.php(183): Illuminate\\Http\\Middleware\\HandleCors->handle()
#69 /opt/lampp/htdocs/wireless/vendor/laravel/framework/src/Illuminate/Http/Middleware/TrustProxies.php(39): Illuminate\\Pipeline\\Pipeline->Illuminate\\Pipeline\\{closure}()
#70 /opt/lampp/htdocs/wireless/vendor/laravel/framework/src/Illuminate/Pipeline/Pipeline.php(183): Illuminate\\Http\\Middleware\\TrustProxies->handle()
#71 /opt/lampp/htdocs/wireless/vendor/laravel/framework/src/Illuminate/Pipeline/Pipeline.php(119): Illuminate\\Pipeline\\Pipeline->Illuminate\\Pipeline\\{closure}()
#72 /opt/lampp/htdocs/wireless/vendor/laravel/framework/src/Illuminate/Foundation/Http/Kernel.php(175): Illuminate\\Pipeline\\Pipeline->then()
#73 /opt/lampp/htdocs/wireless/vendor/laravel/framework/src/Illuminate/Foundation/Http/Kernel.php(144): Illuminate\\Foundation\\Http\\Kernel->sendRequestThroughRouter()
#74 /opt/lampp/htdocs/wireless/public/index.php(51): Illuminate\\Foundation\\Http\\Kernel->handle()
#75 /opt/lampp/htdocs/wireless/vendor/laravel/framework/src/Illuminate/Foundation/resources/server.php(16): require_once('...')
#76 {main}
"} 
[2026-03-06 13:56:55] production.ERROR: SQLSTATE[HY000]: General error: 1364 Field 'id' doesn't have a default value (Connection: mysql, SQL: insert into `migrations` (`migration`, `batch`) values (2026_03_06_150000_add_active_column_to_posts_table_if_missing, 25)) {"exception":"[object] (Illuminate\\Database\\QueryException(code: HY000): SQLSTATE[HY000]: General error: 1364 Field 'id' doesn't have a default value (Connection: mysql, SQL: insert into `migrations` (`migration`, `batch`) values (2026_03_06_150000_add_active_column_to_posts_table_if_missing, 25)) at /opt/lampp/htdocs/wireless/vendor/laravel/framework/src/Illuminate/Database/Connection.php:822)
[stacktrace]
#0 /opt/lampp/htdocs/wireless/vendor/laravel/framework/src/Illuminate/Database/Connection.php(776): Illuminate\\Database\\Connection->runQueryCallback()
#1 /opt/lampp/htdocs/wireless/vendor/laravel/framework/src/Illuminate/Database/Connection.php(569): Illuminate\\Database\\Connection->run()
#2 /opt/lampp/htdocs/wireless/vendor/laravel/framework/src/Illuminate/Database/Connection.php(533): Illuminate\\Database\\Connection->statement()
#3 /opt/lampp/htdocs/wireless/vendor/laravel/framework/src/Illuminate/Database/Query/Builder.php(3336): Illuminate\\Database\\Connection->insert()
#4 /opt/lampp/htdocs/wireless/vendor/laravel/framework/src/Illuminate/Database/Migrations/DatabaseMigrationRepository.php(122): Illuminate\\Database\\Query\\Builder->insert()
#5 /opt/lampp/htdocs/wireless/vendor/laravel/framework/src/Illuminate/Database/Migrations/Migrator.php(221): Illuminate\\Database\\Migrations\\DatabaseMigrationRepository->log()
#6 /opt/lampp/htdocs/wireless/vendor/laravel/framework/src/Illuminate/Database/Migrations/Migrator.php(181): Illuminate\\Database\\Migrations\\Migrator->runUp()
#7 /opt/lampp/htdocs/wireless/vendor/laravel/framework/src/Illuminate/Database/Migrations/Migrator.php(124): Illuminate\\Database\\Migrations\\Migrator->runPending()
#8 /opt/lampp/htdocs/wireless/vendor/laravel/framework/src/Illuminate/Database/Console/Migrations/MigrateCommand.php(90): Illuminate\\Database\\Migrations\\Migrator->run()
#9 /opt/lampp/htdocs/wireless/vendor/laravel/framework/src/Illuminate/Database/Migrations/Migrator.php(633): Illuminate\\Database\\Console\\Migrations\\MigrateCommand->Illuminate\\Database\\Console\\Migrations\\{closure}()
#10 /opt/lampp/htdocs/wireless/vendor/laravel/framework/src/Illuminate/Database/Console/Migrations/MigrateCommand.php(83): Illuminate\\Database\\Migrations\\Migrator->usingConnection()
#11 /opt/lampp/htdocs/wireless/vendor/laravel/framework/src/Illuminate/Container/BoundMethod.php(36): Illuminate\\Database\\Console\\Migrations\\MigrateCommand->handle()
#12 /opt/lampp/htdocs/wireless/vendor/laravel/framework/src/Illuminate/Container/Util.php(41): Illuminate\\Container\\BoundMethod::Illuminate\\Container\\{closure}()
#13 /opt/lampp/htdocs/wireless/vendor/laravel/framework/src/Illuminate/Container/BoundMethod.php(93): Illuminate\\Container\\Util::unwrapIfClosure()
#14 /opt/lampp/htdocs/wireless/vendor/laravel/framework/src/Illuminate/Container/BoundMethod.php(35): Illuminate\\Container\\BoundMethod::callBoundMethod()
#15 /opt/lampp/htdocs/wireless/vendor/laravel/framework/src/Illuminate/Container/Container.php(662): Illuminate\\Container\\BoundMethod::call()
#16 /opt/lampp/htdocs/wireless/vendor/laravel/framework/src/Illuminate/Console/Command.php(211): Illuminate\\Container\\Container->call()
#17 /opt/lampp/htdocs/wireless/vendor/symfony/console/Command/Command.php(326): Illuminate\\Console\\Command->execute()
#18 /opt/lampp/htdocs/wireless/vendor/laravel/framework/src/Illuminate/Console/Command.php(180): Symfony\\Component\\Console\\Command\\Command->run()
#19 /opt/lampp/htdocs/wireless/vendor/symfony/console/Application.php(1096): Illuminate\\Console\\Command->run()
#20 /opt/lampp/htdocs/wireless/vendor/symfony/console/Application.php(324): Symfony\\Component\\Console\\Application->doRunCommand()
#21 /opt/lampp/htdocs/wireless/vendor/symfony/console/Application.php(175): Symfony\\Component\\Console\\Application->doRun()
#22 /opt/lampp/htdocs/wireless/vendor/laravel/framework/src/Illuminate/Foundation/Console/Kernel.php(201): Symfony\\Component\\Console\\Application->run()
#23 /opt/lampp/htdocs/wireless/artisan(35): Illuminate\\Foundation\\Console\\Kernel->handle()
#24 {main}

[previous exception] [object] (PDOException(code: HY000): SQLSTATE[HY000]: General error: 1364 Field 'id' doesn't have a default value at /opt/lampp/htdocs/wireless/vendor/laravel/framework/src/Illuminate/Database/Connection.php:580)
[stacktrace]
#0 /opt/lampp/htdocs/wireless/vendor/laravel/framework/src/Illuminate/Database/Connection.php(580): PDOStatement->execute()
#1 /opt/lampp/htdocs/wireless/vendor/laravel/framework/src/Illuminate/Database/Connection.php(809): Illuminate\\Database\\Connection->Illuminate\\Database\\{closure}()
#2 /opt/lampp/htdocs/wireless/vendor/laravel/framework/src/Illuminate/Database/Connection.php(776): Illuminate\\Database\\Connection->runQueryCallback()
#3 /opt/lampp/htdocs/wireless/vendor/laravel/framework/src/Illuminate/Database/Connection.php(569): Illuminate\\Database\\Connection->run()
#4 /opt/lampp/htdocs/wireless/vendor/laravel/framework/src/Illuminate/Database/Connection.php(533): Illuminate\\Database\\Connection->statement()
#5 /opt/lampp/htdocs/wireless/vendor/laravel/framework/src/Illuminate/Database/Query/Builder.php(3336): Illuminate\\Database\\Connection->insert()
#6 /opt/lampp/htdocs/wireless/vendor/laravel/framework/src/Illuminate/Database/Migrations/DatabaseMigrationRepository.php(122): Illuminate\\Database\\Query\\Builder->insert()
#7 /opt/lampp/htdocs/wireless/vendor/laravel/framework/src/Illuminate/Database/Migrations/Migrator.php(221): Illuminate\\Database\\Migrations\\DatabaseMigrationRepository->log()
#8 /opt/lampp/htdocs/wireless/vendor/laravel/framework/src/Illuminate/Database/Migrations/Migrator.php(181): Illuminate\\Database\\Migrations\\Migrator->runUp()
#9 /opt/lampp/htdocs/wireless/vendor/laravel/framework/src/Illuminate/Database/Migrations/Migrator.php(124): Illuminate\\Database\\Migrations\\Migrator->runPending()
#10 /opt/lampp/htdocs/wireless/vendor/laravel/framework/src/Illuminate/Database/Console/Migrations/MigrateCommand.php(90): Illuminate\\Database\\Migrations\\Migrator->run()
#11 /opt/lampp/htdocs/wireless/vendor/laravel/framework/src/Illuminate/Database/Migrations/Migrator.php(633): Illuminate\\Database\\Console\\Migrations\\MigrateCommand->Illuminate\\Database\\Console\\Migrations\\{closure}()
#12 /opt/lampp/htdocs/wireless/vendor/laravel/framework/src/Illuminate/Database/Console/Migrations/MigrateCommand.php(83): Illuminate\\Database\\Migrations\\Migrator->usingConnection()
#13 /opt/lampp/htdocs/wireless/vendor/laravel/framework/src/Illuminate/Container/BoundMethod.php(36): Illuminate\\Database\\Console\\Migrations\\MigrateCommand->handle()
#14 /opt/lampp/htdocs/wireless/vendor/laravel/framework/src/Illuminate/Container/Util.php(41): Illuminate\\Container\\BoundMethod::Illuminate\\Container\\{closure}()
#15 /opt/lampp/htdocs/wireless/vendor/laravel/framework/src/Illuminate/Container/BoundMethod.php(93): Illuminate\\Container\\Util::unwrapIfClosure()
#16 /opt/lampp/htdocs/wireless/vendor/laravel/framework/src/Illuminate/Container/BoundMethod.php(35): Illuminate\\Container\\BoundMethod::callBoundMethod()
#17 /opt/lampp/htdocs/wireless/vendor/laravel/framework/src/Illuminate/Container/Container.php(662): Illuminate\\Container\\BoundMethod::call()
#18 /opt/lampp/htdocs/wireless/vendor/laravel/framework/src/Illuminate/Console/Command.php(211): Illuminate\\Container\\Container->call()
#19 /opt/lampp/htdocs/wireless/vendor/symfony/console/Command/Command.php(326): Illuminate\\Console\\Command->execute()
#20 /opt/lampp/htdocs/wireless/vendor/laravel/framework/src/Illuminate/Console/Command.php(180): Symfony\\Component\\Console\\Command\\Command->run()
#21 /opt/lampp/htdocs/wireless/vendor/symfony/console/Application.php(1096): Illuminate\\Console\\Command->run()
#22 /opt/lampp/htdocs/wireless/vendor/symfony/console/Application.php(324): Symfony\\Component\\Console\\Application->doRunCommand()
#23 /opt/lampp/htdocs/wireless/vendor/symfony/console/Application.php(175): Symfony\\Component\\Console\\Application->doRun()
#24 /opt/lampp/htdocs/wireless/vendor/laravel/framework/src/Illuminate/Foundation/Console/Kernel.php(201): Symfony\\Component\\Console\\Application->run()
#25 /opt/lampp/htdocs/wireless/artisan(35): Illuminate\\Foundation\\Console\\Kernel->handle()
#26 {main}
"} 
